invoice_id,job_id,customer_id,invoice_date,invoice_amount,payment_status,days_to_pay,paid_date
700001,917121,88,2025-01-20,588.06,Paid,21,2025-02-10
700002,917483,261,2025-01-20,247.14,Paid,24,2025-02-13
700003,916935,8,2025-01-24,249.83,Paid,8,2025-02-01
700004,917325,179,2025-01-29,911.08,Paid,17,2025-02-15
700005,917166,107,2025-01-29,311.22,Paid,0,2025-01-29
700006,917270,158,2025-02-01,2601.39,Paid,15,2025-02-16
700007,917247,145,2025-02-03,6052.34,Paid,4,2025-02-07
700008,917493,267,2025-02-04,585.25,Paid,7,2025-02-11
700009,917379,207,2025-02-04,833.3,Paid,31,2025-03-07
700010,902378,55,2025-02-06,166.01,Paid,12,2025-02-18
700011,910807,266,2025-02-05,94.12,Paid,10,2025-02-15
700012,910053,245,2025-02-05,123.46,Paid,0,2025-02-05
700013,910496,254,2025-02-05,109.52,Paid,19,2025-02-24
700014,911117,275,2025-02-06,89.81,Paid,0,2025-02-06
700015,900442,11,2025-02-06,93.81,Paid,8,2025-02-14
700016,913337,339,2025-02-07,95.27,Paid,0,2025-02-07
700017,907832,192,2025-02-05,188.78,Paid,11,2025-02-16
700018,906090,153,2025-02-05,128.86,Paid,4,2025-02-09
700019,900509,13,2025-02-07,91.51,Paid,3,2025-02-10
700020,905977,150,2025-02-06,97.65,Paid,0,2025-02-06
700021,912519,316,2025-02-08,172.9,Paid,7,2025-02-15
700022,912866,328,2025-02-07,104.02,Paid,31,2025-03-10
700023,907126,178,2025-02-07,90.31,Paid,0,2025-02-07
700024,906383,163,2025-02-06,122.72,Paid,0,2025-02-06
700025,913575,343,2025-02-06,120.16,Paid,13,2025-02-19
700026,914706,370,2025-02-06,122.28,Paid,0,2025-02-06
700027,916168,403,2025-02-07,125.74,Paid,11,2025-02-18
700028,903209,81,2025-02-08,152.55,Paid,24,2025-03-04
700029,913166,334,2025-02-08,91.73,Paid,0,2025-02-08
700030,901631,39,2025-02-08,92.1,Paid,0,2025-02-08
700031,916439,410,2025-02-06,149.58,Paid,16,2025-02-22
700032,904680,119,2025-02-07,97.69,Paid,0,2025-02-07
700033,911490,287,2025-02-08,92.28,Paid,1,2025-02-09
700034,916852,419,2025-02-08,127.95,Paid,9,2025-02-17
700035,911998,302,2025-02-08,182.42,Paid,13,2025-02-21
700036,901527,37,2025-02-08,115.71,Paid,19,2025-02-27
700037,905940,149,2025-02-08,93.18,Paid,0,2025-02-08
700038,915585,389,2025-02-09,89.28,Paid,0,2025-02-09
700039,904783,121,2025-02-08,117.93,Paid,21,2025-03-01
700040,908540,205,2025-02-08,131.41,Paid,12,2025-02-20
700041,911659,290,2025-02-09,98.23,Paid,9,2025-02-18
700042,916918,420,2025-02-09,120.91,Paid,1,2025-02-10
700043,902075,48,2025-02-07,93.42,Paid,7,2025-02-14
700044,900547,14,2025-02-09,120.8,Paid,9,2025-02-18
700045,906450,164,2025-02-07,101.27,Paid,11,2025-02-18
700046,906554,166,2025-02-09,86.43,Paid,14,2025-02-23
700047,905234,135,2025-02-08,89.56,Paid,24,2025-03-04
700048,912415,313,2025-02-10,183.62,Paid,0,2025-02-10
700049,901840,43,2025-02-09,100.35,Paid,0,2025-02-09
700050,904643,118,2025-02-09,104.0,Paid,10,2025-02-19
700051,905121,129,2025-02-08,117.9,Paid,4,2025-02-12
700052,900057,1,2025-02-10,103.69,Paid,2,2025-02-12
700053,908923,213,2025-02-08,185.53,Paid,3,2025-02-11
700054,908680,208,2025-02-09,194.54,Paid,0,2025-02-09
700055,908821,211,2025-02-08,124.07,Paid,33,2025-03-13
700056,906760,171,2025-02-10,137.08,Paid,15,2025-02-25
700057,913745,348,2025-02-09,86.81,Paid,0,2025-02-09
700058,907361,182,2025-02-08,93.76,Paid,0,2025-02-08
700059,909159,221,2025-02-10,187.76,Paid,4,2025-02-14
700060,905603,143,2025-02-09,95.23,Paid,14,2025-02-23
700061,902312,54,2025-02-11,96.16,Paid,14,2025-02-25
700062,910911,268,2025-02-11,94.76,Paid,2,2025-02-13
700063,910090,246,2025-02-10,116.31,Paid,17,2025-02-27
700064,909715,234,2025-02-11,87.84,Paid,13,2025-02-24
700065,911593,289,2025-02-11,95.59,Paid,3,2025-02-14
700066,915953,397,2025-02-10,94.36,Paid,0,2025-02-10
700067,912168,306,2025-02-09,99.83,Paid,5,2025-02-14
700068,901188,30,2025-02-10,99.96,Paid,4,2025-02-14
700069,912282,309,2025-02-10,88.21,Paid,6,2025-02-16
700070,913952,352,2025-02-10,182.39,Paid,9,2025-02-19
700071,909508,230,2025-02-10,186.04,Paid,0,2025-02-10
700072,913812,349,2025-02-10,174.5,Paid,10,2025-02-20
700073,907398,183,2025-02-09,121.22,Paid,18,2025-02-27
700074,906995,176,2025-02-11,128.99,Paid,3,2025-02-14
700075,900132,3,2025-02-10,134.96,Paid,14,2025-02-24
700076,915481,387,2025-02-10,120.3,Paid,10,2025-02-20
700077,906656,169,2025-02-10,109.85,Paid,13,2025-02-23
700078,915415,386,2025-02-10,87.6,Paid,4,2025-02-14
700079,917160,105,2025-02-09,544.56,Paid,13,2025-02-22
700080,913471,341,2025-02-12,94.13,Paid,1,2025-02-13
700081,911080,274,2025-02-11,127.32,Paid,5,2025-02-16
700082,915095,378,2025-02-10,175.92,Paid,7,2025-02-17
700083,904227,107,2025-02-11,78.93,Paid,20,2025-03-03
700084,903417,86,2025-02-11,90.85,Paid,0,2025-02-11
700085,907531,186,2025-02-12,97.48,Paid,11,2025-02-23
700086,901971,45,2025-02-12,90.82,Paid,4,2025-02-16
700087,915199,381,2025-02-10,132.72,Paid,25,2025-03-07
700088,911323,282,2025-02-12,185.29,Paid,8,2025-02-20
700089,913063,331,2025-02-12,93.7,Paid,0,2025-02-12
700090,902481,58,2025-02-10,122.14,Paid,24,2025-03-06
700091,908989,215,2025-02-12,185.89,Paid,13,2025-02-25
700092,914359,361,2025-02-12,93.04,Paid,0,2025-02-12
700093,907060,177,2025-02-11,90.95,Paid,5,2025-02-16
700094,901254,31,2025-02-10,178.19,Paid,22,2025-03-04
700095,908754,210,2025-02-12,97.98,Paid,13,2025-02-25
700096,914849,373,2025-02-11,91.77,Paid,6,2025-02-17
700097,907870,193,2025-02-12,96.92,Paid,18,2025-03-02
700098,911726,293,2025-02-11,88.59,Paid,9,2025-02-20
700099,914887,374,2025-02-12,122.6,Paid,3,2025-02-15
700100,901084,28,2025-02-12,98.28,Paid,17,2025-03-01
700101,909611,232,2025-02-10,95.49,Paid,16,2025-02-26
700102,901735,41,2025-02-12,88.39,Paid,12,2025-02-24
700103,902831,69,2025-02-11,87.49,Paid,4,2025-02-15
700104,903588,92,2025-02-12,122.65,Paid,0,2025-02-12
700105,908858,212,2025-02-13,112.17,Paid,6,2025-02-19
700106,912998,330,2025-02-12,89.41,Paid,0,2025-02-12
700107,906345,161,2025-02-11,100.81,Paid,7,2025-02-18
700108,901565,38,2025-02-11,87.99,Paid,3,2025-02-14
700109,905159,132,2025-02-12,94.34,Paid,10,2025-02-22
700110,909225,222,2025-02-11,119.77,Paid,12,2025-02-23
700111,904887,123,2025-02-12,93.38,Paid,5,2025-02-17
700112,905705,145,2025-02-11,178.33,Paid,0,2025-02-11
700113,901150,29,2025-02-13,155.92,Paid,11,2025-02-24
700114,916712,416,2025-02-13,115.74,Paid,3,2025-02-16
700115,914018,353,2025-02-13,103.46,Paid,0,2025-02-13
700116,914093,355,2025-02-12,86.22,Paid,12,2025-02-24
700117,910742,262,2025-02-12,106.97,Paid,15,2025-02-27
700118,903521,88,2025-02-13,126.1,Paid,15,2025-02-28
700119,903862,99,2025-02-11,122.33,Paid,13,2025-02-24
700120,904539,115,2025-02-13,116.23,Paid,31,2025-03-16
700121,910015,242,2025-02-13,133.53,Paid,11,2025-02-24
700122,916543,412,2025-02-14,114.81,Paid,2,2025-02-16
700123,907296,181,2025-02-13,85.48,Paid,5,2025-02-18
700124,912800,324,2025-02-14,97.93,Paid,0,2025-02-14
700125,902765,66,2025-02-12,126.87,Paid,4,2025-02-16
700126,909301,226,2025-02-12,118.07,Paid,6,2025-02-18
700127,909780,235,2025-02-12,102.36,Paid,0,2025-02-12
700128,903483,87,2025-02-14,92.58,Paid,0,2025-02-14
700129,906619,167,2025-02-14,100.15,Paid,0,2025-02-14
700130,906232,157,2025-02-13,95.86,Paid,0,2025-02-13
700131,908200,198,2025-02-14,177.13,Paid,11,2025-02-25
700132,900952,25,2025-02-13,117.76,Paid,14,2025-02-27
700133,917324,178,2025-02-12,387.16,Paid,9,2025-02-21
700134,916609,413,2025-02-12,118.3,Paid,9,2025-02-21
700135,900338,9,2025-02-13,91.98,Paid,3,2025-02-16
700136,908342,201,2025-02-12,92.31,Paid,14,2025-02-26
700137,914055,354,2025-02-14,94.77,Paid,13,2025-02-27
700138,902594,62,2025-02-14,120.59,Paid,15,2025-03-01
700139,911933,299,2025-02-13,92.76,Paid,21,2025-03-06
700140,908068,196,2025-02-14,101.29,Paid,9,2025-02-23
700141,904577,116,2025-02-14,95.63,Paid,4,2025-02-18
700142,914782,372,2025-02-13,180.44,Paid,2,2025-02-15
700143,902141,51,2025-02-14,104.73,Paid,30,2025-03-16
700144,910572,256,2025-02-14,91.68,Paid,5,2025-02-19
700145,905771,146,2025-02-14,93.4,Paid,14,2025-02-28
700146,914963,376,2025-02-13,133.07,Paid,13,2025-02-26
700147,905668,144,2025-02-15,92.69,Paid,0,2025-02-15
700148,900886,22,2025-02-14,118.05,Paid,34,2025-03-20
700149,910128,247,2025-02-13,107.22,Paid,3,2025-02-16
700150,913128,333,2025-02-13,129.97,Paid,10,2025-02-23
700151,901018,27,2025-02-13,139.18,Paid,11,2025-02-24
700152,909913,238,2025-02-15,91.17,Paid,4,2025-02-19
700153,900745,18,2025-02-13,101.39,Paid,5,2025-02-18
700154,912659,320,2025-02-13,128.3,Paid,12,2025-02-25
700155,914160,356,2025-02-13,122.49,Paid,7,2025-02-20
700156,906269,158,2025-02-13,118.34,Paid,14,2025-02-27
700157,914293,359,2025-02-14,124.98,Paid,3,2025-02-17
700158,903351,85,2025-02-15,128.69,Paid,13,2025-02-28
700159,911043,270,2025-02-14,95.22,Paid,12,2025-02-26
700160,901357,34,2025-02-13,110.03,Paid,13,2025-02-26
700161,906015,151,2025-02-15,98.26,Paid,0,2025-02-15
700162,912206,307,2025-02-14,97.67,Paid,0,2025-02-14
700163,908304,200,2025-02-14,108.94,Paid,25,2025-03-11
700164,908408,203,2025-02-14,120.68,Paid,0,2025-02-14
700165,916056,399,2025-02-15,90.73,Paid,8,2025-02-23
700166,912556,317,2025-02-15,115.15,Paid,14,2025-03-01
700167,914630,367,2025-02-14,88.28,Paid,12,2025-02-26
700168,904474,114,2025-02-14,109.68,Paid,24,2025-03-10
700169,902208,52,2025-02-14,189.7,Paid,0,2025-02-14
700170,900197,4,2025-02-15,131.35,Paid,15,2025-03-02
700171,906128,155,2025-02-16,97.02,Paid,6,2025-02-22
700172,903105,77,2025-02-14,110.93,Paid,25,2025-03-11
700173,911221,280,2025-02-14,83.1,Paid,6,2025-02-20
700174,912101,304,2025-02-16,150.13,Paid,25,2025-03-13
700175,912762,323,2025-02-15,113.42,Paid,38,2025-03-25
700176,903692,96,2025-02-14,98.9,Paid,10,2025-02-24
700177,916131,402,2025-02-16,110.23,Paid,16,2025-03-04
700178,914227,357,2025-02-16,120.31,Paid,8,2025-02-24
700179,911286,281,2025-02-16,88.81,Paid,9,2025-02-25
700180,914462,363,2025-02-14,87.88,Paid,3,2025-02-17
700181,902518,60,2025-02-15,95.22,Paid,7,2025-02-22
700182,903247,83,2025-02-16,96.64,Paid,0,2025-02-16
700183,904821,122,2025-02-16,139.62,Paid,16,2025-03-04
700184,917585,312,2025-02-15,6935.27,Paid,18,2025-03-05
700185,905837,147,2025-02-14,94.03,Paid,9,2025-02-23
700186,901906,44,2025-02-16,98.05,Paid,12,2025-02-28
700187,903285,84,2025-02-17,94.56,Paid,11,2025-02-28
700188,902275,53,2025-02-16,139.89,Paid,24,2025-03-12
700189,906052,152,2025-02-17,97.11,Paid,4,2025-02-21
700190,905301,137,2025-02-16,132.39,Paid,7,2025-02-23
700191,903928,100,2025-02-17,188.12,Paid,6,2025-02-23
700192,905472,140,2025-02-17,85.34,Paid,0,2025-02-17
700193,907729,190,2025-02-15,165.03,Paid,24,2025-03-11
700194,910193,248,2025-02-15,181.91,Paid,20,2025-03-07
700195,904745,120,2025-02-16,129.25,Paid,0,2025-02-16
700196,900095,2,2025-02-15,92.67,Paid,18,2025-03-05
700197,901489,36,2025-02-16,138.71,Paid,0,2025-02-16
700198,902037,47,2025-02-17,107.09,Paid,3,2025-02-20
700199,910534,255,2025-02-17,90.02,Paid,20,2025-03-09
700200,904096,104,2025-02-15,98.96,Paid,8,2025-02-23
700201,915312,384,2025-02-15,112.01,Paid,24,2025-03-11
700202,910977,269,2025-02-16,95.63,Paid,12,2025-02-28
700203,913914,351,2025-02-16,97.63,Paid,2,2025-02-18
700204,915237,382,2025-02-15,119.27,Paid,30,2025-03-17
700205,905406,139,2025-02-16,90.84,Paid,16,2025-03-04
700206,901292,32,2025-02-15,99.12,Paid,0,2025-02-15
700207,915887,395,2025-02-15,89.89,Paid,3,2025-02-18
700208,917068,66,2025-02-16,880.33,Paid,10,2025-02-26
700209,905083,126,2025-02-16,128.31,Paid,19,2025-03-07
700210,905197,133,2025-02-16,84.52,Paid,18,2025-03-06
700211,905018,125,2025-02-18,122.96,Paid,0,2025-02-18
700212,910844,267,2025-02-16,173.43,Paid,18,2025-03-06
700213,910297,250,2025-02-17,125.49,Paid,6,2025-02-23
700214,902416,57,2025-02-16,110.38,Paid,21,2025-03-09
700215,902661,64,2025-02-16,134.56,Paid,6,2025-02-22
700216,916647,414,2025-02-17,96.79,Paid,13,2025-03-02
700217,911764,294,2025-02-17,149.64,Paid,13,2025-03-02
700218,904436,113,2025-02-16,98.88,Paid,5,2025-02-21
700219,900679,16,2025-02-16,96.38,Paid,6,2025-02-22
700220,916787,418,2025-02-16,97.85,Paid,3,2025-02-19
700221,903825,98,2025-02-18,86.25,Paid,2,2025-02-20
700222,908474,204,2025-02-16,96.69,Paid,9,2025-02-25
700223,901669,40,2025-02-17,89.86,Paid,14,2025-03-03
700224,914397,362,2025-02-18,101.16,Paid,1,2025-02-19
700225,909093,219,2025-02-17,116.31,Paid,24,2025-03-13
700226,907937,194,2025-02-16,95.8,Paid,19,2025-03-07
700227,916093,401,2025-02-18,95.23,Paid,10,2025-02-28
700228,913849,350,2025-02-17,96.98,Paid,2,2025-02-19
700229,908642,207,2025-02-18,117.35,Paid,25,2025-03-15
700230,906166,156,2025-02-16,85.68,Paid,21,2025-03-09
700231,911453,286,2025-02-18,89.24,Paid,9,2025-02-27
700232,903965,102,2025-02-17,115.45,Paid,16,2025-03-05
700233,908266,199,2025-02-17,129.25,Paid,27,2025-03-16
700234,909950,241,2025-02-17,94.24,Paid,0,2025-02-17
700235,910364,251,2025-02-19,94.03,Paid,15,2025-03-06
700236,916505,411,2025-02-19,178.27,Paid,0,2025-02-19
700237,906722,170,2025-02-19,126.17,Paid,0,2025-02-19
700238,917795,410,2025-02-18,844.76,Paid,35,2025-03-25
700239,911183,279,2025-02-18,87.26,Paid,16,2025-03-06
700240,909649,233,2025-02-17,119.43,Paid,0,2025-02-17
700241,915687,391,2025-02-18,116.97,Paid,15,2025-03-05
700242,904031,103,2025-02-17,124.8,Paid,5,2025-02-22
700243,904953,124,2025-02-18,122.54,Paid,13,2025-03-03
700244,902898,70,2025-02-19,110.55,Paid,41,2025-04-01
700245,912593,318,2025-02-18,97.24,Paid,1,2025-02-19
700246,907464,184,2025-02-17,120.55,Paid,14,2025-03-03
700247,910637,259,2025-02-18,188.88,Paid,0,2025-02-18
700248,913270,336,2025-02-17,136.18,Paid,0,2025-02-17
700249,909546,231,2025-02-19,130.43,Paid,4,2025-02-23
700250,904332,110,2025-02-17,124.1,Paid,33,2025-03-22
700251,917622,328,2025-02-18,482.89,Paid,22,2025-03-12
700252,911829,295,2025-02-18,116.03,Paid,23,2025-03-13
700253,913679,347,2025-02-20,92.5,Paid,1,2025-02-21
700254,900272,7,2025-02-19,94.52,Paid,5,2025-02-24
700255,904398,111,2025-02-20,97.48,Paid,11,2025-03-03
700256,917550,295,2025-02-18,449.14,Paid,38,2025-03-28
700257,909846,236,2025-02-20,174.48,Paid,0,2025-02-20
700258,906488,165,2025-02-18,86.87,Paid,18,2025-03-08
700259,911556,288,2025-02-20,105.22,Paid,25,2025-03-17
700260,901424,35,2025-02-18,91.81,Paid,10,2025-02-28
700261,916337,408,2025-02-18,97.45,Paid,0,2025-02-18
700262,906798,172,2025-02-18,96.28,Paid,5,2025-02-23
700263,905339,138,2025-02-20,89.56,Paid,1,2025-02-21
700264,909470,229,2025-02-19,97.12,Paid,7,2025-02-26
700265,914925,375,2025-02-19,99.7,Paid,9,2025-02-28
700266,906307,159,2025-02-20,150.99,Paid,5,2025-02-25
700267,917733,383,2025-02-19,306.25,Paid,6,2025-02-25
700268,902556,61,2025-02-18,115.1,Paid,26,2025-03-16
700269,907794,191,2025-02-19,191.23,Paid,13,2025-03-04
700270,902699,65,2025-02-20,100.55,Paid,10,2025-03-02
700271,913404,340,2025-02-20,113.68,Paid,10,2025-03-02
700272,903001,72,2025-02-21,128.32,Paid,1,2025-02-22
700273,900782,19,2025-02-20,92.27,Paid,0,2025-02-20
700274,908717,209,2025-02-21,103.16,Paid,0,2025-02-21
700275,915028,377,2025-02-21,131.84,Paid,8,2025-03-01
700276,914744,371,2025-02-20,96.91,Paid,8,2025-02-28
700277,903142,79,2025-02-20,85.61,Paid,10,2025-03-02
700278,906930,175,2025-02-19,157.41,Paid,23,2025-03-14
700279,908605,206,2025-02-20,100.6,Paid,12,2025-03-04
700280,911867,298,2025-02-19,86.11,Paid,11,2025-03-02
700281,915991,398,2025-02-21,107.96,Paid,20,2025-03-13
700282,912481,314,2025-02-19,112.74,Paid,25,2025-03-16
700283,912244,308,2025-02-21,95.93,Paid,9,2025-03-02
700284,912697,322,2025-02-21,175.93,Paid,9,2025-03-02
700285,915622,390,2025-02-21,92.52,Paid,5,2025-02-26
700286,900234,6,2025-02-21,92.58,Paid,10,2025-03-03
700287,901773,42,2025-02-20,130.01,Paid,9,2025-03-01
700288,908133,197,2025-02-21,134.37,Paid,17,2025-03-10
700289,909263,225,2025-02-19,97.04,Paid,0,2025-02-19
700290,909366,227,2025-02-20,95.05,Paid,10,2025-03-02
700291,915518,388,2025-02-19,96.35,Paid,14,2025-03-05
700292,907663,188,2025-02-19,108.96,Paid,17,2025-03-08
700293,916749,417,2025-02-20,99.0,Paid,0,2025-02-20
700294,914565,366,2025-02-21,130.1,Paid,7,2025-02-28
700295,907597,187,2025-02-20,95.52,Paid,7,2025-02-27
700296,907164,179,2025-02-21,145.79,Paid,15,2025-03-08
700297,905902,148,2025-02-21,89.02,Paid,2,2025-02-23
700298,913613,345,2025-02-21,95.88,Paid,0,2025-02-21
700299,908003,195,2025-02-22,103.36,Paid,5,2025-02-27
700300,915754,393,2025-02-21,120.97,Paid,13,2025-03-06
700301,910430,252,2025-02-21,86.51,Paid,14,2025-03-07
700302,913203,335,2025-02-21,90.41,Paid,16,2025-03-09
700303,903654,95,2025-02-20,157.32,Paid,34,2025-03-26
700304,913538,342,2025-02-21,95.08,Paid,8,2025-03-01
700305,911388,283,2025-02-21,174.72,Paid,19,2025-03-12
700306,903067,76,2025-02-21,102.9,Paid,2,2025-02-23
700307,900848,21,2025-02-21,141.65,Paid,27,2025-03-20
700308,914528,365,2025-02-20,98.7,Paid,0,2025-02-20
700309,903758,97,2025-02-20,135.51,Paid,0,2025-02-20
700310,916271,406,2025-02-21,90.94,Paid,4,2025-02-25
700311,916233,404,2025-02-21,92.19,Paid,0,2025-02-21
700312,907230,180,2025-02-20,129.55,Paid,8,2025-02-28
700313,912349,312,2025-02-21,215.39,Paid,25,2025-03-18
700314,900614,15,2025-02-21,87.45,Paid,10,2025-03-03
700315,910704,261,2025-02-22,94.9,Paid,0,2025-02-22
700316,917264,154,2025-02-23,679.5,Paid,37,2025-04-01
700317,915161,379,2025-02-23,94.22,Paid,16,2025-03-11
700318,915821,394,2025-02-21,116.64,Paid,34,2025-03-27
700319,900376,10,2025-02-23,93.18,Paid,4,2025-02-27
700320,904162,105,2025-02-21,92.73,Paid,0,2025-02-21
700321,909027,216,2025-02-21,96.51,Paid,5,2025-02-26
700322,916402,409,2025-02-23,125.72,Paid,13,2025-03-08
700323,905538,142,2025-02-22,91.76,Paid,11,2025-03-05
700324,909432,228,2025-02-23,128.04,Paid,0,2025-02-23
700325,915350,385,2025-02-23,132.41,Paid,6,2025-03-01
700326,904265,109,2025-02-21,91.05,Paid,19,2025-03-12
700327,906865,173,2025-02-22,132.12,Paid,15,2025-03-09
700328,902963,71,2025-02-22,97.06,Paid,8,2025-03-02
700329,912932,329,2025-02-21,114.95,Paid,23,2025-03-16
700330,914668,368,2025-02-22,96.75,Paid,0,2025-02-22
700331,915274,383,2025-02-21,92.38,Paid,13,2025-03-06
700332,912036,303,2025-02-23,122.34,Paid,13,2025-03-08
700333,917089,73,2025-02-22,2460.65,Paid,7,2025-03-01
700334,917309,172,2025-02-24,515.8,Paid,14,2025-03-10
700335,910231,249,2025-02-25,138.37,Paid,14,2025-03-11
700336,916927,2,2025-02-27,357.28,Paid,7,2025-03-06
700337,917634,333,2025-02-28,391.8,Paid,7,2025-03-07
700338,916955,18,2025-03-01,319.14,Paid,0,2025-03-01
700339,917683,358,2025-03-02,1564.91,Paid,9,2025-03-11
700340,917371,203,2025-03-02,3651.85,Paid,8,2025-03-10
700341,916980,27,2025-03-08,372.07,Paid,3,2025-03-11
700342,917383,211,2025-03-12,678.62,Paid,22,2025-04-03
700343,916984,28,2025-03-11,3055.54,Paid,12,2025-03-23
700344,917730,382,2025-03-11,392.75,Paid,13,2025-03-24
700345,917329,181,2025-03-13,653.2,Paid,19,2025-04-01
700346,917673,354,2025-03-15,638.15,Paid,0,2025-03-15
700347,917153,103,2025-03-16,393.56,Paid,0,2025-03-16
700348,917087,73,2025-03-18,256.54,Paid,4,2025-03-22
700349,917120,87,2025-03-19,606.23,Paid,11,2025-03-30
700350,917299,170,2025-03-21,806.19,Paid,0,2025-03-21
700351,917758,393,2025-03-21,900.11,Paid,13,2025-04-03
700352,917113,83,2025-03-24,4082.94,Paid,5,2025-03-29
700353,917302,171,2025-03-23,807.46,Paid,12,2025-04-04
700354,912291,312,2025-03-25,144.51,Paid,27,2025-04-21
700355,902387,57,2025-03-25,75.87,Paid,35,2025-04-29
700356,916758,418,2025-03-25,58.12,Paid,0,2025-03-25
700357,915527,389,2025-03-25,54.45,Paid,2,2025-03-27
700358,917245,143,2025-03-24,483.01,Paid,5,2025-03-29
700359,912771,324,2025-03-24,57.79,Paid,8,2025-04-01
700360,902565,62,2025-03-26,76.66,Paid,4,2025-03-30
700361,908142,198,2025-03-24,114.74,Paid,0,2025-03-24
700362,914715,371,2025-03-25,52.54,Paid,11,2025-04-05
700363,906392,164,2025-03-26,60.03,Paid,6,2025-04-01
700364,913923,352,2025-03-26,116.18,Paid,10,2025-04-05
700365,900857,22,2025-03-26,68.76,Paid,18,2025-04-13
700366,906061,153,2025-03-24,81.11,Paid,8,2025-04-01
700367,901782,43,2025-03-26,62.94,Paid,6,2025-04-01
700368,901640,40,2025-03-25,56.64,Paid,0,2025-03-25
700369,915170,381,2025-03-26,81.89,Paid,18,2025-04-13
700370,913346,340,2025-03-24,67.8,Paid,15,2025-04-08
700371,906354,163,2025-03-24,76.45,Paid,4,2025-03-28
700372,902217,53,2025-03-26,97.56,Paid,21,2025-04-16
700373,901498,37,2025-03-27,69.79,Paid,25,2025-04-21
700374,916242,406,2025-03-25,58.64,Paid,8,2025-04-02
700375,915896,397,2025-03-27,60.06,Paid,5,2025-04-01
700376,910986,270,2025-03-25,59.76,Paid,0,2025-03-25
700377,905986,151,2025-03-25,54.26,Paid,0,2025-03-25
700378,908483,205,2025-03-25,83.87,Paid,10,2025-04-04
700379,900347,10,2025-03-26,60.91,Paid,23,2025-04-18
700380,907540,187,2025-03-27,55.62,Paid,6,2025-04-02
700381,914064,355,2025-03-27,57.22,Paid,0,2025-03-27
700382,904896,124,2025-03-25,79.62,Paid,19,2025-04-13
700383,909036,219,2025-03-26,72.03,Paid,22,2025-04-17
700384,906497,166,2025-03-26,56.52,Paid,22,2025-04-17
700385,914302,361,2025-03-27,63.36,Paid,3,2025-03-30
700386,912875,329,2025-03-26,68.95,Paid,18,2025-04-13
700387,904105,105,2025-03-26,57.24,Paid,9,2025-04-04
700388,906278,159,2025-03-26,93.93,Paid,33,2025-04-28
700389,903076,77,2025-03-28,61.86,Paid,22,2025-04-19
700390,900066,2,2025-03-28,62.01,Paid,6,2025-04-03
700391,906175,157,2025-03-26,57.03,Paid,1,2025-03-27
700392,914639,368,2025-03-26,61.3,Paid,27,2025-04-22
700393,910543,256,2025-03-26,54.15,Paid,8,2025-04-03
700394,917173,111,2025-03-28,207.52,Paid,3,2025-03-31
700395,903010,76,2025-03-28,51.24,Paid,0,2025-03-28
700396,915424,387,2025-03-28,68.85,Paid,16,2025-04-13
700397,907239,181,2025-03-28,54.21,Paid,1,2025-03-29
700398,904236,109,2025-03-27,65.07,Paid,0,2025-03-27
700399,909789,236,2025-03-28,115.03,Paid,3,2025-03-31
700400,906769,172,2025-03-27,55.02,Paid,10,2025-04-06
700401,912177,307,2025-03-27,57.63,Paid,18,2025-04-14
700402,908932,215,2025-03-26,116.74,Paid,8,2025-04-03
700403,901744,42,2025-03-26,70.49,Paid,8,2025-04-03
700404,916102,402,2025-03-26,72.37,Paid,26,2025-04-21
700405,915321,385,2025-03-27,84.08,Paid,7,2025-04-03
700406,912490,316,2025-03-27,111.65,Paid,7,2025-04-03
700407,911126,279,2025-03-29,56.7,Paid,4,2025-04-02
700408,907135,179,2025-03-28,84.04,Paid,37,2025-05-04
700409,910505,255,2025-03-27,53.89,Paid,1,2025-03-28
700410,917332,182,2025-03-29,541.58,Paid,9,2025-04-07
700411,902321,55,2025-03-27,90.04,Paid,35,2025-05-01
700412,905168,133,2025-03-29,61.45,Paid,5,2025-04-03
700413,909272,226,2025-03-28,80.33,Paid,13,2025-04-10
700414,901197,31,2025-03-28,122.12,Paid,3,2025-03-31
700415,912358,313,2025-03-28,126.59,Paid,7,2025-04-04
700416,911876,299,2025-03-29,58.55,Paid,14,2025-04-12
700417,904445,114,2025-03-27,69.57,Paid,27,2025-04-23
700418,904586,118,2025-03-29,56.98,Paid,0,2025-03-29
700419,914471,365,2025-03-28,54.68,Paid,0,2025-03-28
700420,909479,230,2025-03-29,124.93,Paid,20,2025-04-18
700421,900961,27,2025-03-28,80.21,Paid,9,2025-04-06
700422,903871,100,2025-03-27,120.22,Paid,10,2025-04-06
700423,904754,121,2025-03-29,66.55,Paid,17,2025-04-15
700424,911499,288,2025-03-27,57.84,Paid,0,2025-03-27
700425,902774,69,2025-03-27,54.86,Paid,5,2025-04-01
700426,914368,362,2025-03-29,53.67,Paid,0,2025-03-29
700427,914753,372,2025-03-28,126.38,Paid,2,2025-03-30
700428,903218,83,2025-03-29,57.43,Paid,15,2025-04-13
700429,913754,349,2025-03-28,120.75,Paid,12,2025-04-09
700430,914236,359,2025-03-30,80.24,Paid,0,2025-03-30
700431,903530,92,2025-03-29,80.15,Paid,0,2025-03-29
700432,908763,211,2025-03-28,71.56,Paid,24,2025-04-21
700433,910853,268,2025-03-28,58.44,Paid,0,2025-03-28
700434,914791,373,2025-03-29,56.81,Paid,0,2025-03-29
700435,904274,110,2025-03-28,66.4,Paid,19,2025-04-16
700436,914169,357,2025-03-30,75.4,Paid,6,2025-04-05
700437,915696,393,2025-03-30,78.22,Paid,6,2025-04-05
700438,916986,29,2025-03-29,969.01,Paid,8,2025-04-06
700439,913212,336,2025-03-30,82.01,Paid,4,2025-04-03
700440,909517,231,2025-03-29,82.21,Paid,7,2025-04-05
700441,908651,208,2025-03-29,118.91,Paid,8,2025-04-06
700442,912424,314,2025-03-30,67.19,Paid,23,2025-04-22
700443,904792,122,2025-03-30,97.9,Paid,27,2025-04-26
700444,908313,201,2025-03-30,53.0,Paid,13,2025-04-12
700445,902840,70,2025-03-29,64.3,Paid,40,2025-05-08
700446,910306,251,2025-03-29,56.21,Paid,6,2025-04-04
700447,912110,306,2025-03-29,55.78,Paid,16,2025-04-14
700448,901536,38,2025-03-30,58.14,Paid,15,2025-04-14
700449,902603,64,2025-03-29,84.06,Paid,6,2025-04-04
700450,901263,32,2025-03-29,52.58,Paid,0,2025-03-29
700451,901366,35,2025-03-30,63.23,Paid,10,2025-04-09
700452,900385,11,2025-03-30,61.16,Paid,6,2025-04-05
700453,906316,161,2025-03-28,59.8,Paid,9,2025-04-06
700454,909855,238,2025-03-28,58.98,Paid,24,2025-04-21
700455,911668,293,2025-03-29,62.7,Paid,4,2025-04-02
700456,911735,294,2025-03-28,98.9,Paid,31,2025-04-28
700457,915037,378,2025-03-29,112.7,Paid,12,2025-04-10
700458,917122,88,2025-03-30,2896.21,Paid,6,2025-04-05
700459,905243,137,2025-03-30,76.01,Paid,8,2025-04-07
700460,917582,310,2025-03-31,3407.36,Paid,6,2025-04-06
700461,909620,233,2025-03-30,84.5,Paid,8,2025-04-07
700462,915763,394,2025-03-29,66.91,Paid,31,2025-04-29
700463,908417,204,2025-03-31,56.8,Paid,12,2025-04-12
700464,910646,261,2025-03-31,62.07,Paid,0,2025-03-31
700465,910099,247,2025-03-29,65.24,Paid,26,2025-04-24
700466,912253,309,2025-03-31,59.74,Paid,8,2025-04-08
700467,910713,262,2025-03-29,65.14,Paid,32,2025-04-30
700468,916514,412,2025-03-30,78.85,Paid,3,2025-04-02
700469,914102,356,2025-03-29,86.62,Paid,10,2025-04-08
700470,910024,245,2025-03-30,78.92,Paid,22,2025-04-21
700471,901159,30,2025-03-29,54.96,Paid,13,2025-04-11
700472,906807,173,2025-03-31,77.53,Paid,4,2025-04-04
700473,903151,81,2025-03-29,93.65,Paid,3,2025-04-01
700474,903767,98,2025-03-29,54.94,Paid,6,2025-04-04
700475,907879,194,2025-03-30,53.91,Paid,0,2025-03-30
700476,902972,72,2025-03-30,83.97,Paid,0,2025-03-30
700477,913480,342,2025-03-29,56.68,Paid,5,2025-04-03
700478,903256,84,2025-03-30,61.21,Paid,3,2025-04-02
700479,900451,13,2025-03-31,63.35,Paid,14,2025-04-14
700480,912602,320,2025-03-31,82.82,Paid,0,2025-03-31
700481,902150,52,2025-03-30,112.57,Paid,8,2025-04-07
700482,910202,249,2025-03-31,87.78,Paid,17,2025-04-17
700483,908209,199,2025-04-01,74.64,Paid,15,2025-04-16
700484,915830,395,2025-03-31,57.54,Paid,19,2025-04-19
700485,909168,222,2025-03-30,79.4,Paid,0,2025-03-30
700486,913413,341,2025-04-01,54.03,Paid,7,2025-04-08
700487,908351,203,2025-03-31,82.95,Paid,2,2025-04-02
700488,903597,95,2025-03-30,85.08,Paid,16,2025-04-15
700489,912215,308,2025-03-30,56.65,Paid,0,2025-03-30
700490,915962,398,2025-04-01,66.62,Paid,31,2025-05-02
700491,915283,384,2025-04-01,64.56,Paid,13,2025-04-14
700492,905911,149,2025-03-31,55.83,Paid,9,2025-04-09
700493,917804,414,2025-04-01,451.74,Paid,4,2025-04-05
700494,912668,322,2025-03-31,109.08,Paid,4,2025-04-04
700495,907803,192,2025-04-01,118.04,Paid,9,2025-04-10
700496,909234,225,2025-03-31,59.65,Paid,9,2025-04-09
700497,916618,414,2025-04-01,56.83,Paid,13,2025-04-14
700498,902670,65,2025-03-31,57.67,Paid,12,2025-04-12
700499,905310,138,2025-04-01,56.3,Paid,0,2025-04-01
700500,904407,113,2025-03-30,56.49,Paid,0,2025-03-30
700501,913961,353,2025-03-30,53.24,Paid,8,2025-04-07
700502,909441,229,2025-03-30,61.77,Paid,0,2025-03-30
700503,905348,139,2025-04-01,57.62,Paid,15,2025-04-16
700504,905415,140,2025-03-31,57.69,Paid,1,2025-04-01
700505,915208,382,2025-03-30,66.99,Paid,0,2025-03-30
700506,907069,178,2025-04-01,54.24,Paid,3,2025-04-04
700507,907946,195,2025-04-01,59.33,Paid,0,2025-04-01
700508,901783,43,2025-03-31,55.14,Paid,0,2025-03-31
700509,914858,374,2025-04-01,82.54,Paid,12,2025-04-13
700510,907606,188,2025-04-02,69.78,Paid,11,2025-04-13
700511,907841,193,2025-04-02,58.12,Paid,6,2025-04-08
700512,908998,216,2025-04-01,58.54,Paid,4,2025-04-05
700513,913622,347,2025-04-02,59.56,Paid,15,2025-04-17
700514,906137,156,2025-04-02,56.35,Paid,0,2025-04-02
700515,911602,290,2025-04-02,56.06,Paid,13,2025-04-15
700516,903663,96,2025-04-01,60.52,Paid,8,2025-04-09
700517,906393,164,2025-04-01,58.24,Paid,0,2025-04-01
700518,909658,234,2025-04-02,49.97,Paid,5,2025-04-07
700519,916280,408,2025-04-01,52.24,Paid,0,2025-04-01
700520,900791,21,2025-04-02,92.2,Paid,14,2025-04-16
700521,912292,312,2025-04-02,121.43,Paid,29,2025-05-01
700522,907473,186,2025-04-01,61.14,Paid,1,2025-04-02
700523,900556,15,2025-04-01,59.0,Paid,17,2025-04-18
700524,917531,286,2025-04-01,3262.46,Paid,13,2025-04-14
700525,912809,328,2025-03-31,77.13,Paid,15,2025-04-15
700526,902708,66,2025-04-01,82.15,Paid,15,2025-04-16
700527,908143,198,2025-04-02,113.36,Paid,0,2025-04-02
700528,905481,142,2025-04-02,57.79,Paid,9,2025-04-11
700529,902218,53,2025-04-01,98.26,Paid,16,2025-04-17
700530,915104,379,2025-03-31,56.22,Paid,0,2025-03-31
700531,903426,87,2025-04-02,54.61,Paid,2,2025-04-04
700532,913279,339,2025-04-02,55.25,Paid,8,2025-04-10
700533,904341,111,2025-03-31,54.26,Paid,9,2025-04-09
700534,905714,146,2025-03-31,53.38,Paid,5,2025-04-05
700535,901849,44,2025-04-01,62.23,Paid,2,2025-04-03
700536,913347,340,2025-04-02,71.23,Paid,27,2025-04-29
700537,900895,25,2025-03-31,75.48,Paid,8,2025-04-08
700538,904830,123,2025-04-01,61.61,Paid,0,2025-04-01
700539,903974,103,2025-03-31,76.61,Paid,12,2025-04-12
700540,910439,254,2025-04-03,55.25,Paid,20,2025-04-23
700541,916796,419,2025-04-01,79.11,Paid,15,2025-04-16
700542,916721,417,2025-04-02,60.27,Paid,12,2025-04-14
700543,902490,60,2025-04-01,58.27,Paid,13,2025-04-14
700544,909037,219,2025-04-03,66.91,Paid,19,2025-04-22
700545,909922,241,2025-04-01,60.2,Paid,18,2025-04-19
700546,915490,388,2025-04-01,52.75,Paid,23,2025-04-24
700547,914303,361,2025-04-01,57.82,Paid,15,2025-04-16
700548,909724,235,2025-04-02,59.2,Paid,13,2025-04-15
700549,915528,389,2025-04-03,54.7,Paid,10,2025-04-13
700550,914537,366,2025-04-03,78.06,Paid,8,2025-04-11
700551,902907,71,2025-04-01,53.77,Paid,0,2025-04-01
700552,915897,397,2025-04-03,57.53,Paid,3,2025-04-06
700553,903360,86,2025-04-01,51.68,Paid,0,2025-04-01
700554,916177,404,2025-04-03,60.32,Paid,0,2025-04-03
700555,914972,377,2025-04-01,69.94,Paid,6,2025-04-07
700556,908484,205,2025-04-01,84.4,Paid,14,2025-04-15
700557,902775,69,2025-04-01,62.72,Paid,0,2025-04-01
700558,900001,1,2025-04-01,58.68,Paid,0,2025-04-01
700559,911052,274,2025-04-02,82.57,Paid,16,2025-04-18
700560,912565,318,2025-04-03,53.76,Paid,8,2025-04-11
700561,917615,324,2025-04-02,3247.79,Paid,18,2025-04-20
700562,904483,115,2025-04-02,73.92,Paid,13,2025-04-15
700563,900518,14,2025-04-03,62.09,Paid,32,2025-05-05
700564,906939,176,2025-04-02,80.26,Paid,12,2025-04-14
700565,913547,343,2025-04-01,75.67,Paid,5,2025-04-06
700566,907541,187,2025-04-02,57.16,Paid,7,2025-04-09
700567,906628,169,2025-04-02,63.76,Paid,43,2025-05-15
700568,904106,105,2025-04-02,58.54,Paid,8,2025-04-10
700569,913175,335,2025-04-03,55.92,Paid,19,2025-04-22
700570,904897,124,2025-04-01,82.32,Paid,6,2025-04-07
700571,906099,155,2025-04-03,61.96,Paid,3,2025-04-06
700572,906498,166,2025-04-01,59.19,Paid,7,2025-04-08
700573,909790,236,2025-04-02,117.02,Paid,9,2025-04-11
700574,916065,401,2025-04-02,61.32,Paid,8,2025-04-10
700575,900206,6,2025-04-02,56.71,Paid,0,2025-04-02
700576,900623,16,2025-04-03,58.67,Paid,13,2025-04-16
700577,905949,150,2025-04-03,57.42,Paid,23,2025-04-26
700578,910581,259,2025-04-02,116.36,Paid,0,2025-04-02
700579,906024,152,2025-04-02,59.92,Paid,14,2025-04-16
700580,917712,373,2025-04-04,543.32,Paid,5,2025-04-09
700581,904171,107,2025-04-04,55.75,Paid,0,2025-04-04
700582,904040,104,2025-04-03,58.51,Paid,7,2025-04-10
700583,908933,215,2025-04-03,131.21,Paid,3,2025-04-06
700584,903114,79,2025-04-04,56.24,Paid,0,2025-04-04
700585,902284,54,2025-04-04,57.77,Paid,7,2025-04-11
700586,908867,213,2025-04-04,123.87,Paid,2,2025-04-06
700587,907240,181,2025-04-02,55.59,Paid,13,2025-04-15
700588,911089,275,2025-04-04,56.81,Paid,23,2025-04-27
700589,915246,383,2025-04-02,59.11,Paid,15,2025-04-17
700590,904962,125,2025-04-04,83.85,Paid,13,2025-04-17
700591,913137,334,2025-04-02,55.53,Paid,0,2025-04-02
700592,903011,76,2025-04-03,60.7,Paid,0,2025-04-03
700593,907004,177,2025-04-04,55.92,Paid,3,2025-04-07
700594,905027,126,2025-04-03,79.23,Paid,4,2025-04-07
700595,913072,333,2025-04-04,83.16,Paid,10,2025-04-14
700596,915359,386,2025-04-03,56.97,Paid,1,2025-04-04
700597,910987,270,2025-04-04,61.34,Paid,5,2025-04-09
700598,913584,345,2025-04-02,60.79,Paid,10,2025-04-12
700599,907370,183,2025-04-02,74.31,Paid,13,2025-04-15
700600,915425,387,2025-04-03,67.18,Paid,14,2025-04-17
700601,900104,3,2025-04-03,78.26,Paid,1,2025-04-04
700602,909555,232,2025-04-04,58.56,Paid,10,2025-04-14
700603,907738,191,2025-04-02,114.01,Paid,21,2025-04-23
700604,917532,286,2025-04-02,422.19,Paid,8,2025-04-10
700605,905677,145,2025-04-04,124.08,Paid,10,2025-04-14
700606,910751,266,2025-04-03,54.91,Paid,14,2025-04-17
700607,911942,302,2025-04-02,122.64,Paid,0,2025-04-02
700608,906176,157,2025-04-04,60.31,Paid,0,2025-04-04
700609,911500,288,2025-04-02,58.01,Paid,2,2025-04-04
700610,901301,34,2025-04-04,64.05,Paid,26,2025-04-30
700611,904689,120,2025-04-03,74.47,Paid,16,2025-04-19
700612,912528,317,2025-04-04,85.81,Paid,0,2025-04-04
700613,914472,365,2025-04-04,59.64,Paid,6,2025-04-10
700614,906241,158,2025-04-03,65.67,Paid,19,2025-04-22
700615,913858,351,2025-04-05,56.16,Paid,6,2025-04-11
700616,915631,391,2025-04-04,74.22,Paid,25,2025-04-29
700617,915594,390,2025-04-03,55.79,Paid,9,2025-04-12
700618,912876,329,2025-04-04,68.89,Paid,24,2025-04-28
700619,908077,197,2025-04-03,74.97,Paid,0,2025-04-03
700620,903872,100,2025-04-05,121.66,Paid,7,2025-04-12
700621,903834,99,2025-04-04,78.21,Paid,14,2025-04-18
700622,901198,31,2025-04-04,119.97,Paid,4,2025-04-08
700623,904587,118,2025-04-03,57.15,Paid,0,2025-04-03
700624,911773,295,2025-04-04,65.52,Paid,14,2025-04-18
700625,908012,196,2025-04-05,58.36,Paid,2,2025-04-07
700626,911127,279,2025-04-05,56.83,Paid,21,2025-04-26
700627,900386,11,2025-04-05,59.01,Paid,20,2025-04-25
700628,900754,19,2025-04-05,56.39,Paid,9,2025-04-14
700629,906563,167,2025-04-03,63.49,Paid,0,2025-04-03
700630,912425,314,2025-04-03,71.25,Paid,10,2025-04-13
700631,916000,399,2025-04-05,56.22,Paid,11,2025-04-16
700632,900962,27,2025-04-04,75.75,Paid,18,2025-04-22
700633,908418,204,2025-04-05,62.04,Paid,0,2025-04-05
700634,912359,313,2025-04-04,117.06,Paid,0,2025-04-04
700635,916140,403,2025-04-05,78.59,Paid,9,2025-04-14
700636,917170,110,2025-04-05,485.78,Paid,21,2025-04-26
700637,912045,304,2025-04-03,90.15,Paid,13,2025-04-16
700638,910062,246,2025-04-04,64.8,Paid,33,2025-05-07
700639,908830,212,2025-04-05,72.5,Paid,17,2025-04-22
700640,900141,4,2025-04-04,82.46,Paid,12,2025-04-16
700641,911565,289,2025-04-05,58.66,Paid,1,2025-04-06
700642,914170,357,2025-04-06,77.27,Paid,21,2025-04-27
700643,900688,18,2025-04-04,58.85,Paid,0,2025-04-04
700644,910307,251,2025-04-06,58.09,Paid,7,2025-04-13
700645,909375,228,2025-04-04,75.72,Paid,11,2025-04-15
700646,905130,132,2025-04-05,52.78,Paid,21,2025-04-26
700647,901027,28,2025-04-04,59.12,Paid,0,2025-04-04
700648,900281,9,2025-04-04,58.41,Paid,0,2025-04-04
700649,916552,413,2025-04-06,77.57,Paid,0,2025-04-06
700650,902527,61,2025-04-06,65.11,Paid,14,2025-04-20
700651,916861,420,2025-04-06,76.7,Paid,0,2025-04-06
700652,905780,147,2025-04-06,63.51,Paid,12,2025-04-18
700653,906731,171,2025-04-05,75.86,Paid,1,2025-04-06
700654,903701,97,2025-04-04,78.76,Paid,9,2025-04-13
700655,907173,180,2025-04-04,73.62,Paid,2,2025-04-06
700656,901093,29,2025-04-06,94.32,Paid,27,2025-05-03
700657,901574,39,2025-04-04,56.99,Paid,0,2025-04-04
700658,913213,336,2025-04-04,78.54,Paid,0,2025-04-04
700659,910373,252,2025-04-04,54.34,Paid,0,2025-04-04
700660,914237,359,2025-04-05,84.19,Paid,0,2025-04-05
700661,909856,238,2025-04-05,56.77,Paid,0,2025-04-05
700662,915038,378,2025-04-05,116.2,Paid,0,2025-04-05
700663,917052,60,2025-04-04,395.13,Paid,0,2025-04-04
700664,902841,70,2025-04-06,74.03,Paid,19,2025-04-25
700665,911669,293,2025-04-06,63.01,Paid,0,2025-04-06
700666,914934,376,2025-04-06,73.94,Paid,17,2025-04-23
700667,902604,64,2025-04-04,71.71,Paid,0,2025-04-04
700668,913755,349,2025-04-05,128.44,Paid,14,2025-04-19
700669,903294,85,2025-04-05,77.52,Paid,15,2025-04-20
700670,913821,350,2025-04-05,55.43,Paid,23,2025-04-28
700671,914792,373,2025-04-05,55.61,Paid,11,2025-04-16
700672,902084,51,2025-04-06,67.27,Paid,18,2025-04-24
700673,915697,393,2025-04-05,73.56,Paid,12,2025-04-17
700674,903492,88,2025-04-04,65.71,Paid,27,2025-05-01
700675,904275,110,2025-04-05,63.77,Paid,9,2025-04-14
700676,900243,7,2025-04-06,55.76,Paid,2,2025-04-08
700677,910854,268,2025-04-04,57.49,Paid,19,2025-04-23
700678,901367,35,2025-04-06,55.44,Paid,5,2025-04-11
700679,910137,248,2025-04-06,127.77,Paid,13,2025-04-19
700680,903531,92,2025-04-06,76.93,Paid,0,2025-04-06
700681,908275,200,2025-04-04,63.86,Paid,29,2025-05-03
700682,907407,184,2025-04-05,74.66,Paid,0,2025-04-05
700683,912007,303,2025-04-04,75.15,Paid,2,2025-04-06
700684,908201,198,2025-04-07,182.25,Paid,1,2025-04-08
700685,906233,157,2025-04-07,95.97,Paid,4,2025-04-11
700686,915764,394,2025-04-05,67.85,Paid,35,2025-05-10
700687,911454,286,2025-04-07,96.03,Paid,3,2025-04-10
700688,902322,55,2025-04-05,92.29,Paid,38,2025-05-13
700689,902046,48,2025-04-05,59.57,Paid,18,2025-04-23
700690,912111,306,2025-04-07,55.69,Paid,0,2025-04-07
700691,917728,381,2025-04-05,533.79,Paid,0,2025-04-05
700692,901980,47,2025-04-05,62.7,Paid,0,2025-04-05
700693,913271,336,2025-04-07,126.94,Paid,17,2025-04-24
700694,905846,148,2025-04-07,55.33,Paid,13,2025-04-20
700695,913280,339,2025-04-07,58.03,Paid,6,2025-04-13
700696,910016,242,2025-04-06,118.75,Paid,15,2025-04-21
700697,911397,286,2025-04-06,57.08,Paid,7,2025-04-13
700698,906555,166,2025-04-06,88.32,Paid,9,2025-04-15
700699,917038,53,2025-04-05,4616.2,Paid,30,2025-05-05
700700,916448,411,2025-04-07,118.62,Paid,3,2025-04-10
700701,901189,30,2025-04-05,94.0,Paid,7,2025-04-12
700702,905349,139,2025-04-07,57.24,Paid,22,2025-04-29
700703,908614,207,2025-04-06,68.24,Paid,14,2025-04-20
700704,915519,388,2025-04-06,96.06,Paid,18,2025-04-24
700705,905244,137,2025-04-05,82.76,Paid,1,2025-04-06
700706,905235,135,2025-04-05,87.47,Paid,5,2025-04-10
700707,903768,98,2025-04-07,58.45,Paid,13,2025-04-20
700708,917572,306,2025-04-06,490.88,Paid,27,2025-05-03
700709,912941,330,2025-04-05,55.76,Paid,11,2025-04-16
700710,901678,41,2025-04-07,56.29,Paid,4,2025-04-11
700711,906665,170,2025-04-07,84.47,Paid,8,2025-04-15
700712,905978,150,2025-04-05,92.36,Paid,2,2025-04-07
700713,911877,299,2025-04-05,51.47,Paid,0,2025-04-05
700714,906808,173,2025-04-06,73.05,Paid,16,2025-04-22
700715,905092,129,2025-04-07,78.73,Paid,16,2025-04-23
700716,906459,165,2025-04-07,51.96,Paid,6,2025-04-13
700717,902151,52,2025-04-05,122.1,Paid,4,2025-04-09
700718,910240,250,2025-04-05,82.94,Paid,3,2025-04-08
700719,909102,221,2025-04-06,119.7,Paid,1,2025-04-07
700720,911192,280,2025-04-05,63.48,Paid,10,2025-04-15
700721,911838,298,2025-04-07,58.15,Paid,5,2025-04-12
700722,900557,15,2025-04-05,56.51,Paid,29,2025-05-04
700723,907465,184,2025-04-07,131.93,Paid,4,2025-04-11
700724,903152,81,2025-04-07,95.44,Paid,21,2025-04-28
700725,910912,268,2025-04-06,96.37,Paid,9,2025-04-15
700726,910920,269,2025-04-05,54.09,Paid,15,2025-04-20
700727,913688,348,2025-04-05,58.8,Paid,27,2025-05-02
700728,902964,71,2025-04-05,91.19,Paid,0,2025-04-05
700729,907672,190,2025-04-05,92.91,Paid,28,2025-05-03
700730,907474,186,2025-04-06,63.22,Paid,18,2025-04-24
700731,914103,356,2025-04-07,76.51,Paid,23,2025-04-30
700732,908764,211,2025-04-06,67.61,Paid,24,2025-04-30
700733,914896,375,2025-04-05,58.06,Paid,3,2025-04-08
700734,913481,342,2025-04-05,54.35,Paid,0,2025-04-05
700735,910647,261,2025-04-06,60.66,Paid,25,2025-05-01
700736,907871,193,2025-04-05,87.42,Paid,6,2025-04-11
700737,914360,361,2025-04-05,88.64,Paid,0,2025-04-05
700738,904548,116,2025-04-06,58.86,Paid,13,2025-04-19
700739,907880,194,2025-04-06,56.61,Paid,22,2025-04-28
700740,909302,226,2025-04-05,119.06,Paid,6,2025-04-11
700741,914574,367,2025-04-05,60.33,Paid,7,2025-04-12
700742,914677,370,2025-04-06,79.14,Paid,11,2025-04-17
700743,900452,13,2025-04-06,54.94,Paid,0,2025-04-06
700744,910816,267,2025-04-06,111.77,Paid,0,2025-04-06
700745,913414,341,2025-04-05,54.39,Paid,14,2025-04-19
700746,905547,143,2025-04-07,59.47,Paid,7,2025-04-14
700747,912603,320,2025-04-06,74.27,Paid,10,2025-04-16
700748,915831,395,2025-04-08,63.78,Paid,5,2025-04-13
700749,912594,318,2025-04-07,93.34,Paid,5,2025-04-12
700750,913007,331,2025-04-08,55.27,Paid,0,2025-04-08
700751,912102,304,2025-04-08,154.22,Paid,21,2025-04-29
700752,913576,343,2025-04-06,129.88,Paid,2,2025-04-08
700753,903937,102,2025-04-07,71.39,Paid,24,2025-05-01
700754,915755,393,2025-04-07,134.11,Paid,4,2025-04-11
700755,915822,394,2025-04-08,105.06,Paid,17,2025-04-25
700756,908305,200,2025-04-08,115.54,Paid,11,2025-04-19
700757,905612,144,2025-04-06,55.67,Paid,4,2025-04-10
700758,911332,283,2025-04-07,113.36,Paid,0,2025-04-07
700759,905206,135,2025-04-08,57.8,Paid,10,2025-04-18
700760,917652,343,2025-04-06,655.57,Paid,1,2025-04-07
700761,902425,58,2025-04-06,61.37,Paid,23,2025-04-29
700762,912706,323,2025-04-07,72.36,Paid,26,2025-05-03
700763,916346,409,2025-04-08,87.49,Paid,8,2025-04-16
700764,914406,363,2025-04-08,59.63,Paid,6,2025-04-14
700765,905416,140,2025-04-08,54.38,Paid,0,2025-04-08
700766,911295,282,2025-04-07,128.59,Paid,11,2025-04-18
700767,903929,100,2025-04-06,187.99,Paid,15,2025-04-21
700768,905715,146,2025-04-07,61.77,Paid,7,2025-04-14
700769,903826,98,2025-04-06,91.28,Paid,0,2025-04-06
700770,901293,32,2025-04-08,81.05,Paid,2,2025-04-10
700771,901433,36,2025-04-07,78.61,Paid,12,2025-04-19
700772,911230,281,2025-04-06,58.51,Paid,15,2025-04-21
700773,908689,209,2025-04-07,57.65,Paid,10,2025-04-17
700774,907070,178,2025-04-08,58.68,Paid,0,2025-04-08
700775,906874,175,2025-04-07,89.84,Paid,7,2025-04-14
700776,900849,21,2025-04-06,150.5,Paid,25,2025-05-01
700777,903598,95,2025-04-06,89.99,Paid,4,2025-04-10
700778,908210,199,2025-04-07,81.79,Paid,4,2025-04-11
700779,909169,222,2025-04-07,88.37,Paid,0,2025-04-07
700780,908726,210,2025-04-06,59.8,Paid,1,2025-04-07
700781,916656,416,2025-04-07,78.79,Paid,3,2025-04-10
700782,913962,353,2025-04-08,57.96,Paid,7,2025-04-15
700783,914056,354,2025-04-08,90.59,Paid,8,2025-04-16
700784,904954,124,2025-04-08,134.22,Paid,2,2025-04-10
700785,908549,206,2025-04-08,55.09,Paid,0,2025-04-08
700786,914228,357,2025-04-07,126.55,Paid,6,2025-04-13
700787,907305,182,2025-04-06,57.3,Paid,6,2025-04-12
700788,911462,287,2025-04-08,51.81,Paid,10,2025-04-18
700789,904652,119,2025-04-06,52.36,Paid,14,2025-04-20
700790,904097,104,2025-04-06,99.63,Paid,21,2025-04-27
700791,901736,41,2025-04-08,98.42,Paid,0,2025-04-08
700792,911491,287,2025-04-07,89.11,Paid,0,2025-04-07
700793,909310,227,2025-04-08,55.19,Paid,16,2025-04-24
700794,912557,317,2025-04-07,139.03,Paid,0,2025-04-07
700795,908144,198,2025-04-09,125.4,Paid,9,2025-04-18
700796,901641,40,2025-04-09,61.65,Paid,26,2025-05-05
700797,908606,206,2025-04-07,95.33,Paid,0,2025-04-07
700798,906761,171,2025-04-07,125.69,Paid,0,2025-04-07
700799,904831,123,2025-04-09,57.2,Paid,21,2025-04-30
700800,915171,381,2025-04-07,77.03,Paid,15,2025-04-22
700801,900198,4,2025-04-09,128.1,Paid,13,2025-04-22
700802,906355,163,2025-04-08,79.75,Paid,4,2025-04-12
700803,906062,153,2025-04-08,81.69,Paid,0,2025-04-08
700804,908352,203,2025-04-09,80.56,Paid,8,2025-04-17
700805,902709,66,2025-04-09,84.59,Paid,4,2025-04-13
700806,912772,324,2025-04-08,56.71,Paid,16,2025-04-24
700807,909659,234,2025-04-08,59.87,Paid,14,2025-04-22
700808,902219,53,2025-04-07,97.43,Paid,19,2025-04-26
700809,904746,120,2025-04-07,124.07,Paid,9,2025-04-16
700810,910440,254,2025-04-07,68.36,Paid,24,2025-05-01
700811,908475,204,2025-04-07,92.61,Paid,2,2025-04-09
700812,907607,188,2025-04-08,70.46,Paid,17,2025-04-25
700813,913348,340,2025-04-07,67.76,Paid,10,2025-04-17
700814,903427,87,2025-04-08,56.93,Paid,0,2025-04-08
700815,909959,242,2025-04-07,78.05,Paid,7,2025-04-14
700816,907947,195,2025-04-08,52.62,Paid,11,2025-04-19
700817,903248,83,2025-04-09,89.72,Paid,0,2025-04-09
700818,916440,410,2025-04-09,146.48,Paid,17,2025-04-26
700819,900858,22,2025-04-07,68.19,Paid,16,2025-04-23
700820,915105,379,2025-04-09,57.98,Paid,15,2025-04-24
700821,908718,209,2025-04-09,84.85,Paid,0,2025-04-09
700822,902832,69,2025-04-08,93.21,Paid,11,2025-04-19
700823,916759,418,2025-04-09,57.35,Paid,4,2025-04-13
700824,914094,355,2025-04-09,90.02,Paid,6,2025-04-15
700825,916411,410,2025-04-08,93.14,Paid,14,2025-04-22
700826,908755,210,2025-04-07,99.05,Paid,8,2025-04-15
700827,905482,142,2025-04-09,57.96,Paid,12,2025-04-21
700828,912801,324,2025-04-08,95.62,Paid,4,2025-04-12
700829,912810,328,2025-04-07,70.67,Paid,13,2025-04-20
700830,913680,347,2025-04-07,93.75,Paid,7,2025-04-14
700831,908859,212,2025-04-09,108.99,Paid,22,2025-05-01
700832,913924,352,2025-04-08,124.9,Paid,3,2025-04-11
700833,908822,211,2025-04-08,110.35,Paid,42,2025-05-20
700834,914707,370,2025-04-07,127.67,Paid,9,2025-04-16
700835,913623,347,2025-04-07,55.08,Paid,14,2025-04-21
700836,910054,245,2025-04-08,128.15,Paid,6,2025-04-14
700837,913953,352,2025-04-08,189.03,Paid,1,2025-04-09
700838,900792,21,2025-04-09,96.02,Paid,35,2025-05-14
700839,901784,43,2025-04-08,51.58,Paid,0,2025-04-08
700840,901850,44,2025-04-08,56.91,Paid,2,2025-04-10
700841,916281,408,2025-04-08,59.22,Paid,20,2025-04-28
700842,902566,62,2025-04-08,76.53,Paid,5,2025-04-13
700843,912293,312,2025-04-07,146.13,Paid,17,2025-04-24
700844,911184,279,2025-04-09,90.29,Paid,18,2025-04-27
700845,914716,371,2025-04-09,56.47,Paid,9,2025-04-18
700846,906866,173,2025-04-09,130.63,Paid,0,2025-04-09
700847,903361,86,2025-04-09,59.15,Paid,9,2025-04-18
700848,900896,25,2025-04-07,81.1,Paid,0,2025-04-07
700849,906394,164,2025-04-09,61.24,Paid,2,2025-04-11
700850,905302,137,2025-04-09,135.45,Paid,15,2025-04-24
700851,903975,103,2025-04-09,81.11,Paid,0,2025-04-09
700852,911603,290,2025-04-08,55.86,Paid,10,2025-04-18
700853,915529,389,2025-04-07,58.33,Paid,0,2025-04-07
700854,904342,111,2025-04-09,58.03,Paid,1,2025-04-10
700855,908343,201,2025-04-09,81.79,Paid,0,2025-04-09
700856,902388,57,2025-04-08,68.3,Paid,22,2025-04-30
700857,914065,355,2025-04-08,64.95,Paid,23,2025-05-01
700858,912245,308,2025-04-08,97.71,Paid,8,2025-04-16
700859,910544,256,2025-04-08,57.64,Paid,11,2025-04-19
700860,904107,105,2025-04-10,56.77,Paid,0,2025-04-10
700861,905772,146,2025-04-10,94.1,Paid,1,2025-04-11
700862,900510,13,2025-04-08,98.19,Paid,12,2025-04-20
700863,910091,246,2025-04-09,110.36,Paid,14,2025-04-23
700864,916178,404,2025-04-10,55.43,Paid,11,2025-04-21
700865,904163,105,2025-04-10,90.31,Paid,9,2025-04-19
700866,901499,37,2025-04-08,60.93,Paid,14,2025-04-22
700867,905987,151,2025-04-08,59.94,Paid,0,2025-04-08
700868,912416,313,2025-04-09,210.79,Paid,0,2025-04-09
700869,903352,85,2025-04-10,123.89,Paid,9,2025-04-19
700870,907542,187,2025-04-09,54.44,Paid,1,2025-04-10
700871,900096,2,2025-04-09,94.36,Paid,9,2025-04-18
700872,909038,219,2025-04-09,62.89,Paid,20,2025-04-29
700873,906129,155,2025-04-08,91.53,Paid,18,2025-04-26
700874,916338,408,2025-04-09,93.41,Paid,2,2025-04-11
700875,914027,354,2025-04-10,57.51,Paid,12,2025-04-22
700876,915898,397,2025-04-10,60.33,Paid,0,2025-04-10
700877,901915,45,2025-04-08,55.71,Paid,3,2025-04-11
700878,916243,406,2025-04-09,58.98,Paid,10,2025-04-19
700879,903873,100,2025-04-08,116.61,Paid,11,2025-04-19
700880,913472,341,2025-04-08,98.68,Paid,0,2025-04-08
700881,906499,166,2025-04-08,53.19,Paid,5,2025-04-13
700882,902700,65,2025-04-09,91.7,Paid,13,2025-04-22
700883,910988,270,2025-04-10,59.19,Paid,10,2025-04-20
700884,904484,115,2025-04-09,67.35,Paid,19,2025-04-28
700885,914926,375,2025-04-09,95.93,Paid,16,2025-04-25
700886,909556,232,2025-04-10,61.76,Paid,1,2025-04-11
700887,909725,235,2025-04-09,52.94,Paid,21,2025-04-30
700888,902482,58,2025-04-08,103.67,Paid,15,2025-04-23
700889,904898,124,2025-04-09,76.89,Paid,8,2025-04-17
700890,917399,221,2025-04-09,489.87,Paid,3,2025-04-12
700891,902417,57,2025-04-10,115.39,Paid,15,2025-04-25
700892,900273,7,2025-04-08,95.99,Paid,8,2025-04-16
700893,907136,179,2025-04-08,98.27,Paid,15,2025-04-23
700894,912877,329,2025-04-08,68.4,Paid,8,2025-04-16
700895,916713,416,2025-04-09,129.0,Paid,16,2025-04-25
700896,914973,377,2025-04-08,72.69,Paid,13,2025-04-21
700897,904172,107,2025-04-08,58.77,Paid,6,2025-04-14
700898,908485,205,2025-04-10,80.49,Paid,10,2025-04-20
700899,908541,205,2025-04-08,131.63,Paid,3,2025-04-11
700900,903002,72,2025-04-09,140.74,Paid,6,2025-04-15
700901,902766,66,2025-04-08,129.18,Paid,7,2025-04-15
700902,906940,176,2025-04-09,79.8,Paid,0,2025-04-09
700903,908990,215,2025-04-09,203.39,Paid,17,2025-04-26
700904,900348,10,2025-04-09,58.75,Paid,6,2025-04-15
700905,902908,71,2025-04-10,55.58,Paid,16,2025-04-26
700906,902142,51,2025-04-08,123.28,Paid,23,2025-05-01
700907,916797,419,2025-04-08,80.15,Paid,18,2025-04-26
700908,902776,69,2025-04-09,55.7,Paid,15,2025-04-24
700909,901745,42,2025-04-11,74.5,Paid,12,2025-04-23
700910,916103,402,2025-04-11,65.05,Paid,22,2025-05-03
700911,912037,303,2025-04-11,129.61,Paid,18,2025-04-29
700912,909716,234,2025-04-09,88.59,Paid,16,2025-04-25
700913,906016,151,2025-04-11,88.81,Paid,8,2025-04-19
700914,909791,236,2025-04-10,126.13,Paid,4,2025-04-14
700915,916094,401,2025-04-09,84.86,Paid,3,2025-04-12
700916,914640,368,2025-04-10,55.27,Paid,8,2025-04-18
700917,904041,104,2025-04-11,58.44,Paid,21,2025-05-02
700918,911736,294,2025-04-11,91.5,Paid,11,2025-04-22
700919,906770,172,2025-04-11,56.11,Paid,0,2025-04-11
700920,916132,402,2025-04-09,109.13,Paid,20,2025-04-29
700921,907297,181,2025-04-11,98.96,Paid,15,2025-04-26
700922,900377,10,2025-04-09,97.28,Paid,18,2025-04-27
700923,914304,361,2025-04-09,56.95,Paid,19,2025-04-28
700924,904644,118,2025-04-11,93.59,Paid,0,2025-04-11
700925,907739,191,2025-04-10,106.17,Paid,0,2025-04-10
700926,907532,186,2025-04-11,94.09,Paid,5,2025-04-16
700927,907241,181,2025-04-09,62.56,Paid,4,2025-04-13
700928,900002,1,2025-04-09,58.12,Paid,14,2025-04-23
700929,912178,307,2025-04-11,61.81,Paid,23,2025-05-04
700930,904963,125,2025-04-11,80.08,Paid,0,2025-04-11
700931,915632,391,2025-04-10,63.01,Paid,13,2025-04-23
700932,908013,196,2025-04-09,59.15,Paid,20,2025-04-29
700933,900067,2,2025-04-10,58.64,Paid,3,2025-04-13
700934,911943,302,2025-04-11,120.33,Paid,3,2025-04-14
700935,906279,159,2025-04-10,97.67,Paid,20,2025-04-30
700936,911324,282,2025-04-09,176.1,Paid,11,2025-04-20
700937,908934,215,2025-04-09,123.51,Paid,12,2025-04-21
700938,900058,1,2025-04-10,89.81,Paid,10,2025-04-20
700939,914783,372,2025-04-11,180.53,Paid,3,2025-04-14
700940,901302,34,2025-04-10,66.68,Paid,17,2025-04-27
700941,907005,177,2025-04-10,55.75,Paid,21,2025-05-01
700942,912867,328,2025-04-11,106.07,Paid,20,2025-05-01
700943,914850,373,2025-04-10,91.67,Paid,6,2025-04-16
700944,909612,232,2025-04-11,92.33,Paid,1,2025-04-12
700945,917227,135,2025-04-09,410.5,Paid,7,2025-04-16
700946,915426,387,2025-04-11,65.93,Paid,15,2025-04-26
700947,905028,126,2025-04-09,82.68,Paid,12,2025-04-21
700948,911830,295,2025-04-11,104.94,Paid,16,2025-04-27
700949,909160,221,2025-04-10,183.8,Paid,18,2025-04-28
700950,913073,333,2025-04-11,80.75,Paid,8,2025-04-19
700951,910752,266,2025-04-10,50.41,Paid,5,2025-04-15
700952,915322,385,2025-04-11,82.0,Paid,10,2025-04-21
700953,910582,259,2025-04-11,125.35,Paid,0,2025-04-11
700954,900624,16,2025-04-11,63.01,Paid,13,2025-04-24
700955,906177,157,2025-04-10,57.12,Paid,0,2025-04-10
700956,910705,261,2025-04-11,86.9,Paid,0,2025-04-11
700957,906564,167,2025-04-10,50.96,Paid,0,2025-04-10
700958,911774,295,2025-04-12,68.61,Paid,17,2025-04-29
700959,901255,31,2025-04-12,191.05,Paid,11,2025-04-23
700960,914238,359,2025-04-10,84.76,Paid,5,2025-04-15
700961,914473,365,2025-04-10,56.01,Paid,14,2025-04-24
700962,911878,299,2025-04-11,58.6,Paid,0,2025-04-11
700963,912046,304,2025-04-11,98.05,Paid,11,2025-04-22
700964,901199,31,2025-04-11,124.57,Paid,2,2025-04-13
700965,909914,238,2025-04-10,94.06,Paid,9,2025-04-19
700966,900548,14,2025-04-10,109.69,Paid,18,2025-04-28
700967,909367,227,2025-04-11,87.16,Paid,2,2025-04-13
700968,904690,120,2025-04-10,82.41,Paid,10,2025-04-20
700969,909273,226,2025-04-10,74.34,Paid,0,2025-04-10
700970,912491,316,2025-04-11,112.39,Paid,6,2025-04-17
700971,902038,47,2025-04-11,91.81,Paid,19,2025-04-30
700972,913859,351,2025-04-12,58.63,Paid,10,2025-04-22
700973,904888,123,2025-04-12,98.01,Paid,12,2025-04-24
700974,913850,350,2025-04-10,92.38,Paid,19,2025-04-29
700975,910194,248,2025-04-11,185.76,Paid,0,2025-04-11
700976,900387,11,2025-04-10,57.65,Paid,0,2025-04-10
700977,912426,314,2025-04-10,63.97,Paid,31,2025-05-11
700978,914964,376,2025-04-12,142.28,Paid,11,2025-04-23
700979,904588,118,2025-04-11,56.77,Paid,13,2025-04-24
700980,900235,6,2025-04-12,94.51,Paid,3,2025-04-15
700981,906996,176,2025-04-10,126.39,Paid,10,2025-04-20
700982,911501,288,2025-04-10,60.18,Paid,4,2025-04-14
700983,910506,255,2025-04-12,57.7,Paid,10,2025-04-22
700984,902323,55,2025-04-10,93.26,Paid,21,2025-05-01
700985,908078,197,2025-04-12,86.49,Paid,10,2025-04-22
700986,915275,383,2025-04-11,95.32,Paid,0,2025-04-11
700987,910138,248,2025-04-11,116.14,Paid,6,2025-04-17
700988,904446,114,2025-04-11,67.71,Paid,25,2025-05-06
700989,913405,340,2025-04-12,114.14,Paid,25,2025-05-07
700990,917691,361,2025-04-12,418.99,Paid,0,2025-04-12
700991,901632,39,2025-04-12,99.97,Paid,0,2025-04-12
700992,911398,286,2025-04-11,58.41,Paid,8,2025-04-19
700993,908868,213,2025-04-10,128.2,Paid,3,2025-04-13
700994,900142,4,2025-04-10,78.83,Paid,15,2025-04-25
700995,909781,235,2025-04-12,102.97,Paid,12,2025-04-24
700996,905847,148,2025-04-10,53.93,Paid,18,2025-04-28
700997,914575,367,2025-04-11,56.71,Paid,0,2025-04-11
700998,900963,27,2025-04-10,81.27,Paid,0,2025-04-10
700999,912360,313,2025-04-11,109.59,Paid,5,2025-04-16
701000,916001,399,2025-04-11,57.18,Paid,0,2025-04-11
701001,909480,230,2025-04-11,121.36,Paid,5,2025-04-16
701002,915992,398,2025-04-10,113.59,Paid,27,2025-05-07
701003,904755,121,2025-04-12,71.2,Paid,5,2025-04-17
701004,914369,362,2025-04-12,56.19,Paid,3,2025-04-15
701005,916750,417,2025-04-13,91.58,Paid,2,2025-04-15
701006,910308,251,2025-04-13,57.75,Paid,0,2025-04-13
701007,909376,228,2025-04-13,73.3,Paid,4,2025-04-17
701008,915360,386,2025-04-12,58.6,Paid,4,2025-04-16
701009,905160,132,2025-04-12,84.01,Paid,11,2025-04-23
701010,913064,331,2025-04-13,99.54,Paid,12,2025-04-25
701011,902605,64,2025-04-13,77.2,Paid,26,2025-05-09
701012,904793,122,2025-04-13,88.94,Paid,24,2025-05-07
701013,911670,293,2025-04-12,54.53,Paid,3,2025-04-15
701014,902842,70,2025-04-12,67.4,Paid,17,2025-04-29
701015,911128,279,2025-04-13,56.64,Paid,17,2025-04-30
701016,907174,180,2025-04-11,84.62,Paid,20,2025-05-01
701017,913214,336,2025-04-13,76.42,Paid,9,2025-04-22
701018,910374,252,2025-04-11,57.61,Paid,16,2025-04-27
701019,915029,377,2025-04-11,130.17,Paid,6,2025-04-17
701020,901094,29,2025-04-12,98.27,Paid,31,2025-05-13
701021,903702,97,2025-04-13,74.47,Paid,6,2025-04-19
701022,916553,413,2025-04-12,85.25,Paid,0,2025-04-12
701023,909857,238,2025-04-12,60.22,Paid,0,2025-04-12
701024,915039,378,2025-04-11,117.96,Paid,15,2025-04-26
701025,907231,180,2025-04-12,134.08,Paid,0,2025-04-12
701026,903012,76,2025-04-12,54.71,Paid,26,2025-05-08
701027,911660,290,2025-04-12,92.6,Paid,9,2025-04-21
701028,907730,190,2025-04-11,151.59,Paid,26,2025-05-07
701029,910921,269,2025-04-13,55.83,Paid,0,2025-04-13
701030,901575,39,2025-04-11,60.99,Paid,6,2025-04-17
701031,912112,306,2025-04-12,64.63,Paid,14,2025-04-26
701032,912169,306,2025-04-12,83.92,Paid,10,2025-04-22
701033,908314,201,2025-04-11,53.51,Paid,5,2025-04-16
701034,901537,38,2025-04-13,59.83,Paid,0,2025-04-13
701035,903286,84,2025-04-12,88.0,Paid,13,2025-04-25
701036,905781,147,2025-04-13,54.0,Paid,15,2025-04-28
701037,910855,268,2025-04-11,59.54,Paid,0,2025-04-11
701038,902085,51,2025-04-12,65.5,Paid,15,2025-04-27
701039,916403,409,2025-04-12,132.07,Paid,0,2025-04-12
701040,903219,83,2025-04-13,62.56,Paid,6,2025-04-19
701041,906270,158,2025-04-13,112.05,Paid,16,2025-04-29
701042,903532,92,2025-04-11,80.73,Paid,2,2025-04-13
701043,909103,221,2025-04-13,122.62,Paid,14,2025-04-27
701044,903077,77,2025-04-13,68.23,Paid,21,2025-05-04
701045,904228,107,2025-04-13,90.22,Paid,23,2025-05-06
701046,914754,372,2025-04-12,118.8,Paid,8,2025-04-20
701047,915698,393,2025-04-12,78.47,Paid,5,2025-04-17
701048,904237,109,2025-04-13,54.3,Paid,9,2025-04-22
701049,904266,109,2025-04-13,89.06,Paid,0,2025-04-13
701050,905473,140,2025-04-11,93.47,Paid,9,2025-04-20
701051,906317,161,2025-04-11,51.45,Paid,12,2025-04-23
701052,906346,161,2025-04-13,97.54,Paid,6,2025-04-19
701053,912698,322,2025-04-13,169.48,Paid,27,2025-05-10
701054,902276,53,2025-04-11,155.15,Paid,35,2025-05-16
701055,913756,349,2025-04-12,125.35,Paid,16,2025-04-28
701056,914793,373,2025-04-12,57.57,Paid,2,2025-04-14
701057,907408,184,2025-04-13,80.92,Paid,5,2025-04-18
701058,906384,163,2025-04-13,128.52,Paid,22,2025-05-05
701059,907673,190,2025-04-12,90.41,Paid,14,2025-04-26
701060,901368,35,2025-04-13,46.68,Paid,20,2025-05-03
701061,904276,110,2025-04-13,75.77,Paid,16,2025-04-29
701062,903295,85,2025-04-12,79.67,Paid,10,2025-04-22
701063,900689,18,2025-04-12,57.82,Paid,12,2025-04-24
701064,901028,28,2025-04-13,58.55,Paid,10,2025-04-23
701065,908652,208,2025-04-11,126.65,Paid,9,2025-04-20
701066,916992,32,2025-04-12,337.75,Paid,11,2025-04-23
701067,908765,211,2025-04-13,63.31,Paid,27,2025-05-10
701068,917034,52,2025-04-12,10830.65,Paid,23,2025-05-05
701069,916862,420,2025-04-13,82.07,Paid,19,2025-05-02
701070,909518,231,2025-04-11,78.21,Paid,22,2025-05-03
701071,916928,2,2025-04-11,287.57,Paid,8,2025-04-19
701072,900282,9,2025-04-13,58.52,Paid,0,2025-04-13
701073,900133,3,2025-04-12,131.95,Paid,5,2025-04-17
701074,917448,243,2025-04-11,557.73,Paid,3,2025-04-14
701075,901160,30,2025-04-12,57.99,Paid,1,2025-04-13
701076,901679,41,2025-04-12,55.29,Paid,7,2025-04-19
701077,900558,15,2025-04-14,56.09,Paid,20,2025-05-04
701078,907475,186,2025-04-14,60.34,Paid,15,2025-04-29
701079,916449,411,2025-04-13,113.69,Paid,0,2025-04-13
701080,903769,98,2025-04-13,57.38,Paid,0,2025-04-13
701081,907881,194,2025-04-12,60.76,Paid,10,2025-04-22
701082,910100,247,2025-04-14,69.44,Paid,29,2025-05-13
701083,917408,228,2025-04-12,3389.19,Paid,16,2025-04-28
701084,906053,152,2025-04-14,94.37,Paid,2,2025-04-16
701085,915765,394,2025-04-12,63.54,Paid,11,2025-04-23
701086,913689,348,2025-04-12,56.44,Paid,10,2025-04-22
701087,900453,13,2025-04-13,53.98,Paid,10,2025-04-23
701088,902973,72,2025-04-13,82.57,Paid,5,2025-04-18
701089,905245,137,2025-04-14,77.26,Paid,0,2025-04-14
701090,903863,99,2025-04-12,126.02,Paid,15,2025-04-27
701091,902899,70,2025-04-12,104.13,Paid,24,2025-05-06
701092,905350,139,2025-04-14,63.38,Paid,11,2025-04-25
701093,914888,374,2025-04-14,123.66,Paid,0,2025-04-14
701094,908419,204,2025-04-12,54.97,Paid,5,2025-04-17
701095,906666,170,2025-04-12,78.49,Paid,6,2025-04-18
701096,914104,356,2025-04-13,80.91,Paid,11,2025-04-24
701097,916057,399,2025-04-14,85.72,Paid,0,2025-04-14
701098,909621,233,2025-04-12,70.67,Paid,4,2025-04-16
701099,904032,103,2025-04-14,127.28,Paid,11,2025-04-25
701100,910203,249,2025-04-13,83.09,Paid,18,2025-05-01
701101,915162,379,2025-04-14,93.18,Paid,0,2025-04-14
701102,905169,133,2025-04-12,58.19,Paid,4,2025-04-16
701103,903257,84,2025-04-12,61.4,Paid,7,2025-04-19
701104,913415,341,2025-04-13,56.34,Paid,17,2025-04-30
701105,910129,247,2025-04-14,102.8,Paid,14,2025-04-28
701106,913482,342,2025-04-13,58.1,Paid,5,2025-04-18
701107,910648,261,2025-04-13,55.3,Paid,10,2025-04-23
701108,912254,309,2025-04-14,59.22,Paid,3,2025-04-17
701109,901981,47,2025-04-12,59.1,Paid,11,2025-04-23
701110,910025,245,2025-04-12,80.67,Paid,8,2025-04-20
701111,913338,339,2025-04-14,91.76,Paid,9,2025-04-23
701112,903153,81,2025-04-12,86.79,Paid,12,2025-04-24
701113,901358,34,2025-04-12,117.54,Paid,18,2025-04-30
701114,910714,262,2025-04-12,75.38,Paid,25,2025-05-07
701115,917669,351,2025-04-12,466.2,Paid,2,2025-04-14
701116,906809,173,2025-04-13,78.73,Paid,8,2025-04-21
701117,916515,412,2025-04-12,80.07,Paid,3,2025-04-15
701118,910241,250,2025-04-14,78.38,Paid,3,2025-04-17
701119,903106,77,2025-04-13,110.77,Paid,23,2025-05-06
701120,912942,330,2025-04-13,58.51,Paid,2,2025-04-15
701121,916619,414,2025-04-14,61.25,Paid,0,2025-04-14
701122,916648,414,2025-04-13,89.55,Paid,5,2025-04-18
701123,909235,225,2025-04-15,61.67,Paid,4,2025-04-19
701124,910808,266,2025-04-13,95.55,Paid,16,2025-04-29
701125,915209,382,2025-04-15,70.99,Paid,13,2025-04-28
701126,905716,146,2025-04-15,59.08,Paid,4,2025-04-19
701127,913963,353,2025-04-14,55.9,Paid,21,2025-05-05
701128,906875,175,2025-04-15,93.59,Paid,24,2025-05-09
701129,909471,229,2025-04-14,101.97,Paid,0,2025-04-14
701130,907071,178,2025-04-15,57.22,Paid,3,2025-04-18
701131,906167,156,2025-04-15,92.38,Paid,0,2025-04-15
701132,917685,359,2025-04-15,672.94,Paid,11,2025-04-26
701133,916506,411,2025-04-13,178.26,Paid,0,2025-04-13
701134,912216,308,2025-04-15,57.97,Paid,0,2025-04-15
701135,917599,315,2025-04-14,1874.02,Paid,13,2025-04-27
701136,914859,374,2025-04-13,82.64,Paid,0,2025-04-13
701137,912707,323,2025-04-13,69.44,Paid,20,2025-05-03
701138,911333,283,2025-04-14,114.15,Paid,3,2025-04-17
701139,905548,143,2025-04-13,63.17,Paid,9,2025-04-22
701140,907833,192,2025-04-14,171.76,Paid,16,2025-04-30
701141,908211,199,2025-04-14,83.28,Paid,13,2025-04-27
701142,901434,36,2025-04-15,74.85,Paid,0,2025-04-15
701143,905417,140,2025-04-14,60.45,Paid,4,2025-04-18
701144,914407,363,2025-04-13,54.25,Paid,21,2025-05-04
701145,906100,155,2025-04-15,61.58,Paid,13,2025-04-28
701146,914171,357,2025-04-14,76.37,Paid,13,2025-04-27
701147,901264,32,2025-04-15,61.2,Paid,11,2025-04-26
701148,907804,192,2025-04-14,121.02,Paid,20,2025-05-04
701149,905613,144,2025-04-15,57.22,Paid,5,2025-04-20
701150,915963,398,2025-04-14,65.29,Paid,27,2025-05-11
701151,909960,242,2025-04-14,77.11,Paid,17,2025-05-01
701152,903599,95,2025-04-15,93.01,Paid,28,2025-05-13
701153,902152,52,2025-04-14,119.19,Paid,8,2025-04-22
701154,909311,227,2025-04-13,53.3,Paid,16,2025-04-29
701155,904822,122,2025-04-13,156.61,Paid,29,2025-05-12
701156,915416,386,2025-04-13,91.09,Paid,2,2025-04-15
701157,913167,334,2025-04-14,90.94,Paid,7,2025-04-21
701158,917438,237,2025-04-13,8607.72,Paid,17,2025-04-30
701159,904437,113,2025-04-13,94.93,Paid,17,2025-04-30
701160,909442,229,2025-04-14,65.49,Paid,4,2025-04-18
701161,907306,182,2025-04-14,55.98,Paid,10,2025-04-24
701162,902426,58,2025-04-14,70.99,Paid,9,2025-04-23
701163,901490,36,2025-04-13,137.38,Paid,1,2025-04-14
701164,913008,331,2025-04-13,58.48,Paid,0,2025-04-13
701165,904333,110,2025-04-14,112.69,Paid,25,2025-05-09
701166,902671,65,2025-04-15,51.38,Paid,0,2025-04-15
701167,916657,416,2025-04-13,82.2,Paid,14,2025-04-27
701168,909170,222,2025-04-14,76.65,Paid,9,2025-04-23
701169,906308,159,2025-04-14,158.98,Paid,26,2025-05-10
701170,916347,409,2025-04-15,64.08,Paid,9,2025-04-24
701171,915313,384,2025-04-15,106.55,Paid,23,2025-05-08
701172,915284,384,2025-04-15,69.42,Paid,23,2025-05-08
701173,904408,113,2025-04-13,56.32,Paid,9,2025-04-22
701174,917809,416,2025-04-16,641.7,Paid,7,2025-04-23
701175,907608,188,2025-04-16,66.0,Paid,37,2025-05-23
701176,914463,363,2025-04-14,100.24,Paid,13,2025-04-27
701177,911604,290,2025-04-14,55.56,Paid,0,2025-04-14
701178,905912,149,2025-04-14,59.72,Paid,14,2025-04-28
701179,915351,385,2025-04-14,126.49,Paid,8,2025-04-22
701180,912294,312,2025-04-16,142.19,Paid,15,2025-05-01
701181,909660,234,2025-04-14,55.58,Paid,0,2025-04-14
701182,901851,44,2025-04-15,61.8,Paid,12,2025-04-27
701183,906395,164,2025-04-14,62.32,Paid,8,2025-04-22
701184,900793,21,2025-04-14,94.99,Paid,12,2025-04-26
701185,911934,299,2025-04-15,98.58,Paid,0,2025-04-15
701186,913138,334,2025-04-14,55.97,Paid,0,2025-04-14
701187,904540,115,2025-04-14,108.65,Paid,15,2025-04-29
701188,916282,408,2025-04-14,56.34,Paid,4,2025-04-18
701189,913585,345,2025-04-16,56.94,Paid,0,2025-04-16
701190,901916,45,2025-04-15,55.7,Paid,5,2025-04-20
701191,904475,114,2025-04-16,118.21,Paid,13,2025-04-29
701192,912669,322,2025-04-16,120.65,Paid,8,2025-04-24
701193,902519,60,2025-04-15,94.49,Paid,0,2025-04-15
701194,912604,320,2025-04-16,80.01,Paid,17,2025-05-03
701195,915482,387,2025-04-15,105.73,Paid,24,2025-05-09
701196,912207,307,2025-04-14,92.23,Paid,1,2025-04-15
701197,905483,142,2025-04-14,58.15,Paid,7,2025-04-21
701198,904832,123,2025-04-15,60.02,Paid,10,2025-04-25
701199,910845,267,2025-04-15,182.15,Paid,14,2025-04-29
701200,906451,164,2025-04-14,99.78,Paid,5,2025-04-19
701201,908409,203,2025-04-15,122.61,Paid,1,2025-04-16
701202,910441,254,2025-04-16,66.24,Paid,17,2025-05-03
701203,903664,96,2025-04-16,55.96,Paid,1,2025-04-17
701204,914161,356,2025-04-15,120.2,Paid,11,2025-04-26
701205,915530,389,2025-04-15,57.9,Paid,0,2025-04-15
701206,912482,314,2025-04-16,111.74,Paid,25,2025-05-11
701207,914566,366,2025-04-15,133.45,Paid,20,2025-05-05
701208,902220,53,2025-04-16,87.52,Paid,12,2025-04-28
701209,910573,256,2025-04-14,88.84,Paid,1,2025-04-15
701210,905084,126,2025-04-14,126.2,Paid,13,2025-04-27
701211,903418,86,2025-04-14,93.12,Paid,12,2025-04-26
701212,905311,138,2025-04-16,58.1,Paid,3,2025-04-19
701213,908145,198,2025-04-14,117.78,Paid,1,2025-04-15
701214,907795,191,2025-04-16,201.15,Paid,2,2025-04-18
701215,903976,103,2025-04-16,76.85,Paid,6,2025-04-22
701216,915106,379,2025-04-15,54.76,Paid,6,2025-04-21
701217,913349,340,2025-04-16,70.83,Paid,22,2025-05-08
701218,903428,87,2025-04-16,56.43,Paid,5,2025-04-21
701219,908643,207,2025-04-15,109.1,Paid,22,2025-05-07
701220,913281,339,2025-04-16,57.72,Paid,3,2025-04-19
701221,907842,193,2025-04-14,55.49,Paid,8,2025-04-22
701222,908999,216,2025-04-16,51.32,Paid,11,2025-04-27
701223,906657,169,2025-04-15,113.65,Paid,13,2025-04-28
701224,906138,156,2025-04-15,57.24,Paid,0,2025-04-15
701225,916544,412,2025-04-15,119.46,Paid,9,2025-04-24
701226,901785,43,2025-04-16,61.66,Paid,0,2025-04-16
701227,904343,111,2025-04-15,55.04,Paid,9,2025-04-24
701228,903362,86,2025-04-16,60.41,Paid,0,2025-04-16
701229,912811,328,2025-04-16,64.27,Paid,14,2025-04-30
701230,908681,208,2025-04-14,202.5,Paid,0,2025-04-14
701231,907948,195,2025-04-14,58.71,Paid,15,2025-04-29
701232,900519,14,2025-04-16,61.41,Paid,11,2025-04-27
701233,916234,404,2025-04-15,90.63,Paid,7,2025-04-22
701234,916798,419,2025-04-15,80.12,Paid,3,2025-04-18
701235,909028,216,2025-04-15,86.53,Paid,7,2025-04-22
701236,906500,166,2025-04-15,60.99,Paid,13,2025-04-28
701237,912566,318,2025-04-16,60.9,Paid,0,2025-04-16
701238,912520,316,2025-04-16,168.33,Paid,12,2025-04-28
701239,906941,176,2025-04-16,79.44,Paid,1,2025-04-17
701240,905604,143,2025-04-17,102.85,Paid,18,2025-05-05
701241,900897,25,2025-04-16,75.07,Paid,21,2025-05-07
701242,915832,395,2025-04-16,61.58,Paid,10,2025-04-26
701243,915491,388,2025-04-17,61.43,Paid,19,2025-05-06
701244,916722,417,2025-04-16,59.21,Paid,0,2025-04-16
701245,914538,366,2025-04-17,76.75,Paid,10,2025-04-27
701246,908486,205,2025-04-15,68.07,Paid,14,2025-04-29
701247,907362,182,2025-04-15,97.39,Paid,12,2025-04-27
701248,913548,343,2025-04-16,77.6,Paid,5,2025-04-21
701249,909557,232,2025-04-16,54.01,Paid,11,2025-04-27
701250,906629,169,2025-04-16,62.2,Paid,29,2025-05-15
701251,903874,100,2025-04-16,112.89,Paid,2,2025-04-18
701252,909547,231,2025-04-15,125.62,Paid,18,2025-05-03
701253,917015,43,2025-04-16,530.6,Paid,16,2025-05-02
701254,907543,187,2025-04-17,59.3,Paid,14,2025-05-01
701255,902909,71,2025-04-16,60.19,Paid,0,2025-04-16
701256,911231,281,2025-04-17,60.55,Paid,0,2025-04-17
701257,914019,353,2025-04-16,92.92,Paid,14,2025-04-30
701258,908550,206,2025-04-17,59.39,Paid,8,2025-04-25
701259,911222,280,2025-04-15,91.72,Paid,0,2025-04-15
701260,916853,419,2025-04-16,116.77,Paid,14,2025-04-30
701261,902710,66,2025-04-17,75.94,Paid,3,2025-04-20
701262,904173,107,2025-04-16,58.94,Paid,10,2025-04-26
701263,912878,329,2025-04-17,73.59,Paid,28,2025-05-15
701264,909039,219,2025-04-17,70.1,Paid,21,2025-05-08
701265,908353,203,2025-04-15,82.06,Paid,16,2025-05-01
701266,914305,361,2025-04-15,58.89,Paid,22,2025-05-07
701267,900680,16,2025-04-15,93.11,Paid,5,2025-04-20
701268,913624,347,2025-04-17,55.66,Paid,17,2025-05-04
701269,913176,335,2025-04-17,60.96,Paid,1,2025-04-18
701270,910989,270,2025-04-17,57.98,Paid,13,2025-04-30
701271,916179,404,2025-04-18,57.18,Paid,0,2025-04-18
701272,907242,181,2025-04-18,58.34,Paid,2,2025-04-20
701273,904108,105,2025-04-18,59.87,Paid,2,2025-04-20
701274,912660,320,2025-04-17,131.66,Paid,1,2025-04-18
701275,914398,362,2025-04-17,98.78,Paid,3,2025-04-20
701276,909509,230,2025-04-17,164.48,Paid,0,2025-04-17
701277,907061,177,2025-04-18,101.15,Paid,0,2025-04-18
701278,904042,104,2025-04-18,56.82,Paid,12,2025-04-30
701279,904899,124,2025-04-17,75.78,Paid,0,2025-04-17
701280,909792,236,2025-04-16,125.37,Paid,4,2025-04-20
701281,908935,215,2025-04-17,119.97,Paid,0,2025-04-17
701282,905678,145,2025-04-16,120.19,Paid,0,2025-04-16
701283,907740,191,2025-04-16,118.1,Paid,1,2025-04-17
701284,909951,241,2025-04-18,99.15,Paid,0,2025-04-18
701285,913074,333,2025-04-18,71.94,Paid,0,2025-04-18
701286,916066,401,2025-04-18,58.71,Paid,6,2025-04-24
701287,901303,34,2025-04-16,67.07,Paid,9,2025-04-25
701288,900207,6,2025-04-16,58.52,Paid,9,2025-04-25
701289,904964,125,2025-04-16,76.49,Paid,7,2025-04-23
701290,916141,403,2025-04-16,76.32,Paid,17,2025-05-03
701291,909433,228,2025-04-16,125.05,Paid,6,2025-04-22
701292,901566,38,2025-04-16,86.89,Paid,16,2025-05-02
701293,907165,179,2025-04-16,136.37,Paid,32,2025-05-18
701294,905019,125,2025-04-18,120.55,Paid,13,2025-05-01
701295,903835,99,2025-04-16,78.54,Paid,5,2025-04-21
701296,917252,146,2025-04-18,394.38,Paid,9,2025-04-27
701297,907006,177,2025-04-17,58.74,Paid,3,2025-04-20
701298,911090,275,2025-04-17,58.56,Paid,15,2025-05-02
701299,900339,9,2025-04-18,98.19,Paid,0,2025-04-18
701300,901019,27,2025-04-16,125.98,Paid,8,2025-04-24
701301,908869,213,2025-04-16,120.35,Paid,14,2025-04-30
701302,905950,150,2025-04-16,58.37,Paid,18,2025-05-04
701303,911944,302,2025-04-18,111.88,Paid,20,2025-05-08
701304,915633,391,2025-04-17,67.07,Paid,16,2025-05-03
701305,915361,386,2025-04-16,57.47,Paid,0,2025-04-16
701306,911502,288,2025-04-17,63.85,Paid,0,2025-04-17
701307,917108,81,2025-04-18,10917.23,Paid,16,2025-05-04
701308,917107,81,2025-04-16,798.97,Paid,21,2025-05-07
701309,909726,235,2025-04-18,54.82,Paid,8,2025-04-26
701310,917033,51,2025-04-16,368.37,Paid,17,2025-05-03
701311,908014,196,2025-04-16,56.55,Paid,1,2025-04-17
701312,906178,157,2025-04-18,56.05,Paid,9,2025-04-27
701313,902777,69,2025-04-18,53.56,Paid,3,2025-04-21
701314,917152,103,2025-04-17,792.3,Paid,12,2025-04-29
701315,901151,29,2025-04-16,147.4,Paid,21,2025-05-07
701316,915247,383,2025-04-16,56.44,Paid,9,2025-04-25
701317,915238,382,2025-04-16,101.9,Paid,17,2025-05-03
701318,911765,294,2025-04-16,151.13,Paid,13,2025-04-29
701319,910583,259,2025-04-18,116.58,Paid,6,2025-04-24
701320,900105,3,2025-04-17,79.73,Paid,16,2025-05-03
701321,901085,28,2025-04-16,97.23,Paid,2,2025-04-18
701322,909847,236,2025-04-18,165.73,Paid,12,2025-04-30
701323,900625,16,2025-04-16,53.18,Paid,10,2025-04-26
701324,903013,76,2025-04-17,59.05,Paid,4,2025-04-21
701325,915427,387,2025-04-18,65.83,Paid,16,2025-05-04
701326,906489,165,2025-04-16,89.76,Paid,5,2025-04-21
701327,906025,152,2025-04-16,60.59,Paid,8,2025-04-24
701328,903115,79,2025-04-16,54.43,Paid,9,2025-04-25
701329,914631,367,2025-04-17,88.88,Paid,12,2025-04-29
701330,908134,197,2025-04-17,122.78,Paid,4,2025-04-21
701331,903068,76,2025-04-16,89.59,Paid,17,2025-05-03
701332,911566,289,2025-04-19,54.17,Paid,0,2025-04-19
701333,911999,302,2025-04-17,169.68,Paid,20,2025-05-07
701334,900143,4,2025-04-17,79.51,Paid,18,2025-05-05
701335,914576,367,2025-04-18,57.02,Paid,7,2025-04-25
701336,906091,153,2025-04-19,132.09,Paid,4,2025-04-23
701337,910753,266,2025-04-18,63.61,Paid,18,2025-05-06
701338,916002,399,2025-04-18,57.82,Paid,4,2025-04-22
701339,917077,70,2025-04-17,9050.31,Paid,16,2025-05-03
701340,912047,304,2025-04-19,95.61,Paid,29,2025-05-18
701341,901200,31,2025-04-17,117.52,Paid,7,2025-04-24
701342,914974,377,2025-04-17,74.87,Paid,9,2025-04-26
701343,912763,323,2025-04-18,122.46,Paid,15,2025-05-03
701344,909094,219,2025-04-17,117.53,Paid,27,2025-05-14
701345,908831,212,2025-04-18,63.8,Paid,28,2025-05-16
701346,912427,314,2025-04-19,65.46,Paid,16,2025-05-05
701347,901774,42,2025-04-17,128.63,Paid,0,2025-04-17
701348,911053,274,2025-04-18,75.09,Paid,20,2025-05-08
701349,900003,1,2025-04-17,60.21,Paid,0,2025-04-17
701350,906565,167,2025-04-17,54.95,Paid,18,2025-05-05
701351,915595,390,2025-04-18,58.88,Paid,10,2025-04-28
701352,904589,118,2025-04-19,60.71,Paid,7,2025-04-26
701353,908079,197,2025-04-17,75.32,Paid,0,2025-04-17
701354,902491,60,2025-04-17,61.18,Paid,0,2025-04-17
701355,908069,196,2025-04-17,88.4,Paid,11,2025-04-28
701356,904485,115,2025-04-17,64.85,Paid,23,2025-05-10
701357,910298,250,2025-04-19,136.76,Paid,19,2025-05-08
701358,911775,295,2025-04-17,66.78,Paid,21,2025-05-08
701359,911129,279,2025-04-18,56.67,Paid,0,2025-04-18
701360,917800,412,2025-04-18,816.82,Paid,7,2025-04-25
701361,905029,126,2025-04-17,80.1,Paid,13,2025-04-30
701362,908615,207,2025-04-19,66.45,Paid,0,2025-04-19
701363,908420,204,2025-04-19,57.83,Paid,0,2025-04-19
701364,907399,183,2025-04-17,121.28,Paid,0,2025-04-17
701365,911879,299,2025-04-18,60.03,Paid,5,2025-04-23
701366,902662,64,2025-04-17,126.77,Paid,0,2025-04-17
701367,913822,350,2025-04-19,59.35,Paid,12,2025-05-01
701368,905539,142,2025-04-17,97.21,Paid,8,2025-04-25
701369,910063,246,2025-04-19,69.65,Paid,26,2025-05-15
701370,913915,351,2025-04-18,94.14,Paid,9,2025-04-27
701371,900755,19,2025-04-17,57.68,Paid,11,2025-04-28
701372,902209,52,2025-04-19,182.1,Paid,26,2025-05-15
701373,910817,267,2025-04-19,112.62,Paid,0,2025-04-19
701374,905848,148,2025-04-19,60.71,Paid,13,2025-05-02
701375,914474,365,2025-04-17,56.58,Paid,12,2025-04-29
701376,912361,313,2025-04-19,118.87,Paid,4,2025-04-23
701377,910638,259,2025-04-17,182.43,Paid,23,2025-05-10
701378,903522,88,2025-04-19,114.21,Paid,16,2025-05-05
701379,915899,397,2025-04-18,56.0,Paid,4,2025-04-22
701380,909923,241,2025-04-18,58.4,Paid,0,2025-04-18
701381,911399,286,2025-04-17,59.76,Paid,0,2025-04-17
701382,912283,309,2025-04-17,90.02,Paid,3,2025-04-20
701383,905669,144,2025-04-17,91.65,Paid,20,2025-05-07
701384,912529,317,2025-04-18,79.63,Paid,6,2025-04-24
701385,903589,92,2025-04-17,124.8,Paid,8,2025-04-25
701386,907371,183,2025-04-19,73.82,Paid,10,2025-04-29
701387,902086,51,2025-04-19,69.15,Paid,19,2025-05-08
701388,907674,190,2025-04-19,92.0,Paid,16,2025-05-05
701389,906732,171,2025-04-19,80.3,Paid,9,2025-04-28
701390,912008,303,2025-04-18,82.81,Paid,13,2025-05-01
701391,902843,70,2025-04-18,62.65,Paid,23,2025-05-11
701392,903296,85,2025-04-18,79.85,Paid,9,2025-04-27
701393,914794,373,2025-04-18,58.23,Paid,6,2025-04-24
701394,916554,413,2025-04-18,79.46,Paid,0,2025-04-18
701395,910309,251,2025-04-20,56.45,Paid,8,2025-04-28
701396,909377,228,2025-04-20,82.75,Paid,10,2025-04-30
701397,907175,180,2025-04-18,79.88,Paid,3,2025-04-21
701398,902528,61,2025-04-20,65.02,Paid,20,2025-05-10
701399,910375,252,2025-04-20,60.35,Paid,5,2025-04-25
701400,902595,62,2025-04-19,117.79,Paid,2,2025-04-21
701401,910922,269,2025-04-20,58.52,Paid,0,2025-04-20
701402,913860,351,2025-04-20,54.45,Paid,4,2025-04-24
701403,910856,268,2025-04-19,58.46,Paid,7,2025-04-26
701404,916863,420,2025-04-18,74.21,Paid,0,2025-04-18
701405,905131,132,2025-04-20,53.74,Paid,0,2025-04-20
701406,900443,11,2025-04-18,95.38,Paid,6,2025-04-24
701407,904277,110,2025-04-18,70.18,Paid,14,2025-05-02
701408,900283,9,2025-04-20,55.15,Paid,9,2025-04-29
701409,905198,133,2025-04-18,100.36,Paid,0,2025-04-18
701410,909858,238,2025-04-18,55.32,Paid,0,2025-04-18
701411,907409,184,2025-04-20,74.75,Paid,19,2025-05-09
701412,907127,178,2025-04-20,95.21,Paid,5,2025-04-25
701413,903493,88,2025-04-18,66.68,Paid,18,2025-05-06
701414,913757,349,2025-04-18,125.25,Paid,16,2025-05-04
701415,913746,348,2025-04-19,83.7,Paid,5,2025-04-24
701416,900783,19,2025-04-20,87.43,Paid,20,2025-05-10
701417,915699,393,2025-04-19,76.8,Paid,0,2025-04-19
701418,910431,252,2025-04-20,97.9,Paid,11,2025-05-01
701419,905838,147,2025-04-20,96.94,Paid,17,2025-05-07
701420,903533,92,2025-04-20,82.78,Paid,4,2025-04-24
701421,905941,149,2025-04-19,98.15,Paid,0,2025-04-19
701422,912999,330,2025-04-20,88.31,Paid,6,2025-04-26
701423,911727,293,2025-04-18,89.28,Paid,1,2025-04-19
701424,915888,395,2025-04-20,95.01,Paid,2,2025-04-22
701425,903703,97,2025-04-20,84.59,Paid,0,2025-04-20
701426,911118,275,2025-04-20,94.02,Paid,16,2025-05-06
701427,915954,397,2025-04-18,92.59,Paid,7,2025-04-25
701428,914935,376,2025-04-19,78.15,Paid,8,2025-04-27
701429,910497,254,2025-04-19,114.27,Paid,30,2025-05-19
701430,905407,139,2025-04-19,104.99,Paid,9,2025-04-28
701431,908766,211,2025-04-20,69.52,Paid,23,2025-05-13
701432,901576,39,2025-04-20,60.26,Paid,7,2025-04-27
701433,900690,18,2025-04-20,57.73,Paid,0,2025-04-20
701434,907664,188,2025-04-18,105.14,Paid,28,2025-05-16
701435,904578,116,2025-04-18,96.57,Paid,12,2025-04-30
701436,902285,54,2025-04-19,55.62,Paid,0,2025-04-19
701437,912113,306,2025-04-19,55.33,Paid,0,2025-04-19
701438,910232,249,2025-04-19,133.39,Paid,0,2025-04-19
701439,901095,29,2025-04-20,91.03,Paid,24,2025-05-14
701440,904681,119,2025-04-18,97.85,Paid,16,2025-05-04
701441,910139,248,2025-04-18,115.25,Paid,10,2025-04-28
701442,913215,336,2025-04-18,82.68,Paid,0,2025-04-18
701443,911671,293,2025-04-20,58.55,Paid,19,2025-05-09
701444,909104,221,2025-04-20,123.09,Paid,7,2025-04-27
701445,905782,147,2025-04-19,58.83,Paid,0,2025-04-19
701446,915040,378,2025-04-18,120.77,Paid,7,2025-04-25
701447,900964,27,2025-04-18,77.85,Paid,9,2025-04-27
701448,914172,357,2025-04-20,79.2,Paid,20,2025-05-10
701449,901029,28,2025-04-20,60.34,Paid,2,2025-04-22
701450,906799,172,2025-04-20,91.85,Paid,13,2025-05-03
701451,914294,359,2025-04-19,123.48,Paid,23,2025-05-12
701452,905093,129,2025-04-21,80.45,Paid,9,2025-04-30
701453,910649,261,2025-04-21,54.14,Paid,0,2025-04-21
701454,905122,129,2025-04-20,126.56,Paid,7,2025-04-27
701455,911044,270,2025-04-20,90.91,Paid,12,2025-05-02
701456,913813,349,2025-04-20,173.35,Paid,0,2025-04-20
701457,904691,120,2025-04-21,78.9,Paid,4,2025-04-25
701458,904784,121,2025-04-19,121.26,Paid,26,2025-05-15
701459,902313,54,2025-04-20,96.14,Paid,11,2025-05-01
701460,910242,250,2025-04-21,78.46,Paid,7,2025-04-28
701461,911193,280,2025-04-19,58.62,Paid,7,2025-04-26
701462,917192,121,2025-04-20,626.22,Paid,8,2025-04-28
701463,901982,47,2025-04-21,58.03,Paid,7,2025-04-28
701464,901670,40,2025-04-21,84.91,Paid,2,2025-04-23
701465,900388,11,2025-04-21,55.52,Paid,9,2025-04-30
701466,914529,365,2025-04-21,96.55,Paid,2,2025-04-23
701467,906460,165,2025-04-21,59.23,Paid,13,2025-05-04
701468,900887,22,2025-04-21,120.96,Paid,34,2025-05-25
701469,901680,41,2025-04-19,54.12,Paid,0,2025-04-19
701470,910978,269,2025-04-21,101.86,Paid,0,2025-04-21
701471,911389,283,2025-04-19,184.91,Paid,22,2025-05-11
701472,904549,116,2025-04-20,55.16,Paid,10,2025-04-30
701473,904399,111,2025-04-19,103.15,Paid,0,2025-04-19
701474,913416,341,2025-04-21,54.11,Paid,11,2025-05-02
701475,902557,61,2025-04-20,114.25,Paid,8,2025-04-28
701476,913690,348,2025-04-19,54.55,Paid,0,2025-04-19
701477,911839,298,2025-04-19,59.99,Paid,10,2025-04-29
701478,906620,167,2025-04-20,90.34,Paid,18,2025-05-08
701479,903484,87,2025-04-21,88.18,Paid,6,2025-04-27
701480,914678,370,2025-04-20,74.44,Paid,0,2025-04-20
701481,906667,170,2025-04-20,78.24,Paid,10,2025-04-30
701482,906931,175,2025-04-21,161.39,Paid,19,2025-05-10
701483,913282,339,2025-04-20,57.71,Paid,6,2025-04-26
701484,916272,406,2025-04-19,91.98,Paid,13,2025-05-02
701485,915623,390,2025-04-21,91.35,Paid,6,2025-04-27
701486,900454,13,2025-04-20,56.81,Paid,18,2025-05-08
701487,902324,55,2025-04-19,92.23,Paid,27,2025-05-16
701488,902153,52,2025-04-20,116.52,Paid,1,2025-04-21
701489,914105,356,2025-04-21,76.87,Paid,16,2025-05-07
701490,901425,35,2025-04-21,99.41,Paid,4,2025-04-25
701491,901841,43,2025-04-20,93.23,Paid,5,2025-04-25
701492,914239,359,2025-04-19,74.14,Paid,14,2025-05-03
701493,900244,7,2025-04-19,58.91,Paid,3,2025-04-22
701494,915766,394,2025-04-21,65.84,Paid,17,2025-05-08
701495,906242,158,2025-04-21,71.47,Paid,20,2025-05-11
701496,907938,194,2025-04-20,96.62,Paid,13,2025-05-03
701497,902047,48,2025-04-20,57.78,Paid,8,2025-04-28
701498,905246,137,2025-04-19,74.76,Paid,0,2025-04-19
701499,903770,98,2025-04-20,56.56,Paid,4,2025-04-24
701500,916450,411,2025-04-20,113.05,Paid,16,2025-05-06
701501,915688,391,2025-04-19,108.32,Paid,6,2025-04-25
701502,907882,194,2025-04-21,56.93,Paid,0,2025-04-21
701503,915096,378,2025-04-21,185.74,Paid,10,2025-05-01
701504,914897,375,2025-04-20,59.92,Paid,2,2025-04-22
701505,917123,88,2025-04-21,4423.46,Paid,30,2025-05-21
701506,903655,95,2025-04-20,145.18,Paid,35,2025-05-25
701507,917240,141,2025-04-21,712.23,Paid,7,2025-04-28
701508,901369,35,2025-04-19,57.47,Paid,1,2025-04-20
701509,912943,330,2025-04-21,55.42,Paid,2,2025-04-23
701510,903693,96,2025-04-21,93.18,Paid,28,2025-05-19
701511,916919,420,2025-04-20,134.54,Paid,5,2025-04-25
701512,907476,186,2025-04-19,63.07,Paid,0,2025-04-19
701513,908276,200,2025-04-20,62.48,Paid,18,2025-05-08
701514,912605,320,2025-04-22,79.73,Paid,13,2025-05-05
701515,908004,195,2025-04-22,89.72,Paid,0,2025-04-22
701516,909264,225,2025-04-20,90.93,Paid,6,2025-04-26
701517,911463,287,2025-04-20,55.06,Paid,0,2025-04-20
701518,900953,25,2025-04-20,121.75,Paid,4,2025-04-24
701519,909961,242,2025-04-20,77.39,Paid,15,2025-05-05
701520,916169,403,2025-04-22,129.72,Paid,0,2025-04-22
701521,916412,410,2025-04-20,96.75,Paid,29,2025-05-19
701522,902379,55,2025-04-22,146.82,Paid,25,2025-05-17
701523,901917,45,2025-04-21,54.85,Paid,11,2025-05-02
701524,908212,199,2025-04-20,76.06,Paid,6,2025-04-26
701525,910743,262,2025-04-22,112.32,Paid,23,2025-05-15
701526,915586,389,2025-04-21,100.84,Paid,16,2025-05-07
701527,903154,81,2025-04-20,90.8,Paid,23,2025-05-13
701528,905418,140,2025-04-20,59.93,Paid,0,2025-04-20
701529,907307,182,2025-04-20,56.87,Paid,0,2025-04-20
701530,908690,209,2025-04-22,53.69,Paid,0,2025-04-22
701531,911287,281,2025-04-22,95.15,Paid,15,2025-05-07
701532,911296,282,2025-04-22,116.12,Paid,4,2025-04-26
701533,903600,95,2025-04-21,96.51,Paid,23,2025-05-14
701534,905717,146,2025-04-20,56.61,Paid,1,2025-04-21
701535,905549,143,2025-04-22,59.68,Paid,21,2025-05-13
701536,914408,363,2025-04-20,55.89,Paid,18,2025-05-08
701537,905614,144,2025-04-20,62.02,Paid,19,2025-05-09
701538,915833,395,2025-04-20,55.0,Paid,12,2025-05-02
701539,909226,222,2025-04-20,122.85,Paid,0,2025-04-20
701540,908551,206,2025-04-22,51.89,Paid,0,2025-04-22
701541,910365,251,2025-04-21,87.14,Paid,4,2025-04-25
701542,905207,135,2025-04-22,60.41,Paid,15,2025-05-07
701543,907072,178,2025-04-21,55.85,Paid,14,2025-05-05
701544,902606,64,2025-04-21,80.98,Paid,10,2025-05-01
701545,913964,353,2025-04-20,61.98,Paid,3,2025-04-23
701546,911557,288,2025-04-21,100.19,Paid,20,2025-05-11
701547,903210,81,2025-04-21,159.46,Paid,31,2025-05-22
701548,914028,354,2025-04-20,57.04,Paid,12,2025-05-02
701549,908354,203,2025-04-20,72.68,Paid,10,2025-04-30
701550,915200,381,2025-04-22,125.14,Paid,8,2025-04-30
701551,909171,222,2025-04-21,76.03,Paid,7,2025-04-28
701552,917069,67,2025-04-21,416.14,Paid,9,2025-04-30
701553,908727,210,2025-04-21,58.81,Paid,3,2025-04-24
701554,911594,289,2025-04-20,89.28,Paid,0,2025-04-20
701555,911232,281,2025-04-21,60.94,Paid,4,2025-04-25
701556,902567,62,2025-04-23,82.59,Paid,0,2025-04-23
701557,900559,15,2025-04-23,56.36,Paid,10,2025-05-03
701558,903977,103,2025-04-23,81.53,Paid,0,2025-04-23
701559,903966,102,2025-04-23,119.95,Paid,29,2025-05-22
701560,903759,97,2025-04-21,133.67,Paid,4,2025-04-25
701561,907609,188,2025-04-22,66.38,Paid,13,2025-05-05
701562,908267,199,2025-04-21,135.09,Paid,5,2025-04-26
701563,915531,389,2025-04-22,58.09,Paid,0,2025-04-22
701564,900794,21,2025-04-22,85.6,Paid,15,2025-05-07
701565,913925,352,2025-04-21,110.85,Paid,5,2025-04-26
701566,900615,15,2025-04-23,90.27,Paid,12,2025-05-05
701567,900898,25,2025-04-22,79.31,Paid,10,2025-05-02
701568,913625,347,2025-04-21,59.85,Paid,8,2025-04-29
701569,903363,86,2025-04-23,57.47,Paid,10,2025-05-03
701570,901907,44,2025-04-22,89.12,Paid,5,2025-04-27
701571,909661,234,2025-04-22,53.05,Paid,11,2025-05-03
701572,913350,340,2025-04-22,73.77,Paid,22,2025-05-14
701573,913614,345,2025-04-21,90.99,Paid,7,2025-04-28
701574,901786,43,2025-04-23,54.37,Paid,4,2025-04-27
701575,902389,57,2025-04-21,69.83,Paid,22,2025-05-13
701576,903143,79,2025-04-21,98.89,Paid,26,2025-05-17
701577,903429,87,2025-04-22,53.06,Paid,7,2025-04-29
701578,914669,368,2025-04-21,93.49,Paid,19,2025-05-10
701579,913539,342,2025-04-21,87.69,Paid,1,2025-04-22
701580,901852,44,2025-04-22,55.78,Paid,6,2025-04-28
701581,915172,381,2025-04-23,80.16,Paid,3,2025-04-26
701582,907598,187,2025-04-21,93.4,Paid,13,2025-05-04
701583,910442,254,2025-04-23,71.94,Paid,26,2025-05-19
701584,901972,45,2025-04-23,91.96,Paid,15,2025-05-08
701585,904344,111,2025-04-22,61.14,Paid,14,2025-05-06
701586,908146,198,2025-04-23,123.6,Paid,7,2025-04-30
701587,914745,371,2025-04-23,96.57,Paid,12,2025-05-05
701588,901642,40,2025-04-23,56.53,Paid,16,2025-05-09
701589,903938,102,2025-04-21,65.58,Paid,30,2025-05-21
701590,900746,18,2025-04-22,97.15,Paid,18,2025-05-10
701591,900859,22,2025-04-22,64.86,Paid,9,2025-05-01
701592,902711,66,2025-04-23,76.91,Paid,14,2025-05-07
701593,913483,342,2025-04-21,54.95,Paid,3,2025-04-24
701594,902221,53,2025-04-21,97.05,Paid,21,2025-05-12
701595,910535,255,2025-04-21,87.43,Paid,0,2025-04-21
701596,909650,233,2025-04-22,128.7,Paid,0,2025-04-22
701597,911605,290,2025-04-21,59.68,Paid,5,2025-04-26
701598,906723,170,2025-04-22,129.16,Paid,9,2025-05-01
701599,916788,418,2025-04-22,97.72,Paid,0,2025-04-22
701600,906396,164,2025-04-21,58.04,Paid,12,2025-05-03
701601,912933,329,2025-04-22,117.88,Paid,17,2025-05-09
701602,916658,416,2025-04-23,75.37,Paid,3,2025-04-26
701603,906810,173,2025-04-22,83.79,Paid,6,2025-04-28
701604,911081,274,2025-04-22,129.99,Paid,7,2025-04-29
701605,913129,333,2025-04-21,130.96,Paid,19,2025-05-10
701606,901528,37,2025-04-21,116.4,Paid,32,2025-05-23
701607,912812,328,2025-04-23,66.84,Paid,5,2025-04-28
701608,916610,413,2025-04-23,122.83,Paid,2,2025-04-25
701609,906356,163,2025-04-21,77.23,Paid,0,2025-04-21
701610,905351,139,2025-04-21,60.73,Paid,10,2025-05-01
701611,904833,123,2025-04-21,58.01,Paid,19,2025-05-10
701612,912295,312,2025-04-23,153.22,Paid,26,2025-05-19
701613,911868,298,2025-04-23,92.52,Paid,0,2025-04-23
701614,912350,312,2025-04-23,215.62,Paid,26,2025-05-19
701615,912773,324,2025-04-23,55.44,Paid,11,2025-05-04
701616,908924,213,2025-04-23,197.51,Paid,1,2025-04-24
701617,906876,175,2025-04-22,94.81,Paid,26,2025-05-18
701618,916760,418,2025-04-23,62.83,Paid,0,2025-04-23
701619,912708,323,2025-04-23,69.46,Paid,32,2025-05-25
701620,905484,142,2025-04-23,55.35,Paid,0,2025-04-23
701621,902778,69,2025-04-23,53.98,Paid,22,2025-05-15
701622,910990,270,2025-04-23,55.36,Paid,6,2025-04-29
701623,907137,179,2025-04-22,92.93,Paid,15,2025-05-07
701624,909558,232,2025-04-23,57.27,Paid,10,2025-05-03
701625,913204,335,2025-04-24,92.06,Paid,0,2025-04-24
701626,908487,205,2025-04-22,83.07,Paid,15,2025-05-07
701627,904486,115,2025-04-24,73.65,Paid,18,2025-05-12
701628,916180,404,2025-04-24,53.42,Paid,0,2025-04-24
701629,909727,235,2025-04-22,57.22,Paid,13,2025-05-05
701630,914975,377,2025-04-23,78.54,Paid,20,2025-05-13
701631,913009,331,2025-04-23,57.16,Paid,4,2025-04-27
701632,915900,397,2025-04-22,57.74,Paid,0,2025-04-22
701633,905706,145,2025-04-23,194.98,Paid,5,2025-04-28
701634,914306,361,2025-04-23,60.44,Paid,0,2025-04-23
701635,910545,256,2025-04-23,58.25,Paid,0,2025-04-23
701636,905903,148,2025-04-24,99.83,Paid,0,2025-04-24
701637,905340,138,2025-04-22,93.34,Paid,14,2025-05-06
701638,903875,100,2025-04-22,124.35,Paid,8,2025-04-30
701639,907949,195,2025-04-24,63.79,Paid,0,2025-04-24
701640,901435,36,2025-04-22,78.28,Paid,0,2025-04-22
701641,902076,48,2025-04-24,98.46,Paid,7,2025-05-01
701642,912879,329,2025-04-22,66.28,Paid,26,2025-05-18
701643,909312,227,2025-04-22,60.82,Paid,7,2025-04-29
701644,905988,151,2025-04-24,56.37,Paid,7,2025-05-01
701645,906063,153,2025-04-24,77.04,Paid,16,2025-05-10
701646,902910,71,2025-04-22,57.34,Paid,15,2025-05-07
701647,911334,283,2025-04-24,122.05,Paid,7,2025-05-01
701648,914066,355,2025-04-23,53.4,Paid,9,2025-05-02
701649,904174,107,2025-04-24,55.26,Paid,11,2025-05-05
701650,916348,409,2025-04-22,84.55,Paid,3,2025-04-25
701651,904653,119,2025-04-22,58.15,Paid,13,2025-05-05
701652,906501,166,2025-04-22,57.3,Paid,1,2025-04-23
701653,902427,58,2025-04-22,72.04,Paid,30,2025-05-22
701654,900349,10,2025-04-23,54.33,Paid,0,2025-04-23
701655,916244,406,2025-04-22,55.03,Paid,6,2025-04-28
701656,900004,1,2025-04-22,58.93,Paid,7,2025-04-29
701657,910754,266,2025-04-24,54.67,Paid,3,2025-04-27
701658,915107,379,2025-04-25,56.25,Paid,0,2025-04-25
701659,901500,37,2025-04-25,68.26,Paid,16,2025-05-11
701660,914717,371,2025-04-23,57.89,Paid,15,2025-05-08
701661,903014,76,2025-04-23,52.53,Paid,14,2025-05-07
701662,909793,236,2025-04-25,117.2,Paid,8,2025-05-03
701663,906942,176,2025-04-25,92.02,Paid,18,2025-05-13
701664,908936,215,2025-04-23,117.06,Paid,0,2025-04-23
701665,911945,302,2025-04-23,114.29,Paid,18,2025-05-11
701666,913075,333,2025-04-24,80.22,Paid,4,2025-04-28
701667,912179,307,2025-04-24,60.24,Paid,20,2025-05-14
701668,903078,77,2025-04-25,75.88,Paid,31,2025-05-26
701669,908015,196,2025-04-23,58.47,Paid,13,2025-05-06
701670,909040,219,2025-04-25,69.6,Paid,22,2025-05-17
701671,904043,104,2025-04-25,62.52,Paid,10,2025-05-05
701672,911737,294,2025-04-25,97.57,Paid,23,2025-05-18
701673,905030,126,2025-04-24,77.52,Paid,0,2025-04-24
701674,906771,172,2025-04-25,59.35,Paid,11,2025-05-06
701675,906179,157,2025-04-25,55.67,Paid,10,2025-05-05
701676,904965,125,2025-04-23,79.91,Paid,2,2025-04-25
701677,901746,42,2025-04-24,85.54,Paid,5,2025-04-29
701678,911503,288,2025-04-25,56.17,Paid,5,2025-04-30
701679,916283,408,2025-04-23,58.35,Paid,0,2025-04-23
701680,915362,386,2025-04-24,59.73,Paid,26,2025-05-20
701681,901304,34,2025-04-23,62.83,Paid,10,2025-05-03
701682,917218,133,2025-04-24,408.75,Paid,0,2025-04-24
701683,907741,191,2025-04-25,124.2,Paid,12,2025-05-07
701684,915634,391,2025-04-25,62.81,Paid,27,2025-05-22
701685,917726,379,2025-04-23,500.78,Paid,2,2025-04-25
701686,907243,181,2025-04-25,55.58,Paid,13,2025-05-08
701687,906280,159,2025-04-23,93.86,Paid,22,2025-05-15
701688,916104,402,2025-04-23,70.65,Paid,15,2025-05-08
701689,900626,16,2025-04-25,56.2,Paid,0,2025-04-25
701690,910584,259,2025-04-23,107.15,Paid,15,2025-05-08
701691,915323,385,2025-04-24,82.49,Paid,23,2025-05-17
701692,917642,339,2025-04-25,3512.6,Paid,2,2025-04-27
701693,904238,109,2025-04-25,60.76,Paid,20,2025-05-15
701694,908870,213,2025-04-25,122.19,Paid,0,2025-04-25
701695,914641,368,2025-04-23,62.85,Paid,8,2025-05-01
701696,905170,133,2025-04-26,61.05,Paid,6,2025-05-02
701697,904109,105,2025-04-26,54.61,Paid,0,2025-04-26
701698,913861,351,2025-04-26,61.82,Paid,16,2025-05-12
701699,912492,316,2025-04-26,116.89,Paid,16,2025-05-12
701700,900144,4,2025-04-25,75.03,Paid,19,2025-05-14
701701,910507,255,2025-04-25,57.36,Paid,5,2025-04-30
701702,917384,211,2025-04-24,318.14,Paid,15,2025-05-09
701703,900068,2,2025-04-26,51.82,Paid,4,2025-04-30
701704,915428,387,2025-04-25,63.33,Paid,29,2025-05-24
701705,909481,230,2025-04-25,127.63,Paid,17,2025-05-12
701706,904692,120,2025-04-24,81.51,Paid,0,2025-04-24
701707,905849,148,2025-04-24,56.28,Paid,2,2025-04-26
701708,914577,367,2025-04-26,60.13,Paid,11,2025-05-07
701709,904900,124,2025-04-25,81.44,Paid,8,2025-05-03
701710,916003,399,2025-04-24,56.36,Paid,2,2025-04-26
701711,911400,286,2025-04-26,56.09,Paid,0,2025-04-26
701712,904756,121,2025-04-25,70.75,Paid,32,2025-05-27
701713,911776,295,2025-04-26,66.67,Paid,18,2025-05-14
701714,912362,313,2025-04-26,122.07,Paid,10,2025-05-06
701715,906566,167,2025-04-25,57.27,Paid,0,2025-04-25
701716,916799,419,2025-04-24,73.72,Paid,14,2025-05-08
701717,904447,114,2025-04-25,66.73,Paid,26,2025-05-21
701718,911880,299,2025-04-24,62.19,Paid,8,2025-05-02
701719,901201,31,2025-04-25,124.72,Paid,13,2025-05-08
701720,917163,106,2025-04-26,675.51,Paid,0,2025-04-26
701721,907544,187,2025-04-24,54.02,Paid,3,2025-04-27
701722,900389,11,2025-04-25,55.04,Paid,11,2025-05-06
701723,908080,197,2025-04-26,80.34,Paid,14,2025-05-10
701724,910140,248,2025-04-25,126.29,Paid,4,2025-04-29
701725,901265,32,2025-04-26,58.15,Paid,0,2025-04-26
701726,912428,314,2025-04-27,66.99,Paid,29,2025-05-26
701727,916555,413,2025-04-25,81.1,Paid,15,2025-05-10
701728,908315,201,2025-04-27,61.25,Paid,15,2025-05-12
701729,914795,373,2025-04-27,56.5,Paid,10,2025-05-07
701730,911672,293,2025-04-26,62.1,Paid,12,2025-05-08
701731,908767,211,2025-04-27,68.16,Paid,18,2025-05-15
701732,905783,147,2025-04-26,55.95,Paid,20,2025-05-16
701733,907007,177,2025-04-25,57.66,Paid,15,2025-05-10
701734,912114,306,2025-04-27,57.83,Paid,18,2025-05-15
701735,903534,92,2025-04-25,83.34,Paid,17,2025-05-12
701736,903220,83,2025-04-26,56.56,Paid,4,2025-04-30
701737,902325,55,2025-04-27,95.81,Paid,22,2025-05-19
701738,909105,221,2025-04-27,122.1,Paid,4,2025-05-01
701739,903297,85,2025-04-26,82.4,Paid,3,2025-04-29
701740,902087,51,2025-04-27,70.66,Paid,23,2025-05-20
701741,901030,28,2025-04-27,56.91,Paid,0,2025-04-27
701742,908653,208,2025-04-26,127.9,Paid,0,2025-04-26
701743,909378,228,2025-04-27,73.87,Paid,14,2025-05-11
701744,914173,357,2025-04-27,91.06,Paid,15,2025-05-12
701745,900691,18,2025-04-26,55.53,Paid,5,2025-05-01
701746,903704,97,2025-04-26,71.96,Paid,21,2025-05-17
701747,909519,231,2025-04-26,78.12,Paid,0,2025-04-26
701748,910857,268,2025-04-25,53.45,Paid,0,2025-04-25
701749,904794,122,2025-04-26,93.99,Paid,32,2025-05-28
701750,900284,9,2025-04-25,61.54,Paid,4,2025-04-29
701751,910923,269,2025-04-27,57.52,Paid,1,2025-04-28
701752,907176,180,2025-04-25,88.62,Paid,11,2025-05-06
701753,909274,226,2025-04-26,78.34,Paid,17,2025-05-13
701754,907675,190,2025-04-26,94.73,Paid,29,2025-05-25
701755,909859,238,2025-04-25,57.4,Paid,0,2025-04-25
701756,910310,251,2025-04-27,54.42,Paid,20,2025-05-17
701757,913758,349,2025-04-26,112.38,Paid,4,2025-04-30
701758,902607,64,2025-04-27,81.38,Paid,0,2025-04-27
701759,908421,204,2025-04-26,60.13,Paid,0,2025-04-26
701760,915700,393,2025-04-26,73.64,Paid,10,2025-05-06
701761,901538,38,2025-04-25,57.83,Paid,17,2025-05-12
701762,901370,35,2025-04-26,56.88,Paid,0,2025-04-26
701763,907410,184,2025-04-25,79.13,Paid,0,2025-04-25
701764,901577,39,2025-04-26,60.69,Paid,15,2025-05-11
701765,904278,110,2025-04-27,69.08,Paid,20,2025-05-17
701766,910376,252,2025-04-26,56.17,Paid,6,2025-05-02
701767,917082,72,2025-04-27,689.96,Paid,6,2025-05-03
701768,916864,420,2025-04-27,82.26,Paid,1,2025-04-28
701769,901096,29,2025-04-27,90.51,Paid,23,2025-05-20
701770,913216,336,2025-04-27,85.49,Paid,3,2025-04-30
701771,902844,70,2025-04-27,69.4,Paid,39,2025-06-05
701772,914370,362,2025-04-27,56.76,Paid,0,2025-04-27
701773,906668,170,2025-04-26,79.0,Paid,11,2025-05-07
701774,910715,262,2025-04-26,67.28,Paid,23,2025-05-19
701775,910650,261,2025-04-27,59.75,Paid,20,2025-05-17
701776,913691,348,2025-04-28,57.26,Paid,0,2025-04-28
701777,914106,356,2025-04-28,76.93,Paid,4,2025-05-02
701778,905352,139,2025-04-28,57.17,Paid,2,2025-04-30
701779,911130,279,2025-04-27,60.75,Paid,11,2025-05-08
701780,914475,365,2025-04-26,53.79,Paid,1,2025-04-27
701781,901161,30,2025-04-28,58.9,Paid,7,2025-05-05
701782,916451,411,2025-04-28,112.36,Paid,3,2025-05-01
701783,909622,233,2025-04-26,81.16,Paid,13,2025-05-09
701784,917783,403,2025-04-27,2436.89,Paid,12,2025-05-09
701785,910026,245,2025-04-26,80.19,Paid,6,2025-05-02
701786,903258,84,2025-04-28,56.08,Paid,0,2025-04-28
701787,914240,359,2025-04-27,79.6,Paid,1,2025-04-28
701788,901681,41,2025-04-27,55.88,Paid,8,2025-05-05
701789,906811,173,2025-04-28,78.0,Paid,1,2025-04-29
701790,900965,27,2025-04-26,75.66,Paid,2,2025-04-28
701791,903155,81,2025-04-27,94.11,Paid,6,2025-05-03
701792,901983,47,2025-04-26,56.94,Paid,17,2025-05-13
701793,905247,137,2025-04-28,84.89,Paid,13,2025-05-11
701794,904590,118,2025-04-26,56.69,Paid,0,2025-04-26
701795,900455,13,2025-04-27,57.81,Paid,17,2025-05-14
701796,910204,249,2025-04-28,87.78,Paid,7,2025-05-05
701797,902154,52,2025-04-28,110.21,Paid,7,2025-05-05
701798,912048,304,2025-04-26,89.75,Paid,17,2025-05-13
701799,910243,250,2025-04-27,78.75,Paid,0,2025-04-27
701800,900560,15,2025-04-27,52.27,Paid,7,2025-05-04
701801,902974,72,2025-04-27,79.82,Paid,14,2025-05-11
701802,912255,309,2025-04-26,67.61,Paid,14,2025-05-10
701803,915767,394,2025-04-27,66.84,Paid,25,2025-05-22
701804,913417,341,2025-04-27,57.11,Paid,0,2025-04-27
701805,907883,194,2025-04-28,55.71,Paid,0,2025-04-28
701806,913484,342,2025-04-28,59.48,Paid,0,2025-04-28
701807,903771,98,2025-04-27,59.2,Paid,0,2025-04-27
701808,910101,247,2025-04-26,64.36,Paid,15,2025-05-11
701809,916516,412,2025-04-28,83.92,Paid,23,2025-05-21
701810,907477,186,2025-04-26,54.01,Paid,12,2025-05-08
701811,913283,339,2025-04-26,57.18,Paid,7,2025-05-03
701812,914755,372,2025-04-28,120.22,Paid,3,2025-05-01
701813,912944,330,2025-04-27,53.34,Paid,10,2025-05-07
701814,906877,175,2025-04-29,94.88,Paid,19,2025-05-18
701815,909962,242,2025-04-29,77.94,Paid,5,2025-05-04
701816,909443,229,2025-04-28,56.83,Paid,8,2025-05-06
701817,905550,143,2025-04-29,55.44,Paid,12,2025-05-11
701818,903601,95,2025-04-29,91.37,Paid,38,2025-06-06
701819,904409,113,2025-04-29,54.22,Paid,0,2025-04-29
701820,915834,395,2025-04-28,58.21,Paid,0,2025-04-28
701821,907805,192,2025-04-28,129.32,Paid,4,2025-05-02
701822,906318,161,2025-04-28,55.22,Paid,12,2025-05-10
701823,909172,222,2025-04-27,80.58,Paid,0,2025-04-27
701824,905913,149,2025-04-29,59.83,Paid,3,2025-05-02
701825,917596,315,2025-04-27,407.61,Paid,14,2025-05-11
701826,905718,146,2025-04-27,60.92,Paid,14,2025-05-11
701827,917007,37,2025-04-28,607.04,Paid,13,2025-05-11
701828,909313,227,2025-04-27,60.04,Paid,0,2025-04-27
701829,915285,384,2025-04-29,70.37,Paid,8,2025-05-07
701830,907308,182,2025-04-28,51.25,Paid,0,2025-04-28
701831,912709,323,2025-04-27,66.76,Paid,17,2025-05-14
701832,915041,378,2025-04-28,117.57,Paid,18,2025-05-16
701833,916620,414,2025-04-28,55.87,Paid,15,2025-05-13
701834,915210,382,2025-04-28,74.22,Paid,10,2025-05-08
701835,913965,353,2025-04-29,54.21,Paid,6,2025-05-05
701836,912217,308,2025-04-29,56.79,Paid,5,2025-05-04
701837,916659,416,2025-04-27,82.45,Paid,3,2025-04-30
701838,909236,225,2025-04-29,57.27,Paid,16,2025-05-15
701839,915964,398,2025-04-28,67.54,Paid,26,2025-05-24
701840,914409,363,2025-04-28,59.53,Paid,16,2025-05-14
701841,911335,283,2025-04-28,123.18,Paid,8,2025-05-06
701842,911233,281,2025-04-28,59.66,Paid,0,2025-04-28
701843,914860,374,2025-04-29,83.15,Paid,11,2025-05-10
701844,905312,138,2025-04-29,60.64,Paid,0,2025-04-29
701845,902428,58,2025-04-29,70.57,Paid,5,2025-05-04
701846,907073,178,2025-04-27,59.28,Paid,3,2025-04-30
701847,908213,199,2025-04-27,84.0,Paid,0,2025-04-27
701848,913010,331,2025-04-29,58.36,Paid,0,2025-04-29
701849,916349,409,2025-04-28,82.95,Paid,5,2025-05-03
701850,902672,65,2025-04-27,61.1,Paid,2,2025-04-29
701851,901436,36,2025-04-29,76.45,Paid,7,2025-05-06
701852,906101,155,2025-04-29,56.82,Paid,11,2025-05-10
701853,905615,144,2025-04-29,56.98,Paid,5,2025-05-04
701854,917148,102,2025-04-28,626.26,Paid,10,2025-05-08
701855,903364,86,2025-04-30,58.93,Paid,0,2025-04-30
701856,908147,198,2025-04-28,115.25,Paid,7,2025-05-05
701857,906139,156,2025-04-29,56.64,Paid,9,2025-05-08
701858,901787,43,2025-04-30,57.44,Paid,0,2025-04-30
701859,911606,290,2025-04-28,60.51,Paid,20,2025-05-18
701860,903665,96,2025-04-30,57.67,Paid,29,2025-05-29
701861,910443,254,2025-04-30,72.53,Paid,10,2025-05-10
701862,909000,216,2025-04-30,53.09,Paid,9,2025-05-09
701863,906397,164,2025-04-29,54.91,Paid,10,2025-05-09
701864,904834,123,2025-04-29,62.7,Paid,30,2025-05-29
701865,915108,379,2025-04-30,62.72,Paid,2,2025-05-02
701866,907950,195,2025-04-30,57.9,Paid,0,2025-04-30
701867,905419,140,2025-04-30,54.94,Paid,18,2025-05-18
701868,900520,14,2025-04-28,66.2,Paid,26,2025-05-24
701869,901918,45,2025-04-30,57.1,Paid,15,2025-05-15
701870,900795,21,2025-04-28,91.8,Paid,22,2025-05-20
701871,900899,25,2025-04-28,81.6,Paid,9,2025-05-07
701872,909662,234,2025-04-30,59.3,Paid,15,2025-05-15
701873,913351,340,2025-04-29,69.06,Paid,18,2025-05-17
701874,912813,328,2025-04-29,68.06,Paid,26,2025-05-25
701875,913626,347,2025-04-30,59.79,Paid,21,2025-05-21
701876,902222,53,2025-04-30,94.03,Paid,24,2025-05-24
701877,913586,345,2025-04-30,57.94,Paid,2,2025-05-02
701878,912296,312,2025-04-29,140.73,Paid,25,2025-05-24
701879,916948,15,2025-04-28,507.77,Paid,0,2025-04-28
701880,903430,87,2025-04-30,55.75,Paid,0,2025-04-30
701881,901853,44,2025-04-29,54.45,Paid,8,2025-05-07
701882,902712,66,2025-04-30,75.7,Paid,0,2025-04-30
701883,907843,193,2025-04-29,58.85,Paid,16,2025-05-15
701884,904345,111,2025-04-30,59.58,Paid,1,2025-05-01
701885,915532,389,2025-04-29,50.81,Paid,0,2025-04-29
701886,912670,322,2025-04-29,119.45,Paid,10,2025-05-09
701887,912606,320,2025-04-29,80.05,Paid,6,2025-05-05
701888,903978,103,2025-04-30,78.61,Paid,0,2025-04-30
701889,908552,206,2025-04-28,55.69,Paid,5,2025-05-03
701890,914539,366,2025-04-29,79.79,Paid,0,2025-04-29
701891,914307,361,2025-05-01,60.22,Paid,0,2025-05-01
701892,916800,419,2025-04-29,68.98,Paid,13,2025-05-12
701893,904110,105,2025-04-30,58.13,Paid,0,2025-04-30
701894,909728,235,2025-04-29,51.37,Paid,13,2025-05-12
701895,913549,343,2025-05-01,81.92,Paid,2,2025-05-03
701896,916181,404,2025-05-01,55.17,Paid,16,2025-05-17
701897,904487,115,2025-04-30,67.8,Paid,23,2025-05-23
701898,913177,335,2025-04-30,53.72,Paid,17,2025-05-17
701899,902492,60,2025-05-01,57.01,Paid,3,2025-05-04
701900,913139,334,2025-04-30,56.25,Paid,0,2025-04-30
701901,906630,169,2025-05-01,70.88,Paid,34,2025-06-04
701902,908355,203,2025-05-01,78.36,Paid,14,2025-05-15
701903,902779,69,2025-05-01,58.18,Paid,0,2025-05-01
701904,912567,318,2025-05-01,56.13,Paid,13,2025-05-14
701905,902911,71,2025-04-30,62.16,Paid,9,2025-05-09
701906,914976,377,2025-04-29,77.07,Paid,21,2025-05-20
701907,904175,107,2025-04-29,56.82,Paid,7,2025-05-06
701908,906943,176,2025-05-01,80.33,Paid,16,2025-05-17
701909,906502,166,2025-04-30,59.17,Paid,6,2025-05-06
701910,912880,329,2025-04-30,62.92,Paid,15,2025-05-15
701911,909041,219,2025-04-30,69.77,Paid,26,2025-05-26
701912,917305,171,2025-04-30,725.58,Paid,5,2025-05-05
701913,907545,187,2025-04-29,58.81,Paid,8,2025-05-07
701914,915492,388,2025-04-30,51.77,Paid,11,2025-05-11
701915,916723,417,2025-04-30,60.76,Paid,0,2025-04-30
701916,900005,1,2025-04-30,52.63,Paid,1,2025-05-01
701917,908488,205,2025-04-30,78.19,Paid,0,2025-04-30
701918,908871,213,2025-05-01,117.56,Paid,0,2025-05-01
701919,905679,145,2025-04-30,115.11,Paid,5,2025-05-05
701920,902286,54,2025-04-30,54.88,Paid,0,2025-04-30
701921,915429,387,2025-04-30,64.54,Paid,20,2025-05-20
701922,915635,391,2025-05-01,62.89,Paid,30,2025-05-31
701923,915363,386,2025-04-30,50.7,Paid,6,2025-05-06
701924,908016,196,2025-05-01,54.57,Paid,13,2025-05-14
701925,915248,383,2025-05-01,57.14,Paid,5,2025-05-06
701926,911946,302,2025-04-30,123.11,Paid,5,2025-05-05
701927,906180,157,2025-04-30,54.21,Paid,3,2025-05-03
701928,911504,288,2025-05-01,61.08,Paid,14,2025-05-15
701929,900106,3,2025-05-01,79.33,Paid,14,2025-05-15
701930,903015,76,2025-04-30,57.92,Paid,0,2025-04-30
701931,906026,152,2025-05-01,60.27,Paid,14,2025-05-15
701932,905951,150,2025-05-01,58.11,Paid,14,2025-05-15
701933,903116,79,2025-04-30,56.54,Paid,0,2025-04-30
701934,900627,16,2025-05-02,65.46,Paid,0,2025-05-02
701935,910585,259,2025-05-02,129.96,Paid,12,2025-05-14
701936,901305,34,2025-05-02,71.53,Paid,18,2025-05-20
701937,917210,129,2025-04-30,9757.59,Paid,2,2025-05-02
701938,908937,215,2025-05-01,113.6,Paid,8,2025-05-09
701939,907372,183,2025-04-30,82.21,Paid,0,2025-04-30
701940,916284,408,2025-05-02,59.14,Paid,12,2025-05-14
701941,907008,177,2025-05-01,59.53,Paid,19,2025-05-20
701942,903836,99,2025-05-01,80.85,Paid,16,2025-05-17
701943,905485,142,2025-05-02,59.73,Paid,11,2025-05-13
701944,909794,236,2025-05-02,113.75,Paid,2,2025-05-04
701945,905031,126,2025-05-02,74.58,Paid,0,2025-05-02
701946,916142,403,2025-05-01,73.86,Paid,7,2025-05-08
701947,900208,6,2025-05-01,62.7,Paid,12,2025-05-13
701948,917602,318,2025-05-01,345.17,Paid,0,2025-05-01
701949,913076,333,2025-05-01,77.56,Paid,0,2025-05-01
701950,904966,125,2025-05-01,76.21,Paid,8,2025-05-09
701951,916067,401,2025-04-30,53.81,Paid,11,2025-05-11
701952,907610,188,2025-04-30,70.92,Paid,7,2025-05-07
701953,904044,104,2025-04-30,57.92,Paid,3,2025-05-03
701954,907244,181,2025-04-30,56.31,Paid,0,2025-04-30
701955,909559,232,2025-04-30,54.81,Paid,10,2025-05-10
701956,910141,248,2025-05-02,125.1,Paid,20,2025-05-22
701957,907742,191,2025-05-01,114.34,Paid,5,2025-05-06
701958,911401,286,2025-05-02,58.26,Paid,26,2025-05-28
701959,917175,113,2025-05-03,596.84,Paid,4,2025-05-07
701960,911054,274,2025-05-03,71.22,Paid,16,2025-05-19
701961,914241,359,2025-05-01,88.41,Paid,5,2025-05-06
701962,911881,299,2025-05-03,57.59,Paid,21,2025-05-24
701963,911131,279,2025-05-01,56.65,Paid,12,2025-05-13
701964,900756,19,2025-05-02,57.83,Paid,0,2025-05-02
701965,906243,158,2025-05-01,69.29,Paid,12,2025-05-13
701966,912363,313,2025-05-02,126.14,Paid,6,2025-05-08
701967,911567,289,2025-05-03,57.65,Paid,4,2025-05-07
701968,915596,390,2025-05-01,58.76,Paid,17,2025-05-18
701969,908422,204,2025-05-02,60.69,Paid,13,2025-05-15
701970,905850,148,2025-05-02,57.13,Paid,15,2025-05-17
701971,900390,11,2025-05-01,62.03,Paid,8,2025-05-09
701972,903876,100,2025-05-01,119.22,Paid,0,2025-05-01
701973,900966,27,2025-05-02,73.98,Paid,18,2025-05-20
701974,904693,120,2025-05-02,79.55,Paid,0,2025-05-02
701975,904591,118,2025-05-01,58.47,Paid,13,2025-05-14
701976,912049,304,2025-05-03,98.39,Paid,24,2025-05-27
701977,908081,197,2025-05-01,81.82,Paid,4,2025-05-05
701978,910064,246,2025-05-01,72.2,Paid,29,2025-05-30
701979,913862,351,2025-05-02,58.53,Paid,3,2025-05-05
701980,917255,148,2025-05-02,2530.1,Paid,12,2025-05-14
701981,912429,314,2025-05-01,67.46,Paid,20,2025-05-21
701982,910755,266,2025-05-01,57.72,Paid,0,2025-05-01
701983,909924,241,2025-05-03,65.98,Paid,0,2025-05-03
701984,908616,207,2025-05-03,65.79,Paid,0,2025-05-03
701985,914476,365,2025-05-01,56.02,Paid,15,2025-05-16
701986,910991,270,2025-05-03,58.59,Paid,0,2025-05-03
701987,915901,397,2025-05-02,57.4,Paid,21,2025-05-23
701988,902326,55,2025-05-01,92.31,Paid,33,2025-06-03
701989,904901,124,2025-05-03,79.52,Paid,28,2025-05-31
701990,912530,317,2025-05-01,80.74,Paid,0,2025-05-01
701991,910377,252,2025-05-04,60.52,Paid,0,2025-05-04
701992,903494,88,2025-05-02,63.65,Paid,20,2025-05-22
701993,913823,350,2025-05-04,61.46,Paid,0,2025-05-04
701994,911091,275,2025-05-03,56.82,Paid,7,2025-05-10
701995,901031,28,2025-05-03,61.34,Paid,0,2025-05-03
701996,901097,29,2025-05-03,101.33,Paid,25,2025-05-28
701997,900245,7,2025-05-03,58.83,Paid,6,2025-05-09
701998,903298,85,2025-05-04,77.75,Paid,0,2025-05-04
701999,916865,420,2025-05-04,73.04,Paid,20,2025-05-24
702000,903535,92,2025-05-02,84.0,Paid,19,2025-05-21
702001,900285,9,2025-05-04,56.05,Paid,5,2025-05-09
702002,909860,238,2025-05-03,54.8,Paid,16,2025-05-19
702003,906733,171,2025-05-04,72.7,Paid,8,2025-05-12
702004,912009,303,2025-05-04,74.99,Paid,11,2025-05-15
702005,917681,357,2025-05-03,464.18,Paid,7,2025-05-10
702006,913759,349,2025-05-02,124.43,Paid,0,2025-05-02
702007,901578,39,2025-05-03,53.92,Paid,1,2025-05-04
702008,909379,228,2025-05-03,82.07,Paid,8,2025-05-11
702009,902088,51,2025-05-02,72.24,Paid,15,2025-05-17
702010,917157,104,2025-05-04,451.02,Paid,17,2025-05-21
702011,904279,110,2025-05-03,59.7,Paid,15,2025-05-18
702012,914796,373,2025-05-04,61.91,Paid,8,2025-05-12
702013,915042,378,2025-05-03,111.17,Paid,18,2025-05-21
702014,907676,190,2025-05-03,97.51,Paid,0,2025-05-03
702015,910818,267,2025-05-02,118.45,Paid,13,2025-05-15
702016,902845,70,2025-05-04,66.63,Paid,31,2025-06-04
702017,916556,413,2025-05-03,80.2,Paid,7,2025-05-10
702018,914174,357,2025-05-02,76.43,Paid,4,2025-05-06
702019,907177,180,2025-05-02,74.9,Paid,3,2025-05-05
702020,905132,132,2025-05-03,58.99,Paid,0,2025-05-03
702021,914936,376,2025-05-03,76.93,Paid,13,2025-05-16
702022,913217,336,2025-05-04,73.76,Paid,9,2025-05-13
702023,914578,367,2025-05-03,58.01,Paid,12,2025-05-15
702024,910924,269,2025-05-04,59.31,Paid,10,2025-05-14
702025,900692,18,2025-05-02,54.71,Paid,11,2025-05-13
702026,912115,306,2025-05-03,55.47,Paid,14,2025-05-17
702027,911673,293,2025-05-04,58.62,Paid,15,2025-05-19
702028,910858,268,2025-05-04,57.25,Paid,0,2025-05-04
702029,906567,167,2025-05-02,54.43,Paid,0,2025-05-02
702030,905784,147,2025-05-02,53.32,Paid,0,2025-05-02
702031,900456,13,2025-05-03,56.05,Paid,0,2025-05-03
702032,914107,356,2025-05-03,71.05,Paid,0,2025-05-03
702033,913284,339,2025-05-03,60.12,Paid,11,2025-05-14
702034,908832,212,2025-05-04,70.57,Paid,19,2025-05-23
702035,917406,226,2025-05-04,526.31,Paid,3,2025-05-07
702036,914679,370,2025-05-03,82.74,Paid,14,2025-05-17
702037,907411,184,2025-05-05,81.94,Paid,17,2025-05-22
702038,901682,41,2025-05-05,61.5,Paid,10,2025-05-15
702039,911777,295,2025-05-05,68.15,Paid,19,2025-05-24
702040,903156,81,2025-05-04,94.53,Paid,12,2025-05-16
702041,905094,129,2025-05-05,87.19,Paid,9,2025-05-14
702042,914898,375,2025-05-05,57.06,Paid,3,2025-05-08
702043,900561,15,2025-05-05,52.08,Paid,24,2025-05-29
702044,912945,330,2025-05-03,61.48,Paid,3,2025-05-06
702045,900145,4,2025-05-03,85.95,Paid,20,2025-05-23
702046,911194,280,2025-05-04,54.97,Paid,6,2025-05-10
702047,915768,394,2025-05-04,67.9,Paid,18,2025-05-22
702048,913485,342,2025-05-04,61.11,Paid,7,2025-05-11
702049,901984,47,2025-05-05,57.69,Paid,0,2025-05-05
702050,901202,31,2025-05-03,126.33,Paid,0,2025-05-03
702051,916452,411,2025-05-03,117.48,Paid,14,2025-05-17
702052,904550,116,2025-05-04,58.66,Paid,9,2025-05-13
702053,907884,194,2025-05-04,59.89,Paid,0,2025-05-04
702054,906812,173,2025-05-03,78.07,Paid,9,2025-05-12
702055,915701,393,2025-05-05,78.27,Paid,12,2025-05-17
702056,913692,348,2025-05-03,53.58,Paid,14,2025-05-17
702057,906669,170,2025-05-03,75.86,Paid,11,2025-05-14
702058,901371,35,2025-05-05,54.33,Paid,0,2025-05-05
702059,903772,98,2025-05-04,54.36,Paid,4,2025-05-08
702060,905248,137,2025-05-03,80.52,Paid,9,2025-05-12
702061,910244,250,2025-05-03,76.02,Paid,12,2025-05-15
702062,908277,200,2025-05-03,58.94,Paid,17,2025-05-20
702063,906461,165,2025-05-05,57.47,Paid,4,2025-05-09
702064,916004,399,2025-05-04,57.22,Paid,8,2025-05-12
702065,902155,52,2025-05-03,122.13,Paid,3,2025-05-06
702066,913418,341,2025-05-04,53.75,Paid,22,2025-05-26
702067,902529,61,2025-05-05,69.88,Paid,17,2025-05-22
702068,905353,139,2025-05-04,61.06,Paid,10,2025-05-14
702069,902048,48,2025-05-04,56.75,Paid,4,2025-05-08
702070,902608,64,2025-05-03,79.31,Paid,7,2025-05-10
702071,910651,261,2025-05-03,62.62,Paid,0,2025-05-03
702072,908768,211,2025-05-03,66.21,Paid,30,2025-06-02
702073,905208,135,2025-05-04,59.01,Paid,12,2025-05-16
702074,909314,227,2025-05-06,55.93,Paid,13,2025-05-19
702075,916947,15,2025-05-04,3377.93,Paid,18,2025-05-22
702076,907478,186,2025-05-04,57.15,Paid,8,2025-05-12
702077,913966,353,2025-05-06,55.83,Paid,7,2025-05-13
702078,916350,409,2025-05-05,84.46,Paid,0,2025-05-05
702079,907074,178,2025-05-06,53.1,Paid,6,2025-05-12
702080,910311,251,2025-05-06,60.19,Paid,3,2025-05-09
702081,911234,281,2025-05-06,58.43,Paid,0,2025-05-06
702082,908356,203,2025-05-06,82.17,Paid,6,2025-05-12
702083,908553,206,2025-05-05,60.24,Paid,11,2025-05-16
702084,903602,95,2025-05-04,94.03,Paid,21,2025-05-25
702085,902429,58,2025-05-05,66.51,Paid,20,2025-05-25
702086,912607,320,2025-05-05,81.2,Paid,0,2025-05-05
702087,915835,395,2025-05-06,55.23,Paid,8,2025-05-14
702088,916660,416,2025-05-05,78.1,Paid,1,2025-05-06
702089,916413,410,2025-05-05,99.24,Paid,16,2025-05-21
702090,901919,45,2025-05-05,62.18,Paid,11,2025-05-16
702091,911297,282,2025-05-04,128.51,Paid,11,2025-05-15
702092,907309,182,2025-05-04,54.13,Paid,24,2025-05-28
702093,909106,221,2025-05-06,120.94,Paid,15,2025-05-21
702094,909173,222,2025-05-06,77.26,Paid,9,2025-05-15
702095,906878,175,2025-05-04,100.21,Paid,28,2025-06-01
702096,903705,97,2025-05-05,78.71,Paid,1,2025-05-06
702097,909963,242,2025-05-05,76.29,Paid,6,2025-05-11
702098,914410,363,2025-05-05,58.56,Paid,0,2025-05-05
702099,908691,209,2025-05-06,58.62,Paid,10,2025-05-16
702100,917188,120,2025-05-06,610.39,Paid,2,2025-05-08
702101,901437,36,2025-05-06,82.16,Paid,18,2025-05-24
702102,913011,331,2025-05-06,58.91,Paid,10,2025-05-16
702103,908214,199,2025-05-05,77.33,Paid,10,2025-05-15
702104,905719,146,2025-05-05,56.68,Paid,3,2025-05-08
702105,908728,210,2025-05-05,59.03,Paid,6,2025-05-11
702106,905420,140,2025-05-05,58.34,Paid,8,2025-05-13
702107,917398,219,2025-05-06,1161.88,Paid,25,2025-05-31
702108,906357,163,2025-05-05,81.86,Paid,11,2025-05-16
702109,902568,62,2025-05-07,81.23,Paid,10,2025-05-17
702110,911607,290,2025-05-06,58.14,Paid,2,2025-05-08
702111,904346,111,2025-05-07,58.66,Paid,17,2025-05-24
702112,902713,66,2025-05-07,71.96,Paid,4,2025-05-11
702113,908148,198,2025-05-07,121.22,Paid,0,2025-05-07
702114,915173,381,2025-05-06,78.72,Paid,0,2025-05-06
702115,911840,298,2025-05-07,58.35,Paid,14,2025-05-21
702116,906398,164,2025-05-06,55.52,Paid,18,2025-05-24
702117,907951,195,2025-05-06,53.53,Paid,15,2025-05-21
702118,901643,40,2025-05-06,55.53,Paid,0,2025-05-06
702119,900796,21,2025-05-06,98.69,Paid,26,2025-06-01
702120,910444,254,2025-05-06,68.98,Paid,28,2025-06-03
702121,902223,53,2025-05-05,95.44,Paid,31,2025-06-05
702122,900900,25,2025-05-06,80.49,Paid,8,2025-05-14
702123,912814,328,2025-05-05,68.27,Paid,36,2025-06-10
702124,916285,408,2025-05-05,63.39,Paid,5,2025-05-10
702125,916761,418,2025-05-06,58.01,Paid,18,2025-05-24
702126,903431,87,2025-05-05,55.91,Paid,0,2025-05-05
702127,914718,371,2025-05-05,57.47,Paid,3,2025-05-08
702128,901854,44,2025-05-06,54.47,Paid,11,2025-05-17
702129,903979,103,2025-05-05,80.57,Paid,3,2025-05-08
702130,905486,142,2025-05-05,58.51,Paid,2,2025-05-07
702131,912297,312,2025-05-06,137.09,Paid,7,2025-05-13
702132,915533,389,2025-05-07,58.53,Paid,0,2025-05-07
702133,913926,352,2025-05-07,122.39,Paid,13,2025-05-20
702134,903939,102,2025-05-06,65.34,Paid,21,2025-05-27
702135,907611,188,2025-05-06,68.58,Paid,22,2025-05-28
702136,909663,234,2025-05-06,56.33,Paid,2,2025-05-08
702137,902390,57,2025-05-07,64.92,Paid,14,2025-05-21
702138,903365,86,2025-05-05,51.11,Paid,0,2025-05-05
702139,905551,143,2025-05-05,62.04,Paid,8,2025-05-13
702140,901788,43,2025-05-07,56.43,Paid,2,2025-05-09
702141,912774,324,2025-05-05,55.0,Paid,22,2025-05-27
702142,913352,340,2025-05-05,67.12,Paid,18,2025-05-23
702143,904654,119,2025-05-07,57.16,Paid,1,2025-05-08
702144,905616,144,2025-05-07,52.42,Paid,1,2025-05-08
702145,904835,123,2025-05-07,54.77,Paid,0,2025-05-07
702146,911464,287,2025-05-08,57.23,Paid,4,2025-05-12
702147,913627,347,2025-05-07,58.32,Paid,1,2025-05-08
702148,909560,232,2025-05-06,56.06,Paid,16,2025-05-22
702149,916182,404,2025-05-06,55.01,Paid,18,2025-05-24
702150,901501,37,2025-05-07,71.88,Paid,25,2025-06-01
702151,915109,379,2025-05-07,60.08,Paid,12,2025-05-19
702152,910992,270,2025-05-08,54.49,Paid,0,2025-05-08
702153,902780,69,2025-05-08,59.86,Paid,2,2025-05-10
702154,903877,100,2025-05-06,121.22,Paid,0,2025-05-06
702155,916983,27,2025-05-08,324.78,Paid,4,2025-05-12
702156,916245,406,2025-05-07,52.31,Paid,13,2025-05-20
702157,909729,235,2025-05-07,60.07,Paid,13,2025-05-20
702158,904176,107,2025-05-06,57.66,Paid,4,2025-05-10
702159,916801,419,2025-05-08,76.45,Paid,3,2025-05-11
702160,912710,323,2025-05-06,68.56,Paid,11,2025-05-17
702161,900006,1,2025-05-08,57.22,Paid,14,2025-05-22
702162,906064,153,2025-05-07,78.22,Paid,15,2025-05-22
702163,907546,187,2025-05-08,56.65,Paid,9,2025-05-17
702164,906944,176,2025-05-08,69.49,Paid,1,2025-05-09
702165,905989,151,2025-05-07,56.77,Paid,0,2025-05-07
702166,904488,115,2025-05-08,68.14,Paid,7,2025-05-15
702167,908489,205,2025-05-06,80.12,Paid,14,2025-05-20
702168,912881,329,2025-05-06,70.21,Paid,25,2025-05-31
702169,917314,173,2025-05-06,761.05,Paid,3,2025-05-09
702170,914029,354,2025-05-08,59.88,Paid,8,2025-05-16
702171,914067,355,2025-05-07,57.59,Paid,8,2025-05-15
702172,911336,283,2025-05-08,126.16,Paid,11,2025-05-19
702173,917345,190,2025-05-07,3663.37,Paid,20,2025-05-27
702174,902912,71,2025-05-08,65.74,Paid,3,2025-05-11
702175,907138,179,2025-05-08,91.49,Paid,7,2025-05-15
702176,914308,361,2025-05-07,54.55,Paid,2,2025-05-09
702177,914977,377,2025-05-06,82.25,Paid,0,2025-05-06
702178,917621,327,2025-05-08,4599.46,Paid,12,2025-05-20
702179,910546,256,2025-05-06,57.85,Paid,0,2025-05-06
702180,917766,396,2025-05-07,7218.49,Paid,10,2025-05-17
702181,906281,159,2025-05-07,101.7,Paid,6,2025-05-13
702182,910586,259,2025-05-09,129.13,Paid,9,2025-05-18
702183,905032,126,2025-05-09,82.4,Paid,20,2025-05-29
702184,907009,177,2025-05-08,59.19,Paid,13,2025-05-21
702185,914642,368,2025-05-07,58.77,Paid,17,2025-05-24
702186,915636,391,2025-05-07,73.22,Paid,21,2025-05-28
702187,901306,34,2025-05-07,72.93,Paid,11,2025-05-18
702188,907245,181,2025-05-08,55.13,Paid,3,2025-05-11
702189,911947,302,2025-05-09,123.91,Paid,20,2025-05-29
702190,908017,196,2025-05-08,63.63,Paid,7,2025-05-15
702191,904967,125,2025-05-07,79.72,Paid,4,2025-05-11
702192,908938,215,2025-05-09,117.02,Paid,6,2025-05-15
702193,915364,386,2025-05-07,53.28,Paid,10,2025-05-17
702194,915902,397,2025-05-09,57.73,Paid,0,2025-05-09
702195,915324,385,2025-05-07,65.72,Paid,22,2025-05-29
702196,904902,124,2025-05-08,80.57,Paid,0,2025-05-08
702197,907743,191,2025-05-09,119.99,Paid,16,2025-05-25
702198,900069,2,2025-05-08,53.28,Paid,6,2025-05-14
702199,911738,294,2025-05-07,93.34,Paid,16,2025-05-23
702200,900628,16,2025-05-08,57.77,Paid,16,2025-05-24
702201,917272,159,2025-05-08,403.03,Paid,0,2025-05-08
702202,916105,402,2025-05-08,71.2,Paid,10,2025-05-18
702203,901747,42,2025-05-07,78.21,Paid,3,2025-05-10
702204,911505,288,2025-05-08,56.75,Paid,0,2025-05-08
702205,904045,104,2025-05-08,50.93,Paid,14,2025-05-22
702206,909795,236,2025-05-08,109.45,Paid,7,2025-05-15
702207,906181,157,2025-05-07,55.68,Paid,17,2025-05-24
702208,912180,307,2025-05-07,55.34,Paid,13,2025-05-20
702209,904239,109,2025-05-07,57.73,Paid,5,2025-05-12
702210,904111,105,2025-05-08,60.82,Paid,12,2025-05-20
702211,915430,387,2025-05-08,65.81,Paid,11,2025-05-19
702212,913077,333,2025-05-07,74.41,Paid,0,2025-05-07
702213,906772,172,2025-05-07,60.09,Paid,3,2025-05-10
702214,910756,266,2025-05-08,57.37,Paid,7,2025-05-15
702215,903016,76,2025-05-07,58.4,Paid,8,2025-05-15
702216,900860,22,2025-05-09,68.12,Paid,29,2025-06-07
702217,900350,10,2025-05-09,58.44,Paid,2,2025-05-11
702218,908872,213,2025-05-08,125.29,Paid,16,2025-05-24
702219,909275,226,2025-05-10,75.58,Paid,0,2025-05-10
702220,904757,121,2025-05-08,70.5,Paid,33,2025-06-10
702221,903079,77,2025-05-09,69.9,Paid,29,2025-06-07
702222,909042,219,2025-05-10,73.55,Paid,15,2025-05-25
702223,909482,230,2025-05-09,119.91,Paid,18,2025-05-27
702224,902327,55,2025-05-10,101.43,Paid,25,2025-06-04
702225,908082,197,2025-05-08,78.79,Paid,5,2025-05-13
702226,904592,118,2025-05-08,59.45,Paid,7,2025-05-15
702227,913863,351,2025-05-08,60.51,Paid,7,2025-05-15
702228,906503,166,2025-05-09,55.71,Paid,3,2025-05-12
702229,911132,279,2025-05-09,54.56,Paid,3,2025-05-12
702230,912364,313,2025-05-09,128.42,Paid,0,2025-05-09
702231,911402,286,2025-05-09,56.36,Paid,2,2025-05-11
702232,904694,120,2025-05-08,76.31,Paid,7,2025-05-15
702233,905851,148,2025-05-09,56.88,Paid,6,2025-05-15
702234,908423,204,2025-05-10,58.1,Paid,7,2025-05-17
702235,910142,248,2025-05-10,121.04,Paid,6,2025-05-16
702236,916005,399,2025-05-09,59.44,Paid,2,2025-05-11
702237,912050,304,2025-05-09,96.72,Paid,25,2025-06-03
702238,911778,295,2025-05-08,67.26,Paid,14,2025-05-22
702239,905171,133,2025-05-08,57.75,Paid,2,2025-05-10
702240,914579,367,2025-05-10,55.83,Paid,8,2025-05-18
702241,911882,299,2025-05-09,62.64,Paid,1,2025-05-10
702242,900146,4,2025-05-08,71.31,Paid,7,2025-05-15
702243,917742,388,2025-05-08,502.28,Paid,0,2025-05-08
702244,912430,314,2025-05-10,68.46,Paid,14,2025-05-24
702245,900967,27,2025-05-11,74.59,Paid,19,2025-05-30
702246,917463,252,2025-05-11,393.26,Paid,3,2025-05-14
702247,913218,336,2025-05-09,79.13,Paid,10,2025-05-19
702248,904795,122,2025-05-10,100.02,Paid,24,2025-06-03
702249,910312,251,2025-05-09,53.74,Paid,2,2025-05-11
702250,901098,29,2025-05-11,98.12,Paid,24,2025-06-04
702251,901579,39,2025-05-09,56.51,Paid,17,2025-05-26
702252,910859,268,2025-05-10,54.46,Paid,14,2025-05-24
702253,901539,38,2025-05-11,59.84,Paid,3,2025-05-14
702254,917126,92,2025-05-10,380.9,Paid,2,2025-05-12
702255,902089,51,2025-05-09,64.28,Paid,13,2025-05-22
702256,909107,221,2025-05-11,126.3,Paid,26,2025-06-06
702257,907178,180,2025-05-11,76.45,Paid,11,2025-05-22
702258,908316,201,2025-05-11,63.13,Paid,4,2025-05-15
702259,916557,413,2025-05-10,73.63,Paid,8,2025-05-18
702260,909520,231,2025-05-09,81.67,Paid,0,2025-05-09
702261,914797,373,2025-05-09,60.71,Paid,10,2025-05-19
702262,914756,372,2025-05-09,118.87,Paid,8,2025-05-17
702263,903221,83,2025-05-10,57.84,Paid,0,2025-05-10
702264,901266,32,2025-05-11,56.38,Paid,16,2025-05-27
702265,908654,208,2025-05-09,111.02,Paid,0,2025-05-09
702266,914175,357,2025-05-09,75.44,Paid,2,2025-05-11
702267,903299,85,2025-05-11,76.93,Paid,9,2025-05-20
702268,905785,147,2025-05-11,57.35,Paid,1,2025-05-12
702269,914242,359,2025-05-10,81.36,Paid,22,2025-06-01
702270,903706,97,2025-05-11,80.2,Paid,0,2025-05-11
702271,908769,211,2025-05-11,63.12,Paid,19,2025-05-30
702272,901372,35,2025-05-11,59.11,Paid,15,2025-05-26
702273,914371,362,2025-05-10,56.47,Paid,10,2025-05-20
702274,914477,365,2025-05-10,63.16,Paid,0,2025-05-10
702275,907677,190,2025-05-10,98.37,Paid,21,2025-05-31
702276,903536,92,2025-05-10,77.44,Paid,3,2025-05-13
702277,901032,28,2025-05-10,56.57,Paid,15,2025-05-25
702278,917707,371,2025-05-10,264.84,Paid,3,2025-05-13
702279,917630,330,2025-05-11,447.53,Paid,0,2025-05-11
702280,913760,349,2025-05-09,117.13,Paid,17,2025-05-26
702281,907412,184,2025-05-11,73.62,Paid,9,2025-05-20
702282,910378,252,2025-05-10,53.13,Paid,8,2025-05-18
702283,904280,110,2025-05-10,64.72,Paid,7,2025-05-17
702284,917088,73,2025-05-09,312.9,Paid,23,2025-06-01
702285,915702,393,2025-05-11,82.67,Paid,18,2025-05-29
702286,910925,269,2025-05-11,54.42,Paid,7,2025-05-18
702287,917754,392,2025-05-10,3914.13,Paid,15,2025-05-25
702288,915043,378,2025-05-11,129.82,Paid,23,2025-06-03
702289,901203,31,2025-05-11,120.01,Paid,0,2025-05-11
702290,909861,238,2025-05-10,59.26,Paid,13,2025-05-23
702291,906319,161,2025-05-09,59.46,Paid,0,2025-05-09
702292,916866,420,2025-05-11,78.74,Paid,20,2025-05-31
702293,912116,306,2025-05-11,59.56,Paid,5,2025-05-16
702294,904448,114,2025-05-09,66.2,Paid,20,2025-05-29
702295,902609,64,2025-05-10,72.91,Paid,13,2025-05-23
702296,912493,316,2025-05-10,124.15,Paid,2,2025-05-12
702297,910245,250,2025-05-11,83.1,Paid,5,2025-05-16
702298,900562,15,2025-05-12,60.01,Paid,0,2025-05-12
702299,910652,261,2025-05-12,54.77,Paid,2,2025-05-14
702300,906670,170,2025-05-12,74.87,Paid,13,2025-05-25
702301,906568,167,2025-05-12,59.41,Paid,7,2025-05-19
702302,900391,11,2025-05-12,56.87,Paid,11,2025-05-23
702303,913693,348,2025-05-10,56.7,Paid,6,2025-05-16
702304,910716,262,2025-05-12,66.45,Paid,12,2025-05-24
702305,907479,186,2025-05-10,57.74,Paid,0,2025-05-10
702306,903259,84,2025-05-11,53.13,Paid,19,2025-05-30
702307,913486,342,2025-05-12,54.92,Paid,10,2025-05-22
702308,907885,194,2025-05-11,56.47,Paid,4,2025-05-15
702309,905249,137,2025-05-12,80.46,Paid,0,2025-05-12
702310,913419,341,2025-05-10,54.8,Paid,8,2025-05-18
702311,902975,72,2025-05-10,80.65,Paid,11,2025-05-21
702312,900457,13,2025-05-10,55.67,Paid,10,2025-05-20
702313,900286,9,2025-05-12,61.26,Paid,6,2025-05-18
702314,909623,233,2025-05-12,83.35,Paid,0,2025-05-12
702315,903157,81,2025-05-10,89.3,Paid,14,2025-05-24
702316,917093,76,2025-05-10,343.87,Paid,8,2025-05-18
702317,912256,309,2025-05-12,59.25,Paid,18,2025-05-30
702318,906813,173,2025-05-11,81.52,Paid,11,2025-05-22
702319,914108,356,2025-05-12,82.74,Paid,0,2025-05-12
702320,912946,330,2025-05-12,52.92,Paid,0,2025-05-12
702321,905354,139,2025-05-11,56.84,Paid,0,2025-05-11
702322,911674,293,2025-05-11,52.99,Paid,2,2025-05-13
702323,910508,255,2025-05-10,59.31,Paid,13,2025-05-23
702324,909380,228,2025-05-12,80.74,Paid,1,2025-05-13
702325,901683,41,2025-05-12,59.52,Paid,7,2025-05-19
702326,916517,412,2025-05-11,83.05,Paid,6,2025-05-17
702327,915769,394,2025-05-11,69.87,Paid,22,2025-06-02
702328,916453,411,2025-05-12,112.53,Paid,8,2025-05-20
702329,910027,245,2025-05-11,73.8,Paid,4,2025-05-15
702330,910205,249,2025-05-12,77.23,Paid,11,2025-05-23
702331,901162,30,2025-05-10,60.06,Paid,3,2025-05-13
702332,916661,416,2025-05-12,76.96,Paid,9,2025-05-21
702333,914411,363,2025-05-12,60.31,Paid,0,2025-05-12
702334,907310,182,2025-05-12,57.62,Paid,17,2025-05-29
702335,908357,203,2025-05-11,85.3,Paid,6,2025-05-17
702336,905617,144,2025-05-12,56.74,Paid,0,2025-05-12
702337,907075,178,2025-05-11,55.67,Paid,3,2025-05-14
702338,911337,283,2025-05-13,115.77,Paid,4,2025-05-17
702339,915211,382,2025-05-12,64.36,Paid,21,2025-06-02
702340,909237,225,2025-05-12,55.37,Paid,6,2025-05-18
702341,905914,149,2025-05-13,57.11,Paid,12,2025-05-25
702342,914861,374,2025-05-11,79.65,Paid,7,2025-05-18
702343,916351,409,2025-05-11,84.68,Paid,6,2025-05-17
702344,916621,414,2025-05-13,59.81,Paid,0,2025-05-13
702345,902846,70,2025-05-11,64.35,Paid,6,2025-05-17
702346,905720,146,2025-05-12,58.43,Paid,5,2025-05-17
702347,906879,175,2025-05-13,91.3,Paid,10,2025-05-23
702348,909174,222,2025-05-13,92.16,Paid,0,2025-05-13
702349,913012,331,2025-05-11,56.02,Paid,0,2025-05-11
702350,915965,398,2025-05-13,71.65,Paid,31,2025-06-13
702351,907806,192,2025-05-11,118.55,Paid,12,2025-05-23
702352,906102,155,2025-05-13,58.67,Paid,0,2025-05-13
702353,902430,58,2025-05-13,69.73,Paid,25,2025-06-07
702354,908215,199,2025-05-11,76.02,Paid,26,2025-06-06
702355,911235,281,2025-05-13,53.13,Paid,7,2025-05-20
702356,917136,98,2025-05-11,2822.89,Paid,7,2025-05-18
702357,909315,227,2025-05-11,58.81,Paid,0,2025-05-11
702358,902673,65,2025-05-11,55.65,Paid,6,2025-05-17
702359,913285,339,2025-05-12,60.61,Paid,13,2025-05-25
702360,904410,113,2025-05-12,55.68,Paid,0,2025-05-12
702361,912671,322,2025-05-12,110.24,Paid,7,2025-05-19
702362,901438,36,2025-05-11,78.33,Paid,0,2025-05-11
702363,908554,206,2025-05-13,60.7,Paid,15,2025-05-28
702364,905313,138,2025-05-12,58.27,Paid,1,2025-05-13
702365,915286,384,2025-05-13,68.77,Paid,14,2025-05-27
702366,912608,320,2025-05-11,79.74,Paid,0,2025-05-11
702367,903603,95,2025-05-13,89.62,Paid,0,2025-05-13
702368,900693,18,2025-05-13,61.32,Paid,18,2025-05-31
702369,912218,308,2025-05-11,55.7,Paid,7,2025-05-18
702370,909444,229,2025-05-12,52.52,Paid,13,2025-05-25
702371,912711,323,2025-05-11,71.4,Paid,19,2025-05-30
702372,910102,247,2025-05-12,71.86,Paid,6,2025-05-18
702373,915110,379,2025-05-13,62.23,Paid,11,2025-05-24
702374,903432,87,2025-05-12,57.01,Paid,0,2025-05-12
702375,904347,111,2025-05-13,53.29,Paid,8,2025-05-21
702376,917749,389,2025-05-13,561.73,Paid,0,2025-05-13
702377,909001,216,2025-05-14,61.63,Paid,7,2025-05-21
702378,906399,164,2025-05-13,55.94,Paid,0,2025-05-13
702379,900797,21,2025-05-14,92.0,Paid,21,2025-06-04
702380,905421,140,2025-05-14,63.23,Paid,10,2025-05-24
702381,903666,96,2025-05-13,62.07,Paid,2,2025-05-15
702382,909664,234,2025-05-14,58.06,Paid,0,2025-05-14
702383,901789,43,2025-05-13,52.25,Paid,0,2025-05-13
702384,903773,98,2025-05-13,59.39,Paid,11,2025-05-24
702385,907612,188,2025-05-13,63.67,Paid,15,2025-05-28
702386,901985,47,2025-05-14,48.53,Paid,16,2025-05-30
702387,913140,334,2025-05-14,62.22,Paid,9,2025-05-23
702388,902224,53,2025-05-13,98.12,Paid,28,2025-06-10
702389,900521,14,2025-05-13,69.15,Paid,31,2025-06-13
702390,906140,156,2025-05-13,56.2,Paid,14,2025-05-27
702391,902156,52,2025-05-14,122.12,Paid,14,2025-05-28
702392,903366,86,2025-05-13,59.89,Paid,17,2025-05-30
702393,905552,143,2025-05-14,51.73,Paid,2,2025-05-16
702394,910445,254,2025-05-14,68.56,Paid,16,2025-05-30
702395,902714,66,2025-05-12,73.15,Paid,0,2025-05-12
702396,913628,347,2025-05-13,51.56,Paid,4,2025-05-17
702397,913587,345,2025-05-12,53.48,Paid,0,2025-05-12
702398,907844,193,2025-05-12,62.33,Paid,11,2025-05-23
702399,911608,290,2025-05-14,65.01,Paid,9,2025-05-23
702400,901855,44,2025-05-12,54.4,Paid,3,2025-05-15
702401,915534,389,2025-05-12,60.06,Paid,2,2025-05-14
702402,904836,123,2025-05-13,58.16,Paid,15,2025-05-28
702403,908149,198,2025-05-12,106.86,Paid,0,2025-05-12
702404,903980,103,2025-05-12,73.86,Paid,5,2025-05-17
702405,905487,142,2025-05-14,59.64,Paid,4,2025-05-18
702406,916286,408,2025-05-13,63.56,Paid,7,2025-05-20
702407,915836,395,2025-05-14,52.37,Paid,19,2025-06-02
702408,902493,60,2025-05-13,57.48,Paid,0,2025-05-13
702409,907547,187,2025-05-13,58.0,Paid,3,2025-05-16
702410,902781,69,2025-05-13,57.55,Paid,3,2025-05-16
702411,914540,366,2025-05-14,74.52,Paid,14,2025-05-28
702412,911055,274,2025-05-13,78.95,Paid,9,2025-05-22
702413,913353,340,2025-05-15,67.0,Paid,28,2025-06-12
702414,904903,124,2025-05-14,86.79,Paid,14,2025-05-28
702415,909561,232,2025-05-15,55.44,Paid,12,2025-05-27
702416,900901,25,2025-05-15,81.66,Paid,9,2025-05-24
702417,913967,353,2025-05-15,68.48,Paid,10,2025-05-25
702418,904112,105,2025-05-13,55.24,Paid,0,2025-05-13
702419,910993,270,2025-05-14,57.42,Paid,15,2025-05-29
702420,913178,335,2025-05-14,59.14,Paid,17,2025-05-31
702421,901920,45,2025-05-13,57.41,Paid,5,2025-05-18
702422,903878,100,2025-05-14,122.39,Paid,3,2025-05-17
702423,902913,71,2025-05-13,55.84,Paid,0,2025-05-13
702424,917133,97,2025-05-14,746.35,Paid,21,2025-06-04
702425,916183,404,2025-05-15,61.53,Paid,0,2025-05-15
702426,906504,166,2025-05-15,55.95,Paid,2,2025-05-17
702427,917246,144,2025-05-13,5682.2,Paid,7,2025-05-20
702428,900007,1,2025-05-13,60.25,Paid,2,2025-05-15
702429,909730,235,2025-05-13,53.43,Paid,13,2025-05-26
702430,904489,115,2025-05-15,69.71,Paid,7,2025-05-22
702431,914309,361,2025-05-13,55.88,Paid,0,2025-05-13
702432,909964,242,2025-05-15,77.58,Paid,0,2025-05-15
702433,914978,377,2025-05-14,77.01,Paid,6,2025-05-20
702434,912882,329,2025-05-14,66.46,Paid,12,2025-05-26
702435,906945,176,2025-05-15,81.22,Paid,7,2025-05-22
702436,909043,219,2025-05-15,67.42,Paid,25,2025-06-09
702437,915903,397,2025-05-15,58.48,Paid,7,2025-05-22
702438,913550,343,2025-05-14,77.64,Paid,14,2025-05-28
702439,916802,419,2025-05-13,83.89,Paid,0,2025-05-13
702440,904177,107,2025-05-13,56.01,Paid,0,2025-05-13
702441,909925,241,2025-05-13,55.3,Paid,5,2025-05-18
702442,900209,6,2025-05-15,61.75,Paid,4,2025-05-19
702443,903837,99,2025-05-16,78.97,Paid,0,2025-05-16
702444,907010,177,2025-05-16,62.28,Paid,17,2025-06-02
702445,905952,150,2025-05-16,48.5,Paid,3,2025-05-19
702446,907373,183,2025-05-15,76.09,Paid,0,2025-05-15
702447,907744,191,2025-05-14,115.21,Paid,11,2025-05-25
702448,915365,386,2025-05-16,56.34,Paid,9,2025-05-25
702449,912815,328,2025-05-15,57.35,Paid,25,2025-06-09
702450,908018,196,2025-05-14,54.21,Paid,0,2025-05-14
702451,907246,181,2025-05-14,61.6,Paid,11,2025-05-25
702452,916724,417,2025-05-14,52.77,Paid,7,2025-05-21
702453,915249,383,2025-05-15,55.62,Paid,14,2025-05-29
702454,906027,152,2025-05-16,57.29,Paid,1,2025-05-17
702455,915637,391,2025-05-14,68.53,Paid,24,2025-06-07
702456,903117,79,2025-05-14,52.61,Paid,4,2025-05-18
702457,912298,312,2025-05-16,154.4,Paid,16,2025-06-01
702458,913078,333,2025-05-16,73.64,Paid,0,2025-05-16
702459,911506,288,2025-05-16,58.72,Paid,2,2025-05-18
702460,905033,126,2025-05-16,73.36,Paid,8,2025-05-24
702461,909796,236,2025-05-14,118.88,Paid,6,2025-05-20
702462,917374,205,2025-05-15,4001.43,Paid,1,2025-05-16
702463,916143,403,2025-05-14,81.88,Paid,4,2025-05-18
702464,907952,195,2025-05-14,55.34,Paid,1,2025-05-15
702465,901307,34,2025-05-16,74.34,Paid,28,2025-06-13
702466,915493,388,2025-05-16,56.75,Paid,5,2025-05-21
702467,916068,401,2025-05-16,56.2,Paid,3,2025-05-19
702468,912568,318,2025-05-14,57.18,Paid,9,2025-05-23
702469,906631,169,2025-05-16,66.46,Paid,22,2025-06-07
702470,903017,76,2025-05-15,58.34,Paid,13,2025-05-28
702471,911948,302,2025-05-14,115.32,Paid,5,2025-05-19
702472,905680,145,2025-05-14,110.71,Paid,14,2025-05-28
702473,904046,104,2025-05-15,57.06,Paid,13,2025-05-28
702474,910587,259,2025-05-16,123.59,Paid,13,2025-05-29
702475,906182,157,2025-05-16,56.94,Paid,0,2025-05-16
702476,917350,194,2025-05-15,538.11,Paid,4,2025-05-19
702477,904968,125,2025-05-14,74.5,Paid,11,2025-05-25
702478,904593,118,2025-05-17,62.34,Paid,10,2025-05-27
702479,912051,304,2025-05-15,91.69,Paid,11,2025-05-26
702480,911568,289,2025-05-17,61.3,Paid,19,2025-06-05
702481,900392,11,2025-05-15,59.67,Paid,3,2025-05-18
702482,904695,120,2025-05-16,77.63,Paid,1,2025-05-17
702483,901204,31,2025-05-17,120.32,Paid,15,2025-06-01
702484,914478,365,2025-05-16,52.4,Paid,23,2025-06-08
702485,908617,207,2025-05-15,72.24,Paid,19,2025-06-03
702486,917207,127,2025-05-16,632.79,Paid,14,2025-05-30
702487,917062,65,2025-05-17,574.52,Paid,18,2025-06-04
702488,914580,367,2025-05-17,56.71,Paid,9,2025-05-26
702489,911403,286,2025-05-17,60.2,Paid,2,2025-05-19
702490,908424,204,2025-05-16,57.52,Paid,6,2025-05-22
702491,911779,295,2025-05-15,68.66,Paid,25,2025-06-09
702492,916006,399,2025-05-15,62.02,Paid,0,2025-05-15
702493,912531,317,2025-05-15,79.76,Paid,9,2025-05-24
702494,908490,205,2025-05-15,79.55,Paid,13,2025-05-28
702495,912365,313,2025-05-16,114.36,Paid,16,2025-06-01
702496,915597,390,2025-05-16,58.33,Paid,9,2025-05-25
702497,913824,350,2025-05-16,59.13,Paid,14,2025-05-30
702498,917617,325,2025-05-16,484.41,Paid,0,2025-05-16
702499,910065,246,2025-05-15,68.46,Paid,18,2025-06-02
702500,910757,266,2025-05-17,61.01,Paid,0,2025-05-17
702501,910819,267,2025-05-17,116.81,Paid,3,2025-05-20
702502,906569,167,2025-05-17,52.29,Paid,3,2025-05-20
702503,908833,212,2025-05-16,64.37,Paid,17,2025-06-02
702504,905852,148,2025-05-17,56.42,Paid,4,2025-05-21
702505,912431,314,2025-05-16,64.71,Paid,23,2025-06-08
702506,906244,158,2025-05-16,67.34,Paid,23,2025-06-08
702507,900757,19,2025-05-16,58.2,Paid,0,2025-05-16
702508,908873,213,2025-05-16,123.97,Paid,18,2025-06-03
702509,914243,359,2025-05-17,82.85,Paid,15,2025-06-01
702510,915431,387,2025-05-16,68.21,Paid,19,2025-06-04
702511,908083,197,2025-05-17,76.88,Paid,6,2025-05-23
702512,911883,299,2025-05-16,60.18,Paid,4,2025-05-20
702513,900147,4,2025-05-16,79.12,Paid,7,2025-05-23
702514,901373,35,2025-05-16,55.17,Paid,15,2025-05-31
702515,912010,303,2025-05-18,82.6,Paid,8,2025-05-26
702516,911092,275,2025-05-18,57.71,Paid,9,2025-05-27
702517,901033,28,2025-05-18,57.78,Paid,17,2025-06-04
702518,900246,7,2025-05-17,59.76,Paid,3,2025-05-20
702519,909108,221,2025-05-17,113.57,Paid,6,2025-05-23
702520,909862,238,2025-05-18,56.8,Paid,15,2025-06-02
702521,901580,39,2025-05-17,59.49,Paid,9,2025-05-26
702522,914937,376,2025-05-18,83.37,Paid,14,2025-06-01
702523,917597,315,2025-05-17,1846.85,Paid,16,2025-06-02
702524,916558,413,2025-05-18,84.19,Paid,16,2025-06-03
702525,900107,3,2025-05-18,84.57,Paid,10,2025-05-28
702526,914176,357,2025-05-16,81.89,Paid,11,2025-05-27
702527,907179,180,2025-05-18,83.64,Paid,20,2025-06-07
702528,900629,16,2025-05-16,57.6,Paid,6,2025-05-22
702529,915703,393,2025-05-18,84.19,Paid,13,2025-05-31
702530,911133,279,2025-05-16,55.65,Paid,0,2025-05-16
702531,912117,306,2025-05-17,61.01,Paid,12,2025-05-29
702532,905786,147,2025-05-18,60.21,Paid,0,2025-05-18
702533,910379,252,2025-05-17,58.71,Paid,0,2025-05-17
702534,900968,27,2025-05-17,74.81,Paid,11,2025-05-28
702535,903495,88,2025-05-18,67.37,Paid,24,2025-06-11
702536,913219,336,2025-05-17,85.29,Paid,9,2025-05-26
702537,905133,132,2025-05-16,57.0,Paid,10,2025-05-26
702538,900287,9,2025-05-18,58.11,Paid,14,2025-06-01
702539,902847,70,2025-05-18,66.93,Paid,12,2025-05-30
702540,914798,373,2025-05-18,57.1,Paid,17,2025-06-04
702541,908770,211,2025-05-16,64.6,Paid,11,2025-05-27
702542,908939,215,2025-05-16,108.91,Paid,0,2025-05-16
702543,900694,18,2025-05-18,59.38,Paid,7,2025-05-25
702544,910313,251,2025-05-16,59.69,Paid,11,2025-05-27
702545,916867,420,2025-05-18,78.06,Paid,1,2025-05-19
702546,913864,351,2025-05-17,57.79,Paid,2,2025-05-19
702547,901099,29,2025-05-16,89.83,Paid,20,2025-06-05
702548,908278,200,2025-05-16,73.46,Paid,23,2025-06-08
702549,909381,228,2025-05-18,79.47,Paid,4,2025-05-22
702550,904281,110,2025-05-16,65.91,Paid,1,2025-05-17
702551,910926,269,2025-05-18,59.92,Paid,3,2025-05-21
702552,910860,268,2025-05-17,61.69,Paid,13,2025-05-30
702553,907678,190,2025-05-18,90.64,Paid,35,2025-06-22
702554,902287,54,2025-05-16,56.82,Paid,2,2025-05-18
702555,911675,293,2025-05-18,52.7,Paid,10,2025-05-28
702556,913761,349,2025-05-17,124.48,Paid,7,2025-05-24
702557,902530,61,2025-05-18,66.88,Paid,22,2025-06-09
702558,903707,97,2025-05-17,82.51,Paid,10,2025-05-27
702559,903537,92,2025-05-18,72.06,Paid,0,2025-05-18
702560,914680,370,2025-05-17,80.29,Paid,8,2025-05-25
702561,905355,139,2025-05-18,57.65,Paid,5,2025-05-23
702562,910246,250,2025-05-17,86.22,Paid,9,2025-05-26
702563,913487,342,2025-05-17,57.93,Paid,16,2025-06-02
702564,907413,184,2025-05-18,71.68,Paid,8,2025-05-26
702565,901986,47,2025-05-19,53.64,Paid,2,2025-05-21
702566,902328,55,2025-05-18,91.83,Paid,18,2025-06-05
702567,913420,341,2025-05-17,57.0,Paid,9,2025-05-26
702568,902610,64,2025-05-19,79.78,Paid,0,2025-05-19
702569,900563,15,2025-05-19,61.97,Paid,5,2025-05-24
702570,916454,411,2025-05-17,110.77,Paid,0,2025-05-17
702571,906462,165,2025-05-19,54.75,Paid,6,2025-05-25
702572,913286,339,2025-05-18,54.82,Paid,8,2025-05-26
702573,911195,280,2025-05-17,55.12,Paid,6,2025-05-23
702574,902157,52,2025-05-19,115.6,Paid,3,2025-05-22
702575,900458,13,2025-05-19,55.38,Paid,0,2025-05-19
702576,912947,330,2025-05-19,54.94,Paid,3,2025-05-22
702577,906671,170,2025-05-17,79.49,Paid,0,2025-05-17
702578,903158,81,2025-05-18,89.87,Paid,24,2025-06-11
702579,905250,137,2025-05-19,86.4,Paid,4,2025-05-23
702580,907480,186,2025-05-19,57.86,Paid,19,2025-06-07
702581,914899,375,2025-05-19,56.6,Paid,0,2025-05-19
702582,901684,41,2025-05-19,58.67,Paid,0,2025-05-19
702583,906734,171,2025-05-19,78.71,Paid,0,2025-05-19
702584,913694,348,2025-05-18,56.93,Paid,13,2025-05-31
702585,903774,98,2025-05-19,57.92,Paid,14,2025-06-02
702586,917242,142,2025-05-18,586.27,Paid,0,2025-05-18
702587,907886,194,2025-05-18,54.38,Paid,2,2025-05-20
702588,904551,116,2025-05-17,58.66,Paid,0,2025-05-17
702589,910143,248,2025-05-19,130.11,Paid,5,2025-05-24
702590,902049,48,2025-05-17,57.02,Paid,5,2025-05-22
702591,905095,129,2025-05-17,73.67,Paid,13,2025-05-30
702592,905209,135,2025-05-20,62.98,Paid,19,2025-06-08
702593,909316,227,2025-05-20,54.5,Paid,7,2025-05-27
702594,911465,287,2025-05-20,54.1,Paid,4,2025-05-24
702595,914412,363,2025-05-20,61.21,Paid,0,2025-05-20
702596,902090,51,2025-05-20,68.56,Paid,21,2025-06-10
702597,912712,323,2025-05-18,64.34,Paid,8,2025-05-26
702598,916352,409,2025-05-20,77.99,Paid,7,2025-05-27
702599,907076,178,2025-05-18,51.05,Paid,10,2025-05-28
702600,917694,362,2025-05-18,466.55,Paid,10,2025-05-28
702601,916662,416,2025-05-20,80.01,Paid,0,2025-05-20
702602,905422,140,2025-05-20,52.88,Paid,16,2025-06-05
702603,902431,58,2025-05-19,76.02,Paid,15,2025-06-03
702604,909965,242,2025-05-18,82.56,Paid,18,2025-06-05
702605,905721,146,2025-05-19,54.38,Paid,15,2025-06-03
702606,917347,191,2025-05-20,942.61,Paid,3,2025-05-23
702607,908729,210,2025-05-18,56.45,Paid,14,2025-06-01
702608,907311,182,2025-05-18,53.59,Paid,25,2025-06-12
702609,903604,95,2025-05-20,89.7,Paid,26,2025-06-15
702610,905618,144,2025-05-20,56.54,Paid,21,2025-06-10
702611,913968,353,2025-05-20,49.8,Paid,0,2025-05-20
702612,901921,45,2025-05-18,59.44,Paid,4,2025-05-22
702613,917037,53,2025-05-20,418.55,Paid,13,2025-06-02
702614,911338,283,2025-05-19,125.01,Paid,2,2025-05-21
702615,908216,199,2025-05-20,82.48,Paid,0,2025-05-20
702616,908555,206,2025-05-18,56.14,Paid,20,2025-06-07
702617,903940,102,2025-05-18,65.75,Paid,26,2025-06-13
702618,911236,281,2025-05-19,58.12,Paid,11,2025-05-30
702619,911298,282,2025-05-18,111.55,Paid,12,2025-05-30
702620,916414,410,2025-05-19,98.04,Paid,21,2025-06-09
702621,908692,209,2025-05-19,61.56,Paid,11,2025-05-30
702622,908358,203,2025-05-20,82.3,Paid,11,2025-05-31
702623,913013,331,2025-05-18,61.58,Paid,14,2025-06-01
702624,904655,119,2025-05-20,58.97,Paid,0,2025-05-20
702625,901439,36,2025-05-19,78.24,Paid,4,2025-05-23
702626,915837,395,2025-05-18,56.05,Paid,6,2025-05-24
702627,916936,10,2025-05-19,468.53,Paid,10,2025-05-29
702628,914030,354,2025-05-19,60.36,Paid,2,2025-05-21
702629,917021,44,2025-05-20,547.48,Paid,0,2025-05-20
702630,906880,175,2025-05-18,90.19,Paid,19,2025-06-06
702631,915044,378,2025-05-20,117.06,Paid,6,2025-05-26
702632,906814,173,2025-05-20,76.81,Paid,20,2025-06-09
702633,909175,222,2025-05-20,76.44,Paid,10,2025-05-30
702634,903300,85,2025-05-20,83.62,Paid,10,2025-05-30
702635,910653,261,2025-05-20,55.57,Paid,6,2025-05-26
702636,917422,232,2025-05-19,5468.88,Paid,31,2025-06-19
702637,905553,143,2025-05-18,56.1,Paid,12,2025-05-30
702638,912609,320,2025-05-19,80.4,Paid,5,2025-05-24
702639,916287,408,2025-05-19,57.29,Paid,11,2025-05-30
702640,912299,312,2025-05-21,138.14,Paid,21,2025-06-11
702641,903367,86,2025-05-20,58.18,Paid,5,2025-05-25
702642,917682,358,2025-05-21,2267.86,Paid,11,2025-06-01
702643,906400,164,2025-05-19,60.25,Paid,1,2025-05-20
702644,915111,379,2025-05-21,56.77,Paid,0,2025-05-21
702645,906358,163,2025-05-19,80.91,Paid,11,2025-05-30
702646,902715,66,2025-05-20,74.84,Paid,16,2025-06-05
702647,917267,156,2025-05-20,5138.94,Paid,14,2025-06-03
702648,914719,371,2025-05-19,61.88,Paid,0,2025-05-19
702649,902391,57,2025-05-20,67.28,Paid,23,2025-06-12
702650,904837,123,2025-05-21,61.64,Paid,3,2025-05-24
702651,915174,381,2025-05-19,76.18,Paid,4,2025-05-23
702652,917382,210,2025-05-20,2376.5,Paid,4,2025-05-24
702653,900861,22,2025-05-20,71.37,Paid,22,2025-06-11
702654,904348,111,2025-05-19,60.94,Paid,13,2025-06-01
702655,909665,234,2025-05-19,57.21,Paid,0,2025-05-19
702656,915770,394,2025-05-20,73.0,Paid,22,2025-06-11
702657,913927,352,2025-05-19,119.55,Paid,12,2025-05-31
702658,902569,62,2025-05-21,76.47,Paid,13,2025-06-03
702659,907613,188,2025-05-21,68.27,Paid,6,2025-05-27
702660,901644,40,2025-05-19,59.69,Paid,0,2025-05-19
702661,905488,142,2025-05-21,59.14,Paid,0,2025-05-21
702662,912775,324,2025-05-19,51.96,Paid,12,2025-05-31
702663,908150,198,2025-05-20,125.06,Paid,18,2025-06-07
702664,913354,340,2025-05-19,66.05,Paid,25,2025-06-13
702665,912816,328,2025-05-21,70.54,Paid,12,2025-06-02
702666,900798,21,2025-05-21,94.17,Paid,20,2025-06-10
702667,910446,254,2025-05-21,64.97,Paid,31,2025-06-21
702668,913629,347,2025-05-21,53.27,Paid,6,2025-05-27
702669,906065,153,2025-05-19,86.42,Paid,4,2025-05-23
702670,901856,44,2025-05-19,59.68,Paid,1,2025-05-20
702671,902225,53,2025-05-19,96.94,Paid,30,2025-06-18
702672,914109,356,2025-05-20,80.66,Paid,5,2025-05-25
702673,911841,298,2025-05-20,59.9,Paid,7,2025-05-27
702674,915535,389,2025-05-22,56.82,Paid,17,2025-06-08
702675,917418,231,2025-05-20,3932.48,Paid,0,2025-05-20
702676,917181,115,2025-05-22,2437.83,Paid,26,2025-06-17
702677,914979,377,2025-05-20,75.26,Paid,23,2025-06-12
702678,910994,270,2025-05-21,57.54,Paid,4,2025-05-25
702679,906505,166,2025-05-21,52.11,Paid,7,2025-05-28
702680,908491,205,2025-05-22,80.67,Paid,0,2025-05-22
702681,907953,195,2025-05-21,60.82,Paid,9,2025-05-30
702682,917540,290,2025-05-21,543.07,Paid,8,2025-05-29
702683,901502,37,2025-05-21,66.19,Paid,14,2025-06-04
702684,909044,219,2025-05-22,64.51,Paid,18,2025-06-09
702685,907139,179,2025-05-21,95.65,Paid,13,2025-06-03
702686,904490,115,2025-05-21,64.27,Paid,14,2025-06-04
702687,904178,107,2025-05-22,58.08,Paid,16,2025-06-07
702688,900902,25,2025-05-22,79.07,Paid,0,2025-05-22
702689,901790,43,2025-05-22,52.6,Paid,12,2025-06-03
702690,902782,69,2025-05-20,60.56,Paid,6,2025-05-26
702691,904904,124,2025-05-22,78.06,Paid,8,2025-05-30
702692,916184,404,2025-05-20,62.35,Paid,0,2025-05-20
702693,916803,419,2025-05-20,79.31,Paid,0,2025-05-20
702694,915904,397,2025-05-22,62.31,Paid,16,2025-06-07
702695,907548,187,2025-05-20,59.96,Paid,3,2025-05-23
702696,909731,235,2025-05-20,57.29,Paid,17,2025-06-06
702697,914068,355,2025-05-22,55.7,Paid,1,2025-05-23
702698,903879,100,2025-05-22,113.05,Paid,11,2025-06-02
702699,900008,1,2025-05-20,56.29,Paid,10,2025-05-30
702700,900351,10,2025-05-22,59.23,Paid,17,2025-06-08
702701,916246,406,2025-05-20,56.16,Paid,16,2025-06-05
702702,914310,361,2025-05-22,58.59,Paid,13,2025-06-04
702703,902914,71,2025-05-22,55.97,Paid,5,2025-05-27
702704,905990,151,2025-05-21,57.78,Paid,5,2025-05-26
702705,904113,105,2025-05-20,57.05,Paid,3,2025-05-23
702706,912883,329,2025-05-20,64.52,Paid,25,2025-06-14
702707,903080,77,2025-05-23,69.79,Paid,30,2025-06-22
702708,917473,257,2025-05-21,2287.53,Paid,0,2025-05-21
702709,912181,307,2025-05-21,53.89,Paid,4,2025-05-25
702710,906183,157,2025-05-21,55.04,Paid,0,2025-05-21
702711,903433,87,2025-05-23,58.5,Paid,3,2025-05-26
702712,900630,16,2025-05-22,61.66,Paid,12,2025-06-03
702713,903981,103,2025-05-21,83.61,Paid,0,2025-05-21
702714,911739,294,2025-05-23,102.22,Paid,25,2025-06-17
702715,904969,125,2025-05-21,83.45,Paid,20,2025-06-10
702716,916762,418,2025-05-22,59.63,Paid,3,2025-05-25
702717,908019,196,2025-05-22,59.27,Paid,3,2025-05-25
702718,915366,386,2025-05-21,60.62,Paid,0,2025-05-21
702719,907011,177,2025-05-23,56.0,Paid,2,2025-05-25
702720,911949,302,2025-05-22,117.48,Paid,9,2025-05-31
702721,914643,368,2025-05-21,58.8,Paid,6,2025-05-27
702722,906282,159,2025-05-22,91.62,Paid,15,2025-06-06
702723,911609,290,2025-05-22,55.4,Paid,10,2025-06-01
702724,908874,213,2025-05-23,128.92,Paid,8,2025-05-31
702725,916106,402,2025-05-21,65.53,Paid,16,2025-06-06
702726,907745,191,2025-05-23,113.32,Paid,11,2025-06-03
702727,917751,390,2025-05-23,646.66,Paid,0,2025-05-23
702728,910758,266,2025-05-21,63.25,Paid,1,2025-05-22
702729,901748,42,2025-05-21,80.18,Paid,19,2025-06-09
702730,906946,176,2025-05-22,80.7,Paid,8,2025-05-30
702731,904047,104,2025-05-22,54.9,Paid,5,2025-05-27
702732,915638,391,2025-05-22,71.36,Paid,22,2025-06-13
702733,915325,385,2025-05-22,82.47,Paid,0,2025-05-22
702734,902329,55,2025-05-24,92.2,Paid,13,2025-06-06
702735,905172,133,2025-05-22,54.27,Paid,4,2025-05-26
702736,906570,167,2025-05-22,56.73,Paid,10,2025-06-01
702737,911780,295,2025-05-23,65.51,Paid,19,2025-06-11
702738,916007,399,2025-05-24,60.86,Paid,0,2025-05-24
702739,910509,255,2025-05-23,51.65,Paid,7,2025-05-30
702740,913865,351,2025-05-23,54.15,Paid,10,2025-06-02
702741,914244,359,2025-05-23,75.6,Paid,6,2025-05-29
702742,912432,314,2025-05-22,71.23,Paid,19,2025-06-10
702743,910547,256,2025-05-23,61.42,Paid,0,2025-05-23
702744,900070,2,2025-05-24,59.17,Paid,5,2025-05-29
702745,908940,215,2025-05-22,112.11,Paid,14,2025-06-05
702746,912494,316,2025-05-24,115.0,Paid,5,2025-05-29
702747,908425,204,2025-05-22,55.33,Paid,0,2025-05-22
702748,912366,313,2025-05-23,117.61,Paid,0,2025-05-23
702749,917655,345,2025-05-24,270.8,Paid,6,2025-05-30
702750,911404,286,2025-05-23,59.04,Paid,0,2025-05-23
702751,917593,315,2025-05-22,2032.04,Paid,20,2025-06-11
702752,909797,236,2025-05-22,117.75,Paid,0,2025-05-22
702753,911134,279,2025-05-23,58.01,Paid,0,2025-05-23
702754,910144,248,2025-05-22,115.13,Paid,14,2025-06-05
702755,900969,27,2025-05-22,83.97,Paid,0,2025-05-22
702756,909483,230,2025-05-24,122.99,Paid,1,2025-05-25
702757,903018,76,2025-05-23,58.25,Paid,15,2025-06-07
702758,909276,226,2025-05-23,82.64,Paid,18,2025-06-10
702759,911884,299,2025-05-24,53.2,Paid,0,2025-05-24
702760,914581,367,2025-05-24,55.86,Paid,3,2025-05-27
702761,907247,181,2025-05-23,56.51,Paid,2,2025-05-25
702762,904696,120,2025-05-22,76.77,Paid,0,2025-05-22
702763,909562,232,2025-05-23,63.48,Paid,5,2025-05-28
702764,904449,114,2025-05-24,65.33,Paid,17,2025-06-10
702765,901205,31,2025-05-23,134.12,Paid,16,2025-06-08
702766,911507,288,2025-05-23,59.64,Paid,16,2025-06-08
702767,908084,197,2025-05-23,76.54,Paid,5,2025-05-28
702768,912052,304,2025-05-22,92.37,Paid,30,2025-06-21
702769,910588,259,2025-05-22,122.81,Paid,6,2025-05-28
702770,900148,4,2025-05-24,82.41,Paid,6,2025-05-30
702771,914479,365,2025-05-22,57.69,Paid,0,2025-05-22
702772,900393,11,2025-05-22,55.74,Paid,7,2025-05-29
702773,917226,135,2025-05-22,516.75,Paid,1,2025-05-23
702774,907414,184,2025-05-25,81.22,Paid,12,2025-06-06
702775,900288,9,2025-05-24,57.75,Paid,7,2025-05-31
702776,901581,39,2025-05-23,52.89,Paid,2,2025-05-25
702777,910927,269,2025-05-23,48.59,Paid,10,2025-06-02
702778,912118,306,2025-05-23,53.54,Paid,13,2025-06-05
702779,914757,372,2025-05-24,117.74,Paid,0,2025-05-24
702780,904282,110,2025-05-23,70.72,Paid,26,2025-06-18
702781,909521,231,2025-05-25,83.56,Paid,2,2025-05-27
702782,902611,64,2025-05-24,73.91,Paid,7,2025-05-31
702783,903222,83,2025-05-23,56.71,Paid,13,2025-06-05
702784,906773,172,2025-05-23,58.9,Paid,17,2025-06-09
702785,910861,268,2025-05-23,56.42,Paid,11,2025-06-03
702786,901374,35,2025-05-24,53.65,Paid,6,2025-05-30
702787,901308,34,2025-05-24,72.17,Paid,4,2025-05-28
702788,902091,51,2025-05-23,72.86,Paid,20,2025-06-12
702789,907180,180,2025-05-24,77.7,Paid,16,2025-06-09
702790,903538,92,2025-05-25,76.2,Paid,7,2025-06-01
702791,902848,70,2025-05-23,68.21,Paid,13,2025-06-05
702792,904240,109,2025-05-23,59.11,Paid,9,2025-06-01
702793,901267,32,2025-05-23,58.9,Paid,0,2025-05-23
702794,914177,357,2025-05-23,81.04,Paid,0,2025-05-23
702795,903301,85,2025-05-25,77.74,Paid,1,2025-05-26
702796,909863,238,2025-05-25,62.23,Paid,10,2025-06-04
702797,917637,334,2025-05-23,2994.84,Paid,7,2025-05-30
702798,903708,97,2025-05-25,70.29,Paid,3,2025-05-28
702799,901034,28,2025-05-24,55.74,Paid,0,2025-05-24
702800,915045,378,2025-05-24,123.14,Paid,24,2025-06-17
702801,915432,387,2025-05-25,70.51,Paid,21,2025-06-15
702802,909109,221,2025-05-23,118.82,Paid,8,2025-05-31
702803,906320,161,2025-05-23,52.58,Paid,13,2025-06-05
702804,917620,326,2025-05-23,640.84,Paid,11,2025-06-03
702805,914799,373,2025-05-24,59.58,Paid,13,2025-06-06
702806,901100,29,2025-05-25,91.08,Paid,20,2025-06-14
702807,908655,208,2025-05-24,130.64,Paid,11,2025-06-04
702808,904796,122,2025-05-23,95.53,Paid,18,2025-06-10
702809,913762,349,2025-05-24,115.03,Paid,8,2025-06-01
702810,901540,38,2025-05-24,54.3,Paid,2,2025-05-26
702811,913220,336,2025-05-23,75.28,Paid,1,2025-05-24
702812,915704,393,2025-05-25,80.87,Paid,0,2025-05-25
702813,916559,413,2025-05-24,82.87,Paid,2,2025-05-26
702814,917595,315,2025-05-23,461.69,Paid,0,2025-05-23
702815,910314,251,2025-05-24,63.93,Paid,2,2025-05-26
702816,904594,118,2025-05-23,56.19,Paid,11,2025-06-03
702817,900695,18,2025-05-24,55.46,Paid,2,2025-05-26
702818,905787,147,2025-05-25,55.81,Paid,8,2025-06-02
702819,913079,333,2025-05-23,79.37,Paid,0,2025-05-23
702820,911676,293,2025-05-24,54.64,Paid,11,2025-06-04
702821,910380,252,2025-05-23,59.54,Paid,0,2025-05-23
702822,908771,211,2025-05-25,63.65,Paid,14,2025-06-08
702823,916868,420,2025-05-25,83.84,Paid,0,2025-05-25
702824,909382,228,2025-05-25,79.09,Paid,0,2025-05-25
702825,914372,362,2025-05-25,57.95,Paid,13,2025-06-07
702826,907679,190,2025-05-24,88.49,Paid,24,2025-06-17
702827,905034,126,2025-05-23,80.72,Paid,0,2025-05-23
702828,910028,245,2025-05-25,85.52,Paid,6,2025-05-31
702829,913287,339,2025-05-24,60.62,Paid,7,2025-05-31
702830,903260,84,2025-05-24,58.45,Paid,13,2025-06-06
702831,905251,137,2025-05-25,88.57,Paid,10,2025-06-04
702832,902976,72,2025-05-25,79.18,Paid,4,2025-05-29
702833,910206,249,2025-05-24,74.05,Paid,19,2025-06-12
702834,912948,330,2025-05-25,59.42,Paid,0,2025-05-25
702835,913695,348,2025-05-24,54.68,Paid,3,2025-05-27
702836,910654,261,2025-05-26,54.63,Paid,16,2025-06-11
702837,903775,98,2025-05-26,62.0,Paid,12,2025-06-07
702838,902158,52,2025-05-26,115.49,Paid,10,2025-06-05
702839,905356,139,2025-05-26,53.87,Paid,2,2025-05-28
702840,912257,309,2025-05-24,56.81,Paid,3,2025-05-27
702841,916455,411,2025-05-24,109.86,Paid,15,2025-06-08
702842,913488,342,2025-05-26,57.45,Paid,19,2025-06-14
702843,909624,233,2025-05-25,80.79,Paid,5,2025-05-30
702844,913421,341,2025-05-26,53.23,Paid,0,2025-05-26
702845,903159,81,2025-05-26,91.57,Paid,20,2025-06-15
702846,915771,394,2025-05-26,75.27,Paid,27,2025-06-22
702847,907481,186,2025-05-24,57.82,Paid,16,2025-06-09
702848,910103,247,2025-05-25,69.05,Paid,21,2025-06-15
702849,916518,412,2025-05-24,79.55,Paid,18,2025-06-11
702850,901987,47,2025-05-26,58.18,Paid,18,2025-06-13
702851,914110,356,2025-05-26,72.19,Paid,21,2025-06-16
702852,900459,13,2025-05-25,58.05,Paid,15,2025-06-09
702853,900564,15,2025-05-24,55.8,Paid,17,2025-06-10
702854,910717,262,2025-05-24,73.12,Paid,16,2025-06-09
702855,906672,170,2025-05-26,81.89,Paid,0,2025-05-26
702856,904758,121,2025-05-26,61.14,Paid,20,2025-06-15
702857,901163,30,2025-05-26,59.09,Paid,14,2025-06-09
702858,901685,41,2025-05-25,59.87,Paid,6,2025-05-31
702859,905853,148,2025-05-26,52.93,Paid,7,2025-06-02
702860,910247,250,2025-05-24,80.29,Paid,9,2025-06-02
702861,917415,229,2025-05-26,399.75,Paid,10,2025-06-05
702862,907887,194,2025-05-25,55.54,Paid,0,2025-05-25
702863,906815,173,2025-05-24,86.01,Paid,5,2025-05-29
702864,905423,140,2025-05-26,53.79,Paid,12,2025-06-07
702865,916622,414,2025-05-26,55.8,Paid,0,2025-05-26
702866,907077,178,2025-05-25,51.65,Paid,6,2025-05-31
702867,912610,320,2025-05-27,75.31,Paid,9,2025-06-05
702868,901922,45,2025-05-27,59.07,Paid,2,2025-05-29
702869,915287,384,2025-05-27,70.59,Paid,33,2025-06-29
702870,905619,144,2025-05-26,58.09,Paid,0,2025-05-26
702871,908317,201,2025-05-27,57.43,Paid,0,2025-05-27
702872,909966,242,2025-05-26,69.34,Paid,13,2025-06-08
702873,914413,363,2025-05-27,56.42,Paid,5,2025-06-01
702874,909317,227,2025-05-26,54.88,Paid,9,2025-06-04
702875,907312,182,2025-05-27,56.48,Paid,11,2025-06-07
702876,914862,374,2025-05-25,76.75,Paid,0,2025-05-25
702877,911237,281,2025-05-26,58.78,Paid,3,2025-05-29
702878,905554,143,2025-05-26,60.14,Paid,0,2025-05-26
702879,905314,138,2025-05-25,51.68,Paid,9,2025-06-03
702880,901440,36,2025-05-25,87.07,Paid,6,2025-05-31
702881,912713,323,2025-05-25,68.09,Paid,7,2025-06-01
702882,912672,322,2025-05-27,118.96,Paid,0,2025-05-27
702883,911339,283,2025-05-25,117.44,Paid,0,2025-05-25
702884,902432,58,2025-05-25,64.22,Paid,22,2025-06-16
702885,909445,229,2025-05-25,60.93,Paid,0,2025-05-25
702886,913969,353,2025-05-26,55.9,Paid,0,2025-05-26
702887,915212,382,2025-05-26,72.96,Paid,14,2025-06-09
702888,906881,175,2025-05-27,86.89,Paid,18,2025-06-14
702889,905722,146,2025-05-25,54.79,Paid,0,2025-05-25
702890,915966,398,2025-05-26,66.53,Paid,22,2025-06-17
702891,917653,343,2025-05-26,416.82,Paid,18,2025-06-13
702892,904411,113,2025-05-25,59.2,Paid,22,2025-06-16
702893,908217,199,2025-05-25,72.52,Paid,5,2025-05-30
702894,908359,203,2025-05-26,80.72,Paid,15,2025-06-10
702895,909238,225,2025-05-26,60.64,Paid,20,2025-06-15
702896,909176,222,2025-05-25,84.38,Paid,7,2025-06-01
702897,902674,65,2025-05-27,61.37,Paid,6,2025-06-02
702898,903605,95,2025-05-27,98.6,Paid,13,2025-06-09
702899,915838,395,2025-05-25,55.84,Paid,10,2025-06-04
702900,905915,149,2025-05-26,53.59,Paid,7,2025-06-02
702901,913014,331,2025-05-26,54.55,Paid,0,2025-05-26
702902,907807,192,2025-05-25,122.04,Paid,12,2025-06-06
702903,908556,206,2025-05-27,55.73,Paid,7,2025-06-03
702904,900522,14,2025-05-26,67.71,Paid,19,2025-06-14
702905,905489,142,2025-05-27,53.78,Paid,0,2025-05-27
702906,917814,420,2025-05-26,2688.67,Paid,7,2025-06-02
702907,917430,235,2025-05-27,363.38,Paid,8,2025-06-04
702908,917444,241,2025-05-26,1294.24,Paid,0,2025-05-26
702909,910447,254,2025-05-28,71.96,Paid,14,2025-06-11
702910,901857,44,2025-05-26,55.51,Paid,6,2025-06-01
702911,904838,123,2025-05-26,60.86,Paid,21,2025-06-16
702912,907614,188,2025-05-27,66.44,Paid,22,2025-06-18
702913,912219,308,2025-05-27,58.71,Paid,26,2025-06-22
702914,903368,86,2025-05-26,59.37,Paid,27,2025-06-22
702915,906103,155,2025-05-26,56.4,Paid,2,2025-05-28
702916,915112,379,2025-05-28,58.34,Paid,19,2025-06-16
702917,912817,328,2025-05-27,66.17,Paid,24,2025-06-20
702918,902716,66,2025-05-27,81.56,Paid,15,2025-06-11
702919,906141,156,2025-05-28,57.15,Paid,0,2025-05-28
702920,909002,216,2025-05-28,62.4,Paid,13,2025-06-10
702921,903667,96,2025-05-28,54.79,Paid,2,2025-05-30
702922,913355,340,2025-05-28,68.77,Paid,14,2025-06-11
702923,900903,25,2025-05-28,81.65,Paid,16,2025-06-13
702924,909666,234,2025-05-28,57.65,Paid,12,2025-06-09
702925,903982,103,2025-05-27,74.48,Paid,16,2025-06-12
702926,913630,347,2025-05-26,58.92,Paid,1,2025-05-27
702927,903434,87,2025-05-26,56.84,Paid,6,2025-06-01
702928,913588,345,2025-05-27,64.07,Paid,11,2025-06-07
702929,913141,334,2025-05-27,58.01,Paid,13,2025-06-09
702930,908151,198,2025-05-27,113.36,Paid,8,2025-06-04
702931,904349,111,2025-05-27,54.69,Paid,6,2025-06-02
702932,915536,389,2025-05-28,63.36,Paid,14,2025-06-11
702933,907845,193,2025-05-28,58.2,Paid,4,2025-06-01
702934,912300,312,2025-05-26,146.79,Paid,25,2025-06-20
702935,916185,404,2025-05-28,58.24,Paid,11,2025-06-08
702936,913179,335,2025-05-28,54.23,Paid,0,2025-05-28
702937,914980,377,2025-05-27,80.68,Paid,5,2025-06-01
702938,909045,219,2025-05-27,65.36,Paid,33,2025-06-29
702939,913551,343,2025-05-29,78.28,Paid,8,2025-06-06
702940,907954,195,2025-05-28,51.19,Paid,0,2025-05-28
702941,904905,124,2025-05-27,81.5,Paid,21,2025-06-17
702942,901791,43,2025-05-28,57.76,Paid,0,2025-05-28
702943,915905,397,2025-05-27,57.01,Paid,7,2025-06-03
702944,907549,187,2025-05-29,52.47,Paid,21,2025-06-19
702945,909926,241,2025-05-29,53.91,Paid,17,2025-06-15
702946,904491,115,2025-05-27,62.39,Paid,10,2025-06-06
702947,910995,270,2025-05-28,60.75,Paid,8,2025-06-05
702948,904179,107,2025-05-28,60.75,Paid,9,2025-06-06
702949,916804,419,2025-05-27,78.15,Paid,4,2025-05-31
702950,916725,417,2025-05-29,57.33,Paid,6,2025-06-04
702951,915494,388,2025-05-29,60.93,Paid,3,2025-06-01
702952,906632,169,2025-05-27,67.17,Paid,7,2025-06-03
702953,912884,329,2025-05-28,61.9,Paid,24,2025-06-21
702954,909732,235,2025-05-29,56.76,Paid,7,2025-06-05
702955,902494,60,2025-05-28,58.97,Paid,9,2025-06-06
702956,911056,274,2025-05-28,82.51,Paid,5,2025-06-02
702957,906947,176,2025-05-29,73.16,Paid,5,2025-06-03
702958,909563,232,2025-05-27,58.23,Paid,8,2025-06-04
702959,902226,53,2025-05-27,97.56,Paid,16,2025-06-12
702960,906506,166,2025-05-29,55.2,Paid,6,2025-06-04
702961,914541,366,2025-05-28,81.09,Paid,10,2025-06-07
702962,908492,205,2025-05-29,75.23,Paid,10,2025-06-08
702963,916663,416,2025-05-27,81.98,Paid,0,2025-05-27
702964,903880,100,2025-05-29,107.46,Paid,0,2025-05-29
702965,900009,1,2025-05-29,59.36,Paid,2,2025-05-31
702966,912569,318,2025-05-28,56.02,Paid,0,2025-05-28
702967,914311,361,2025-05-27,61.34,Paid,5,2025-06-01
702968,916353,409,2025-05-28,80.33,Paid,4,2025-06-01
702969,904114,105,2025-05-27,56.76,Paid,6,2025-06-02
702970,907012,177,2025-05-29,57.64,Paid,3,2025-06-01
702971,916144,403,2025-05-30,73.3,Paid,0,2025-05-30
702972,907374,183,2025-05-29,75.28,Paid,21,2025-06-19
702973,908941,215,2025-05-30,119.34,Paid,23,2025-06-22
702974,906401,164,2025-05-29,62.61,Paid,0,2025-05-29
702975,907746,191,2025-05-29,111.18,Paid,4,2025-06-02
702976,904970,125,2025-05-30,77.82,Paid,5,2025-06-04
702977,915367,386,2025-05-30,59.03,Paid,17,2025-06-16
702978,906028,152,2025-05-30,55.78,Paid,22,2025-06-21
702979,903838,99,2025-05-28,77.48,Paid,11,2025-06-08
702980,903019,76,2025-05-28,57.67,Paid,28,2025-06-25
702981,916288,408,2025-05-30,61.88,Paid,10,2025-06-09
702982,906184,157,2025-05-30,54.33,Paid,16,2025-06-15
702983,915433,387,2025-05-29,72.59,Paid,23,2025-06-21
702984,903118,79,2025-05-29,58.97,Paid,20,2025-06-18
702985,908875,213,2025-05-28,110.98,Paid,0,2025-05-28
702986,900210,6,2025-05-28,61.6,Paid,3,2025-05-31
702987,901309,34,2025-05-30,67.8,Paid,25,2025-06-24
702988,911508,288,2025-05-28,59.12,Paid,3,2025-05-31
702989,905953,150,2025-05-30,56.16,Paid,10,2025-06-09
702990,913080,333,2025-05-29,83.53,Paid,2,2025-05-31
702991,900108,3,2025-05-29,86.4,Paid,6,2025-06-04
702992,910589,259,2025-05-30,119.31,Paid,0,2025-05-30
702993,902288,54,2025-05-30,51.89,Paid,1,2025-05-31
702994,905035,126,2025-05-28,83.0,Paid,5,2025-06-02
702995,911610,290,2025-05-30,57.72,Paid,5,2025-06-04
702996,917043,54,2025-05-29,438.25,Paid,2,2025-05-31
702997,911093,275,2025-05-29,52.79,Paid,4,2025-06-02
702998,902783,69,2025-05-29,55.36,Paid,2,2025-05-31
702999,900799,21,2025-05-29,96.5,Paid,19,2025-06-17
703000,909798,236,2025-05-28,117.44,Paid,9,2025-06-06
703001,910145,248,2025-05-30,118.75,Paid,9,2025-06-08
703002,910066,246,2025-05-29,68.38,Paid,24,2025-06-22
703003,900970,27,2025-05-31,76.05,Paid,12,2025-06-12
703004,904697,120,2025-05-31,74.73,Paid,0,2025-05-31
703005,908426,204,2025-05-30,57.63,Paid,9,2025-06-08
703006,916069,401,2025-05-29,56.6,Paid,0,2025-05-29
703007,913866,351,2025-05-30,55.74,Paid,7,2025-06-06
703008,914480,365,2025-05-30,59.53,Paid,9,2025-06-08
703009,913825,350,2025-05-31,57.99,Paid,3,2025-06-03
703010,910820,267,2025-05-29,119.1,Paid,11,2025-06-09
703011,908834,212,2025-05-30,69.22,Paid,25,2025-06-24
703012,904048,104,2025-05-31,53.96,Paid,6,2025-06-06
703013,911135,279,2025-05-31,56.95,Paid,1,2025-06-01
703014,914582,367,2025-05-29,51.49,Paid,2,2025-05-31
703015,900394,11,2025-05-29,55.03,Paid,9,2025-06-07
703016,914245,359,2025-05-30,82.71,Paid,3,2025-06-02
703017,906245,158,2025-05-29,66.54,Paid,23,2025-06-21
703018,911950,302,2025-05-30,113.71,Paid,19,2025-06-18
703019,915598,390,2025-05-30,57.29,Paid,7,2025-06-06
703020,906571,167,2025-05-31,56.1,Paid,0,2025-05-31
703021,916008,399,2025-05-30,55.3,Paid,8,2025-06-07
703022,912433,314,2025-05-31,61.59,Paid,29,2025-06-29
703023,900149,4,2025-05-31,86.94,Paid,0,2025-05-31
703024,911781,295,2025-05-30,66.62,Paid,27,2025-06-26
703025,912367,313,2025-05-31,124.87,Paid,8,2025-06-08
703026,905854,148,2025-05-29,55.31,Paid,10,2025-06-08
703027,911405,286,2025-05-31,56.32,Paid,9,2025-06-09
703028,905681,145,2025-05-30,128.96,Paid,5,2025-06-04
703029,902915,71,2025-05-29,58.08,Paid,6,2025-06-04
703030,900758,19,2025-05-29,55.17,Paid,8,2025-06-06
703031,911885,299,2025-05-30,55.46,Paid,20,2025-06-19
703032,912053,304,2025-05-31,86.06,Paid,22,2025-06-22
703033,912532,317,2025-05-29,82.79,Paid,3,2025-06-01
703034,915250,383,2025-05-29,59.4,Paid,8,2025-06-06
703035,908085,197,2025-05-30,81.52,Paid,0,2025-05-30
703036,902330,55,2025-05-31,87.47,Paid,24,2025-06-24
703037,911569,289,2025-05-29,55.68,Paid,14,2025-06-12
703038,903496,88,2025-06-01,69.09,Paid,30,2025-07-01
703039,910315,251,2025-06-01,55.89,Paid,2,2025-06-03
703040,906735,171,2025-06-01,75.83,Paid,8,2025-06-09
703041,903709,97,2025-06-01,83.49,Paid,3,2025-06-04
703042,905788,147,2025-06-01,56.47,Paid,15,2025-06-16
703043,901375,35,2025-06-01,58.88,Paid,8,2025-06-09
703044,900289,9,2025-06-01,59.9,Paid,19,2025-06-20
703045,901101,29,2025-05-31,90.67,Paid,0,2025-05-31
703046,907680,190,2025-05-31,94.6,Paid,27,2025-06-27
703047,905134,132,2025-05-30,50.83,Paid,0,2025-05-30
703048,915639,391,2025-06-01,68.57,Paid,8,2025-06-09
703049,904283,110,2025-05-30,70.29,Paid,26,2025-06-25
703050,909110,221,2025-05-31,118.25,Paid,0,2025-05-31
703051,902092,51,2025-05-30,70.53,Paid,16,2025-06-15
703052,907415,184,2025-05-31,82.23,Paid,14,2025-06-14
703053,913763,349,2025-05-31,119.84,Paid,0,2025-05-31
703054,917764,395,2025-06-01,1990.21,Paid,16,2025-06-17
703055,914800,373,2025-05-30,64.85,Paid,0,2025-05-30
703056,917365,201,2025-06-01,1622.86,Paid,8,2025-06-09
703057,910928,269,2025-06-01,58.86,Paid,8,2025-06-09
703058,902531,61,2025-05-31,70.48,Paid,22,2025-06-22
703059,900631,16,2025-06-01,54.98,Paid,11,2025-06-12
703060,915046,378,2025-05-31,117.59,Paid,0,2025-05-31
703061,900696,18,2025-05-30,51.66,Paid,9,2025-06-08
703062,913221,336,2025-05-30,79.59,Paid,0,2025-05-30
703063,916560,413,2025-05-31,75.95,Paid,9,2025-06-09
703064,909864,238,2025-05-30,53.66,Paid,9,2025-06-08
703065,911677,293,2025-05-30,59.92,Paid,1,2025-05-31
703066,916869,420,2025-06-01,79.72,Paid,5,2025-06-06
703067,915705,393,2025-06-01,76.66,Paid,16,2025-06-17
703068,902612,64,2025-05-31,80.18,Paid,6,2025-06-06
703069,901035,28,2025-06-01,56.66,Paid,22,2025-06-23
703070,901582,39,2025-05-30,53.07,Paid,9,2025-06-08
703071,908020,196,2025-05-30,59.47,Paid,1,2025-05-31
703072,908772,211,2025-05-31,67.71,Paid,20,2025-06-20
703073,912119,306,2025-06-01,55.03,Paid,3,2025-06-04
703074,900247,7,2025-06-01,60.53,Paid,10,2025-06-11
703075,910759,266,2025-05-30,59.16,Paid,12,2025-06-11
703076,907248,181,2025-06-01,58.54,Paid,0,2025-06-01
703077,908279,200,2025-05-30,66.32,Paid,30,2025-06-29
703078,903302,85,2025-05-30,81.2,Paid,19,2025-06-18
703079,910862,268,2025-06-01,51.27,Paid,5,2025-06-06
703080,910381,252,2025-05-30,54.41,Paid,4,2025-06-03
703081,914938,376,2025-06-01,79.05,Paid,0,2025-06-01
703082,901206,31,2025-06-01,117.29,Paid,11,2025-06-12
703083,916456,411,2025-06-02,113.16,Paid,0,2025-06-02
703084,901686,41,2025-06-01,56.09,Paid,5,2025-06-06
703085,900460,13,2025-06-02,58.39,Paid,2,2025-06-04
703086,902849,70,2025-06-02,65.24,Paid,22,2025-06-24
703087,911196,280,2025-06-01,60.28,Paid,12,2025-06-13
703088,917335,183,2025-06-01,338.12,Paid,5,2025-06-06
703089,914900,375,2025-05-31,52.85,Paid,11,2025-06-11
703090,903776,98,2025-06-01,61.72,Paid,3,2025-06-04
703091,912949,330,2025-05-31,54.54,Paid,21,2025-06-21
703092,906673,170,2025-06-01,83.6,Paid,19,2025-06-20
703093,911842,298,2025-06-01,61.35,Paid,10,2025-06-11
703094,903160,81,2025-05-31,87.89,Paid,20,2025-06-20
703095,913288,339,2025-05-31,58.85,Paid,9,2025-06-09
703096,910655,261,2025-06-01,62.68,Paid,8,2025-06-09
703097,905252,137,2025-06-02,82.79,Paid,0,2025-06-02
703098,915772,394,2025-06-02,66.56,Paid,22,2025-06-24
703099,913696,348,2025-06-01,56.68,Paid,17,2025-06-18
703100,901988,47,2025-06-01,53.91,Paid,15,2025-06-16
703101,902159,52,2025-05-31,124.4,Paid,1,2025-06-01
703102,916982,27,2025-06-01,657.51,Paid,0,2025-06-01
703103,913489,342,2025-06-01,59.98,Paid,13,2025-06-14
703104,904552,116,2025-06-02,55.97,Paid,9,2025-06-11
703105,917233,138,2025-06-02,420.68,Paid,3,2025-06-05
703106,908618,207,2025-06-01,68.86,Paid,36,2025-07-07
703107,907888,194,2025-05-31,57.55,Paid,0,2025-05-31
703108,903539,92,2025-06-01,73.15,Paid,11,2025-06-12
703109,905096,129,2025-06-02,84.99,Paid,10,2025-06-12
703110,900565,15,2025-06-01,54.48,Paid,15,2025-06-16
703111,902050,48,2025-06-02,59.8,Paid,4,2025-06-06
703112,904595,118,2025-06-01,58.24,Paid,19,2025-06-20
703113,913422,341,2025-06-02,53.26,Paid,0,2025-06-02
703114,907181,180,2025-06-02,80.56,Paid,6,2025-06-08
703115,905357,139,2025-06-02,58.59,Paid,13,2025-06-15
703116,910248,250,2025-06-02,77.14,Paid,11,2025-06-13
703117,914681,370,2025-06-01,73.61,Paid,0,2025-06-01
703118,906816,173,2025-06-01,82.17,Paid,11,2025-06-12
703119,906463,165,2025-06-02,59.92,Paid,4,2025-06-06
703120,914111,356,2025-06-02,77.4,Paid,12,2025-06-14
703121,911340,283,2025-06-02,121.97,Paid,5,2025-06-07
703122,904656,119,2025-06-02,52.97,Paid,3,2025-06-05
703123,915839,395,2025-06-02,58.75,Paid,14,2025-06-16
703124,905210,135,2025-06-03,57.22,Paid,9,2025-06-12
703125,914178,357,2025-06-02,75.98,Paid,0,2025-06-02
703126,907078,178,2025-06-02,57.05,Paid,2,2025-06-04
703127,908693,209,2025-06-02,59.14,Paid,3,2025-06-05
703128,907313,182,2025-06-01,57.24,Paid,2,2025-06-03
703129,916354,409,2025-06-03,75.63,Paid,14,2025-06-17
703130,916664,416,2025-06-01,75.72,Paid,0,2025-06-01
703131,903606,95,2025-06-03,97.0,Paid,19,2025-06-22
703132,912011,303,2025-06-02,80.37,Paid,7,2025-06-09
703133,901923,45,2025-06-02,57.66,Paid,15,2025-06-17
703134,913970,353,2025-06-02,60.3,Paid,0,2025-06-02
703135,908218,199,2025-06-03,74.78,Paid,4,2025-06-07
703136,913015,331,2025-06-02,61.35,Paid,11,2025-06-13
703137,914414,363,2025-06-02,61.01,Paid,12,2025-06-14
703138,906882,175,2025-06-01,95.86,Paid,26,2025-06-27
703139,909383,228,2025-06-02,75.93,Paid,6,2025-06-08
703140,908730,210,2025-06-01,57.1,Paid,12,2025-06-13
703141,911466,287,2025-06-01,55.3,Paid,14,2025-06-15
703142,908360,203,2025-06-02,77.85,Paid,8,2025-06-10
703143,905723,146,2025-06-01,57.14,Paid,5,2025-06-06
703144,908557,206,2025-06-01,59.26,Paid,0,2025-06-01
703145,903941,102,2025-06-03,67.91,Paid,30,2025-07-03
703146,914031,354,2025-06-01,55.87,Paid,16,2025-06-17
703147,916415,410,2025-06-03,95.81,Paid,23,2025-06-26
703148,902433,58,2025-06-02,68.17,Paid,26,2025-06-28
703149,905424,140,2025-06-02,59.27,Paid,0,2025-06-02
703150,912611,320,2025-06-02,75.35,Paid,12,2025-06-14
703151,909967,242,2025-06-01,83.91,Paid,8,2025-06-09
703152,905555,143,2025-06-03,52.38,Paid,10,2025-06-13
703153,905620,144,2025-06-01,58.66,Paid,6,2025-06-07
703154,911299,282,2025-06-03,114.85,Paid,7,2025-06-10
703155,909318,227,2025-06-01,61.08,Paid,4,2025-06-05
703156,912714,323,2025-06-02,73.9,Paid,22,2025-06-24
703157,911238,281,2025-06-01,51.05,Paid,0,2025-06-01
703158,901441,36,2025-06-03,81.16,Paid,7,2025-06-10
703159,909177,222,2025-06-02,77.98,Paid,11,2025-06-13
703160,913631,347,2025-06-02,58.1,Paid,15,2025-06-17
703161,907955,195,2025-06-03,59.3,Paid,11,2025-06-14
703162,916289,408,2025-06-04,60.24,Paid,5,2025-06-09
703163,902717,66,2025-06-03,71.19,Paid,21,2025-06-24
703164,903369,86,2025-06-02,56.9,Paid,0,2025-06-02
703165,911611,290,2025-06-02,58.83,Paid,14,2025-06-16
703166,900904,25,2025-06-02,84.96,Paid,3,2025-06-05
703167,902227,53,2025-06-04,89.86,Paid,23,2025-06-27
703168,913928,352,2025-06-03,128.95,Paid,2,2025-06-05
703169,909667,234,2025-06-04,64.27,Paid,4,2025-06-08
703170,915175,381,2025-06-03,83.03,Paid,0,2025-06-03
703171,913356,340,2025-06-03,63.83,Paid,33,2025-07-06
703172,905490,142,2025-06-04,59.85,Paid,7,2025-06-11
703173,902392,57,2025-06-04,57.63,Paid,30,2025-07-04
703174,900800,21,2025-06-02,93.0,Paid,5,2025-06-07
703175,912818,328,2025-06-03,68.55,Paid,21,2025-06-24
703176,915113,379,2025-06-03,63.8,Paid,12,2025-06-15
703177,906402,164,2025-06-02,57.92,Paid,12,2025-06-14
703178,908152,198,2025-06-03,113.64,Paid,2,2025-06-05
703179,917533,286,2025-06-03,2342.45,Paid,0,2025-06-03
703180,901858,44,2025-06-03,54.29,Paid,0,2025-06-03
703181,906359,163,2025-06-04,76.13,Paid,0,2025-06-04
703182,902570,62,2025-06-02,84.37,Paid,0,2025-06-02
703183,907615,188,2025-06-03,72.24,Paid,18,2025-06-21
703184,912301,312,2025-06-03,136.11,Paid,31,2025-07-04
703185,904839,123,2025-06-03,56.06,Paid,10,2025-06-13
703186,915537,389,2025-06-03,59.78,Paid,0,2025-06-03
703187,903983,103,2025-06-04,77.36,Paid,6,2025-06-10
703188,907482,186,2025-06-03,54.32,Paid,13,2025-06-16
703189,900862,22,2025-06-04,69.29,Paid,14,2025-06-18
703190,914720,371,2025-06-04,60.7,Paid,8,2025-06-12
703191,916763,418,2025-06-04,59.23,Paid,19,2025-06-23
703192,903435,87,2025-06-04,56.22,Paid,11,2025-06-15
703193,901792,43,2025-06-03,60.34,Paid,0,2025-06-03
703194,906066,153,2025-06-04,78.65,Paid,9,2025-06-13
703195,912776,324,2025-06-02,56.87,Paid,0,2025-06-02
703196,904492,115,2025-06-03,77.14,Paid,17,2025-06-20
703197,901503,37,2025-06-04,68.47,Paid,18,2025-06-22
703198,916247,406,2025-06-03,60.35,Paid,23,2025-06-26
703199,914069,355,2025-06-03,59.28,Paid,7,2025-06-10
703200,910996,270,2025-06-04,54.43,Paid,13,2025-06-17
703201,907140,179,2025-06-03,86.78,Paid,32,2025-07-05
703202,910548,256,2025-06-05,58.15,Paid,12,2025-06-17
703203,916805,419,2025-06-04,74.17,Paid,12,2025-06-16
703204,909733,235,2025-06-05,55.68,Paid,17,2025-06-22
703205,902784,69,2025-06-05,51.78,Paid,0,2025-06-05
703206,916186,404,2025-06-04,55.79,Paid,0,2025-06-04
703207,901645,40,2025-06-04,58.48,Paid,9,2025-06-13
703208,906507,166,2025-06-03,58.85,Paid,12,2025-06-15
703209,915906,397,2025-06-05,53.01,Paid,12,2025-06-17
703210,909564,232,2025-06-03,55.99,Paid,8,2025-06-11
703211,904180,107,2025-06-05,60.33,Paid,2,2025-06-07
703212,917508,274,2025-06-03,638.98,Paid,5,2025-06-08
703213,904350,111,2025-06-05,56.78,Paid,10,2025-06-15
703214,903881,100,2025-06-03,113.37,Paid,0,2025-06-03
703215,916930,5,2025-06-04,3505.13,Paid,13,2025-06-17
703216,900352,10,2025-06-04,55.45,Paid,4,2025-06-08
703217,912885,329,2025-06-04,64.73,Paid,25,2025-06-29
703218,908493,205,2025-06-05,75.61,Paid,0,2025-06-05
703219,904906,124,2025-06-04,78.55,Paid,10,2025-06-14
703220,909046,219,2025-06-05,65.63,Paid,37,2025-07-12
703221,906948,176,2025-06-04,74.65,Paid,0,2025-06-04
703222,904115,105,2025-06-03,54.75,Paid,2,2025-06-05
703223,907550,187,2025-06-03,64.4,Paid,7,2025-06-10
703224,902916,71,2025-06-05,64.29,Paid,10,2025-06-15
703225,900010,1,2025-06-05,54.02,Paid,7,2025-06-12
703226,900071,2,2025-06-06,54.95,Paid,20,2025-06-26
703227,915368,386,2025-06-04,59.57,Paid,7,2025-06-11
703228,911740,294,2025-06-06,87.14,Paid,19,2025-06-25
703229,910760,266,2025-06-06,55.01,Paid,0,2025-06-06
703230,909799,236,2025-06-06,121.15,Paid,11,2025-06-17
703231,905036,126,2025-06-05,84.8,Paid,8,2025-06-13
703232,907747,191,2025-06-04,115.96,Paid,5,2025-06-09
703233,900632,16,2025-06-04,61.13,Paid,8,2025-06-12
703234,901749,42,2025-06-06,76.86,Paid,7,2025-06-13
703235,907249,181,2025-06-04,58.82,Paid,8,2025-06-12
703236,917778,399,2025-06-06,2260.42,Paid,9,2025-06-15
703237,912182,307,2025-06-06,58.55,Paid,13,2025-06-19
703238,917453,246,2025-06-05,566.43,Paid,23,2025-06-28
703239,907013,177,2025-06-05,52.75,Paid,16,2025-06-21
703240,903020,76,2025-06-04,55.22,Paid,12,2025-06-16
703241,915434,387,2025-06-06,67.47,Paid,16,2025-06-22
703242,910590,259,2025-06-06,114.3,Paid,9,2025-06-15
703243,904241,109,2025-06-05,56.06,Paid,18,2025-06-23
703244,904049,104,2025-06-05,60.52,Paid,21,2025-06-26
703245,914312,361,2025-06-05,55.83,Paid,14,2025-06-19
703246,917222,134,2025-06-06,215.03,Paid,4,2025-06-10
703247,904971,125,2025-06-06,81.1,Paid,12,2025-06-18
703248,911951,302,2025-06-06,121.37,Paid,3,2025-06-09
703249,915640,391,2025-06-06,69.27,Paid,14,2025-06-20
703250,914644,368,2025-06-06,55.62,Paid,0,2025-06-06
703251,916107,402,2025-06-06,69.62,Paid,21,2025-06-27
703252,906774,172,2025-06-05,59.95,Paid,5,2025-06-10
703253,901310,34,2025-06-06,67.25,Paid,13,2025-06-19
703254,908942,215,2025-06-05,113.43,Paid,6,2025-06-11
703255,903081,77,2025-06-05,71.95,Paid,14,2025-06-19
703256,908876,213,2025-06-06,108.8,Paid,3,2025-06-09
703257,910448,254,2025-06-06,65.13,Paid,24,2025-06-30
703258,917489,266,2025-06-06,6561.41,Paid,0,2025-06-06
703259,905991,151,2025-06-05,57.31,Paid,0,2025-06-05
703260,906283,159,2025-06-05,95.01,Paid,19,2025-06-24
703261,913406,340,2025-06-05,112.12,Paid,11,2025-06-16
703262,917469,255,2025-06-07,2934.61,Paid,0,2025-06-07
703263,916235,404,2025-06-05,95.87,Paid,3,2025-06-08
703264,904596,118,2025-06-06,54.99,Paid,16,2025-06-22
703265,912054,304,2025-06-06,90.31,Paid,9,2025-06-15
703266,916611,413,2025-06-06,122.58,Paid,5,2025-06-11
703267,906572,167,2025-06-06,57.77,Paid,8,2025-06-14
703268,901842,43,2025-06-07,86.88,Paid,3,2025-06-10
703269,908410,203,2025-06-06,128.85,Paid,4,2025-06-10
703270,905855,148,2025-06-07,56.45,Paid,7,2025-06-14
703271,900150,4,2025-06-07,71.67,Paid,10,2025-06-17
703272,902331,55,2025-06-05,80.74,Paid,22,2025-06-27
703273,904698,120,2025-06-05,83.16,Paid,6,2025-06-11
703274,911136,279,2025-06-07,57.11,Paid,0,2025-06-07
703275,912351,312,2025-06-07,223.06,Paid,21,2025-06-28
703276,901190,30,2025-06-07,88.12,Paid,8,2025-06-15
703277,910017,242,2025-06-06,125.06,Paid,22,2025-06-28
703278,904450,114,2025-06-07,69.18,Paid,11,2025-06-18
703279,900971,27,2025-06-05,76.55,Paid,14,2025-06-19
703280,911782,295,2025-06-06,68.44,Paid,22,2025-06-28
703281,904438,113,2025-06-05,88.05,Paid,2,2025-06-07
703282,916133,402,2025-06-07,107.86,Paid,13,2025-06-20
703283,912495,316,2025-06-05,122.95,Paid,10,2025-06-15
703284,905173,133,2025-06-06,56.8,Paid,13,2025-06-19
703285,911886,299,2025-06-07,55.65,Paid,15,2025-06-22
703286,914583,367,2025-06-07,62.72,Paid,2,2025-06-09
703287,904759,121,2025-06-07,69.71,Paid,6,2025-06-13
703288,907834,192,2025-06-06,197.72,Paid,5,2025-06-11
703289,906017,151,2025-06-05,91.65,Paid,9,2025-06-14
703290,910510,255,2025-06-05,59.99,Paid,0,2025-06-05
703291,906271,158,2025-06-07,110.19,Paid,8,2025-06-15
703292,901775,42,2025-06-05,113.79,Paid,16,2025-06-21
703293,901207,31,2025-06-05,128.1,Paid,11,2025-06-16
703294,911766,294,2025-06-06,144.39,Paid,15,2025-06-21
703295,908427,204,2025-06-05,58.74,Paid,10,2025-06-15
703296,911325,282,2025-06-07,175.28,Paid,18,2025-06-25
703297,913081,333,2025-06-06,82.38,Paid,5,2025-06-11
703298,906185,157,2025-06-06,60.51,Paid,11,2025-06-17
703299,900395,11,2025-06-05,60.3,Paid,15,2025-06-20
703300,911406,286,2025-06-07,59.34,Paid,3,2025-06-10
703301,914746,371,2025-06-07,87.55,Paid,0,2025-06-07
703302,914481,365,2025-06-05,57.36,Paid,9,2025-06-14
703303,912434,314,2025-06-05,67.44,Paid,10,2025-06-15
703304,912368,313,2025-06-07,125.45,Paid,7,2025-06-14
703305,916009,399,2025-06-06,55.24,Paid,21,2025-06-27
703306,912038,303,2025-06-07,137.34,Paid,6,2025-06-13
703307,914981,377,2025-06-07,83.4,Paid,2,2025-06-09
703308,916441,410,2025-06-06,152.56,Paid,23,2025-06-29
703309,900697,18,2025-06-07,56.25,Paid,11,2025-06-18
703310,900616,15,2025-06-07,90.16,Paid,5,2025-06-12
703311,912120,306,2025-06-07,58.41,Paid,0,2025-06-07
703312,910382,252,2025-06-08,57.1,Paid,7,2025-06-15
703313,915239,382,2025-06-07,110.44,Paid,12,2025-06-19
703314,917338,186,2025-06-06,508.28,Paid,6,2025-06-12
703315,909277,226,2025-06-08,81.66,Paid,8,2025-06-16
703316,915706,393,2025-06-08,76.58,Paid,4,2025-06-12
703317,912170,306,2025-06-08,93.68,Paid,2,2025-06-10
703318,901973,45,2025-06-06,99.19,Paid,7,2025-06-13
703319,916561,413,2025-06-08,82.3,Paid,0,2025-06-08
703320,910366,251,2025-06-08,92.5,Paid,3,2025-06-11
703321,909865,238,2025-06-06,51.81,Paid,7,2025-06-13
703322,903419,86,2025-06-07,94.35,Paid,8,2025-06-15
703323,908021,196,2025-06-06,52.96,Paid,0,2025-06-06
703324,912699,322,2025-06-07,179.34,Paid,18,2025-06-25
703325,915047,378,2025-06-07,114.84,Paid,6,2025-06-13
703326,902613,64,2025-06-07,78.59,Paid,13,2025-06-20
703327,908268,199,2025-06-08,137.91,Paid,0,2025-06-08
703328,910316,251,2025-06-07,57.71,Paid,13,2025-06-20
703329,905540,142,2025-06-08,93.48,Paid,13,2025-06-21
703330,907182,180,2025-06-06,83.21,Paid,3,2025-06-09
703331,903223,83,2025-06-07,56.01,Paid,12,2025-06-19
703332,907681,190,2025-06-06,100.34,Paid,36,2025-07-12
703333,900290,9,2025-06-08,61.53,Paid,6,2025-06-14
703334,914758,372,2025-06-08,125.34,Paid,8,2025-06-16
703335,901583,39,2025-06-08,58.58,Paid,0,2025-06-08
703336,900444,11,2025-06-06,103.33,Paid,0,2025-06-06
703337,908773,211,2025-06-07,68.18,Paid,16,2025-06-23
703338,909111,221,2025-06-08,120.63,Paid,7,2025-06-15
703339,902093,51,2025-06-07,71.77,Paid,18,2025-06-25
703340,904284,110,2025-06-06,70.62,Paid,26,2025-07-02
703341,907416,184,2025-06-07,78.48,Paid,10,2025-06-17
703342,908656,208,2025-06-08,112.87,Paid,0,2025-06-08
703343,909265,225,2025-06-06,83.87,Paid,0,2025-06-06
703344,902850,70,2025-06-07,67.12,Paid,17,2025-06-24
703345,906309,159,2025-06-08,160.12,Paid,24,2025-07-02
703346,906321,161,2025-06-07,59.39,Paid,0,2025-06-07
703347,914179,357,2025-06-06,78.83,Paid,0,2025-06-06
703348,914373,362,2025-06-07,53.8,Paid,1,2025-06-08
703349,901102,29,2025-06-08,87.26,Paid,30,2025-07-08
703350,901376,35,2025-06-07,57.91,Paid,23,2025-06-30
703351,903540,92,2025-06-08,83.93,Paid,0,2025-06-08
703352,906867,173,2025-06-06,118.96,Paid,3,2025-06-09
703353,901268,32,2025-06-06,58.93,Paid,0,2025-06-06
703354,911678,293,2025-06-08,58.5,Paid,2,2025-06-10
703355,911509,288,2025-06-07,59.42,Paid,5,2025-06-12
703356,911661,290,2025-06-08,96.23,Paid,1,2025-06-09
703357,900784,19,2025-06-08,101.42,Paid,0,2025-06-08
703358,903303,85,2025-06-08,81.28,Paid,12,2025-06-20
703359,901036,28,2025-06-08,59.07,Paid,2,2025-06-10
703360,903710,97,2025-06-07,82.35,Paid,15,2025-06-22
703361,910863,268,2025-06-07,55.35,Paid,2,2025-06-09
703362,909384,228,2025-06-06,84.73,Paid,0,2025-06-06
703363,915326,385,2025-06-07,88.06,Paid,23,2025-06-30
703364,909548,231,2025-06-08,131.29,Paid,0,2025-06-08
703365,910498,254,2025-06-08,109.7,Paid,20,2025-06-28
703366,910809,266,2025-06-06,97.95,Paid,13,2025-06-19
703367,908318,201,2025-06-06,60.5,Paid,24,2025-06-30
703368,904797,122,2025-06-07,93.37,Paid,10,2025-06-17
703369,903287,84,2025-06-07,96.57,Paid,0,2025-06-07
703370,913867,351,2025-06-08,56.04,Paid,12,2025-06-20
703371,908086,197,2025-06-08,79.93,Paid,10,2025-06-18
703372,917792,410,2025-06-09,1063.24,Paid,14,2025-06-23
703373,913697,348,2025-06-08,53.59,Paid,12,2025-06-20
703374,910249,250,2025-06-07,82.83,Paid,5,2025-06-12
703375,916870,420,2025-06-09,79.14,Paid,6,2025-06-15
703376,910656,261,2025-06-08,53.0,Paid,0,2025-06-08
703377,906658,169,2025-06-09,111.72,Paid,27,2025-07-06
703378,913423,341,2025-06-08,55.48,Paid,1,2025-06-09
703379,910913,268,2025-06-07,95.76,Paid,3,2025-06-10
703380,906674,170,2025-06-09,81.32,Paid,3,2025-06-12
703381,906762,171,2025-06-07,136.47,Paid,13,2025-06-20
703382,900461,13,2025-06-09,58.61,Paid,11,2025-06-20
703383,914295,359,2025-06-07,132.49,Paid,0,2025-06-07
703384,910979,269,2025-06-09,92.61,Paid,0,2025-06-09
703385,909484,230,2025-06-07,114.99,Paid,0,2025-06-07
703386,916714,416,2025-06-09,123.53,Paid,17,2025-06-26
703387,906130,155,2025-06-08,95.5,Paid,10,2025-06-18
703388,900566,15,2025-06-07,56.13,Paid,14,2025-06-21
703389,910104,247,2025-06-07,66.97,Paid,24,2025-07-01
703390,907483,186,2025-06-09,54.82,Paid,16,2025-06-25
703391,903760,97,2025-06-07,132.11,Paid,16,2025-06-23
703392,901164,30,2025-06-08,56.75,Paid,4,2025-06-12
703393,903930,100,2025-06-08,187.71,Paid,4,2025-06-12
703394,913490,342,2025-06-08,53.0,Paid,4,2025-06-12
703395,910718,262,2025-06-08,66.71,Paid,26,2025-07-04
703396,915773,394,2025-06-07,64.05,Paid,31,2025-07-08
703397,912595,318,2025-06-07,95.14,Paid,2,2025-06-09
703398,902977,72,2025-06-09,83.65,Paid,1,2025-06-10
703399,906817,173,2025-06-08,71.23,Paid,10,2025-06-18
703400,916519,412,2025-06-08,84.22,Paid,3,2025-06-11
703401,904033,103,2025-06-08,125.12,Paid,18,2025-06-26
703402,914229,357,2025-06-07,132.52,Paid,7,2025-06-14
703403,905358,139,2025-06-07,57.41,Paid,0,2025-06-07
703404,905789,147,2025-06-07,57.88,Paid,17,2025-06-24
703405,903161,81,2025-06-09,102.47,Paid,26,2025-07-05
703406,910146,248,2025-06-07,113.85,Paid,3,2025-06-10
703407,903261,84,2025-06-08,58.03,Paid,14,2025-06-22
703408,916457,411,2025-06-09,120.15,Paid,13,2025-06-22
703409,909915,238,2025-06-07,84.38,Paid,4,2025-06-11
703410,914112,356,2025-06-07,74.59,Paid,0,2025-06-07
703411,909522,231,2025-06-09,78.2,Paid,7,2025-06-16
703412,901541,38,2025-06-09,55.21,Paid,7,2025-06-16
703413,915201,381,2025-06-07,121.49,Paid,7,2025-06-14
703414,905253,137,2025-06-08,79.55,Paid,3,2025-06-11
703415,908476,204,2025-06-07,102.91,Paid,0,2025-06-07
703416,909625,233,2025-06-09,85.82,Paid,21,2025-06-30
703417,907889,194,2025-06-08,59.07,Paid,4,2025-06-12
703418,905979,150,2025-06-08,98.53,Paid,6,2025-06-14
703419,910207,249,2025-06-07,78.56,Paid,5,2025-06-12
703420,912483,314,2025-06-08,124.62,Paid,13,2025-06-21
703421,914246,359,2025-06-08,77.54,Paid,0,2025-06-08
703422,913289,339,2025-06-08,56.28,Paid,15,2025-06-23
703423,917303,171,2025-06-09,676.71,Paid,11,2025-06-20
703424,917457,249,2025-06-08,3650.74,Paid,0,2025-06-08
703425,902160,52,2025-06-07,114.77,Paid,3,2025-06-10
703426,909510,230,2025-06-07,185.98,Paid,0,2025-06-07
703427,915840,395,2025-06-09,60.17,Paid,23,2025-07-02
703428,908219,199,2025-06-10,71.94,Paid,13,2025-06-23
703429,914415,363,2025-06-08,52.71,Paid,0,2025-06-08
703430,902596,62,2025-06-10,124.15,Paid,10,2025-06-20
703431,914863,374,2025-06-09,82.2,Paid,11,2025-06-20
703432,901687,41,2025-06-08,57.04,Paid,9,2025-06-17
703433,913764,349,2025-06-08,119.6,Paid,0,2025-06-08
703434,905916,149,2025-06-09,61.74,Paid,15,2025-06-24
703435,908361,203,2025-06-10,82.71,Paid,3,2025-06-13
703436,913130,333,2025-06-08,135.82,Paid,3,2025-06-11
703437,914801,373,2025-06-09,57.94,Paid,11,2025-06-20
703438,916623,414,2025-06-10,55.97,Paid,18,2025-06-28
703439,910195,248,2025-06-10,189.97,Paid,17,2025-06-27
703440,912558,317,2025-06-08,130.38,Paid,8,2025-06-16
703441,916355,409,2025-06-08,79.26,Paid,6,2025-06-14
703442,908558,206,2025-06-09,54.94,Paid,3,2025-06-12
703443,903607,95,2025-06-09,101.04,Paid,18,2025-06-27
703444,913971,353,2025-06-09,53.5,Paid,0,2025-06-09
703445,904412,113,2025-06-10,60.36,Paid,10,2025-06-20
703446,910929,269,2025-06-10,59.73,Paid,0,2025-06-10
703447,912950,330,2025-06-08,55.04,Paid,7,2025-06-15
703448,913016,331,2025-06-08,54.01,Paid,6,2025-06-14
703449,911341,283,2025-06-10,124.57,Paid,4,2025-06-14
703450,917524,283,2025-06-08,4224.27,Paid,14,2025-06-22
703451,907665,188,2025-06-08,116.22,Paid,18,2025-06-26
703452,901924,45,2025-06-10,55.78,Paid,20,2025-06-30
703453,906724,170,2025-06-10,119.55,Paid,14,2025-06-24
703454,905621,144,2025-06-09,60.92,Paid,9,2025-06-18
703455,906883,175,2025-06-10,89.54,Paid,27,2025-07-07
703456,909968,242,2025-06-10,75.19,Paid,1,2025-06-11
703457,905724,146,2025-06-10,58.23,Paid,22,2025-07-02
703458,902434,58,2025-06-10,68.69,Paid,32,2025-07-12
703459,911239,281,2025-06-09,58.52,Paid,6,2025-06-15
703460,909446,229,2025-06-08,56.73,Paid,18,2025-06-26
703461,913222,336,2025-06-10,76.56,Paid,13,2025-06-23
703462,903069,76,2025-06-10,94.46,Paid,0,2025-06-10
703463,909239,225,2025-06-08,58.75,Paid,0,2025-06-08
703464,901256,31,2025-06-08,197.81,Paid,0,2025-06-08
703465,906104,155,2025-06-08,61.07,Paid,0,2025-06-08
703466,915288,384,2025-06-10,65.42,Paid,14,2025-06-24
703467,916058,399,2025-06-08,99.12,Paid,7,2025-06-15
703468,911728,293,2025-06-10,89.74,Paid,5,2025-06-15
703469,915520,388,2025-06-08,89.8,Paid,3,2025-06-11
703470,912258,309,2025-06-10,60.19,Paid,16,2025-06-26
703471,916095,401,2025-06-10,95.93,Paid,4,2025-06-14
703472,901989,47,2025-06-08,54.59,Paid,0,2025-06-08
703473,912612,320,2025-06-09,80.94,Paid,0,2025-06-09
703474,909319,227,2025-06-09,58.15,Paid,0,2025-06-09
703475,915213,382,2025-06-10,69.28,Paid,16,2025-06-26
703476,909178,222,2025-06-10,78.5,Paid,0,2025-06-10
703477,912220,308,2025-06-10,61.81,Paid,16,2025-06-26
703478,902675,65,2025-06-08,59.02,Paid,14,2025-06-22
703479,905315,138,2025-06-08,60.79,Paid,6,2025-06-14
703480,912673,322,2025-06-10,110.13,Paid,0,2025-06-10
703481,912715,323,2025-06-09,68.96,Paid,7,2025-06-16
703482,905425,140,2025-06-08,52.67,Paid,8,2025-06-16
703483,915823,394,2025-06-10,106.33,Paid,11,2025-06-21
703484,916507,411,2025-06-11,194.31,Paid,11,2025-06-22
703485,913357,340,2025-06-10,66.06,Paid,27,2025-07-07
703486,905491,142,2025-06-10,52.03,Paid,14,2025-06-24
703487,909227,222,2025-06-11,136.04,Paid,16,2025-06-27
703488,913577,343,2025-06-09,123.88,Paid,4,2025-06-13
703489,901152,29,2025-06-11,140.89,Paid,24,2025-07-05
703490,907808,192,2025-06-10,128.3,Paid,7,2025-06-17
703491,903436,87,2025-06-10,56.33,Paid,5,2025-06-15
703492,903984,103,2025-06-11,80.48,Paid,5,2025-06-16
703493,914784,372,2025-06-09,192.44,Paid,7,2025-06-16
703494,903777,98,2025-06-11,55.45,Paid,5,2025-06-16
703495,902718,66,2025-06-10,76.3,Paid,3,2025-06-13
703496,906621,167,2025-06-09,93.25,Paid,18,2025-06-27
703497,913065,331,2025-06-10,84.17,Paid,27,2025-07-07
703498,904840,123,2025-06-10,57.78,Paid,26,2025-07-06
703499,901859,44,2025-06-10,56.92,Paid,1,2025-06-11
703500,909368,227,2025-06-11,97.38,Paid,16,2025-06-27
703501,904400,111,2025-06-11,89.42,Paid,8,2025-06-19
703502,908153,198,2025-06-09,112.99,Paid,13,2025-06-22
703503,912934,329,2025-06-11,115.52,Paid,28,2025-07-09
703504,907956,195,2025-06-10,56.77,Paid,13,2025-06-23
703505,903590,92,2025-06-11,125.38,Paid,10,2025-06-21
703506,905161,132,2025-06-10,97.33,Paid,8,2025-06-18
703507,910432,252,2025-06-09,96.36,Paid,2,2025-06-11
703508,903370,86,2025-06-09,59.46,Paid,5,2025-06-14
703509,915097,378,2025-06-11,199.78,Paid,6,2025-06-17
703510,915114,379,2025-06-10,55.87,Paid,23,2025-07-03
703511,913589,345,2025-06-11,61.8,Paid,0,2025-06-11
703512,913632,347,2025-06-09,57.04,Paid,0,2025-06-09
703513,915538,389,2025-06-11,54.11,Paid,2,2025-06-13
703514,910029,245,2025-06-09,83.3,Paid,0,2025-06-09
703515,917308,172,2025-06-10,244.95,Paid,9,2025-06-19
703516,909668,234,2025-06-10,55.18,Paid,0,2025-06-10
703517,900523,14,2025-06-11,67.82,Paid,19,2025-06-30
703518,906142,156,2025-06-09,60.69,Paid,8,2025-06-17
703519,907846,193,2025-06-11,57.82,Paid,5,2025-06-16
703520,900905,25,2025-06-10,79.34,Paid,23,2025-07-03
703521,904351,111,2025-06-11,53.97,Paid,4,2025-06-15
703522,912302,312,2025-06-09,124.39,Paid,21,2025-06-30
703523,910449,254,2025-06-09,71.87,Paid,28,2025-07-07
703524,912819,328,2025-06-10,67.46,Paid,27,2025-07-07
703525,904267,109,2025-06-09,99.16,Paid,5,2025-06-14
703526,904955,124,2025-06-10,134.1,Paid,18,2025-06-28
703527,901793,43,2025-06-10,58.13,Paid,6,2025-06-16
703528,905556,143,2025-06-11,53.5,Paid,17,2025-06-28
703529,909303,226,2025-06-09,123.32,Paid,16,2025-06-25
703530,908719,209,2025-06-11,91.94,Paid,11,2025-06-22
703531,916290,408,2025-06-11,55.54,Paid,0,2025-06-11
703532,903668,96,2025-06-09,62.9,Paid,12,2025-06-21
703533,916934,8,2025-06-11,6237.58,Paid,12,2025-06-23
703534,917739,385,2025-06-09,958.95,Paid,16,2025-06-25
703535,906403,164,2025-06-10,52.6,Paid,12,2025-06-22
703536,905605,143,2025-06-10,100.32,Paid,10,2025-06-20
703537,902228,53,2025-06-10,82.74,Paid,6,2025-06-16
703538,917614,324,2025-06-09,189.0,Paid,5,2025-06-14
703539,909003,216,2025-06-11,58.18,Paid,19,2025-06-30
703540,913142,334,2025-06-09,59.59,Paid,1,2025-06-10
703541,902495,60,2025-06-11,57.04,Paid,0,2025-06-11
703542,904181,107,2025-06-11,54.06,Paid,5,2025-06-16
703543,914313,361,2025-06-12,56.29,Paid,9,2025-06-21
703544,909927,241,2025-06-12,56.29,Paid,0,2025-06-12
703545,916806,419,2025-06-11,82.25,Paid,11,2025-06-22
703546,915495,388,2025-06-11,55.2,Paid,11,2025-06-22
703547,905303,137,2025-06-10,120.28,Paid,22,2025-07-02
703548,906508,166,2025-06-10,54.28,Paid,10,2025-06-20
703549,913916,351,2025-06-12,101.35,Paid,1,2025-06-13
703550,906633,169,2025-06-12,69.34,Paid,15,2025-06-27
703551,914020,353,2025-06-11,97.64,Paid,1,2025-06-12
703552,907363,182,2025-06-11,90.48,Paid,11,2025-06-22
703553,901442,36,2025-06-12,78.68,Paid,13,2025-06-25
703554,916726,417,2025-06-11,57.74,Paid,15,2025-06-26
703555,915967,398,2025-06-11,70.18,Paid,23,2025-07-04
703556,917538,290,2025-06-11,306.69,Paid,4,2025-06-15
703557,916665,416,2025-06-12,78.98,Paid,14,2025-06-26
703558,909734,235,2025-06-11,58.95,Paid,4,2025-06-15
703559,900011,1,2025-06-10,54.73,Paid,13,2025-06-23
703560,912886,329,2025-06-10,64.44,Paid,20,2025-06-30
703561,904116,105,2025-06-12,53.27,Paid,10,2025-06-22
703562,912570,318,2025-06-10,58.48,Paid,16,2025-06-26
703563,914982,377,2025-06-10,76.61,Paid,0,2025-06-10
703564,907551,187,2025-06-10,51.35,Paid,14,2025-06-24
703565,903882,100,2025-06-11,116.63,Paid,13,2025-06-24
703566,908494,205,2025-06-11,77.17,Paid,25,2025-07-06
703567,901359,34,2025-06-11,125.99,Paid,38,2025-07-19
703568,902917,71,2025-06-11,59.44,Paid,0,2025-06-11
703569,907616,188,2025-06-11,67.94,Paid,28,2025-07-09
703570,907079,178,2025-06-12,62.32,Paid,0,2025-06-12
703571,906949,176,2025-06-10,81.99,Paid,0,2025-06-10
703572,911612,290,2025-06-11,62.48,Paid,12,2025-06-23
703573,916404,409,2025-06-12,120.72,Paid,2,2025-06-14
703574,912208,307,2025-06-12,97.35,Paid,1,2025-06-13
703575,904907,124,2025-06-11,75.59,Paid,6,2025-06-17
703576,910092,246,2025-06-10,119.49,Paid,26,2025-07-06
703577,907166,179,2025-06-12,149.56,Paid,22,2025-07-04
703578,910997,270,2025-06-11,60.27,Paid,18,2025-06-29
703579,913552,343,2025-06-10,78.32,Paid,11,2025-06-21
703580,902785,69,2025-06-10,56.86,Paid,0,2025-06-10
703581,907314,182,2025-06-12,57.8,Paid,1,2025-06-13
703582,915907,397,2025-06-12,54.92,Paid,0,2025-06-12
703583,904493,115,2025-06-10,66.33,Paid,13,2025-06-23
703584,911057,274,2025-06-11,81.26,Paid,12,2025-06-23
703585,909047,219,2025-06-10,71.11,Paid,15,2025-06-25
703586,908860,212,2025-06-11,105.4,Paid,11,2025-06-22
703587,913205,335,2025-06-10,90.27,Paid,12,2025-06-22
703588,909565,232,2025-06-10,56.29,Paid,16,2025-06-26
703589,901529,37,2025-06-11,109.53,Paid,5,2025-06-16
703590,913180,335,2025-06-10,57.86,Paid,0,2025-06-10
703591,905839,147,2025-06-11,100.49,Paid,10,2025-06-21
703592,905020,125,2025-06-10,127.2,Paid,6,2025-06-16
703593,916187,404,2025-06-10,58.62,Paid,0,2025-06-10
703594,916170,403,2025-06-10,119.91,Paid,5,2025-06-15
703595,915369,386,2025-06-11,58.27,Paid,12,2025-06-23
703596,902767,66,2025-06-12,117.91,Paid,5,2025-06-17
703597,913082,333,2025-06-12,78.37,Paid,2,2025-06-14
703598,908943,215,2025-06-11,125.33,Paid,17,2025-06-28
703599,906452,164,2025-06-12,92.96,Paid,0,2025-06-12
703600,906932,175,2025-06-13,143.02,Paid,22,2025-07-05
703601,906186,157,2025-06-13,62.18,Paid,21,2025-07-04
703602,909161,221,2025-06-11,191.15,Paid,7,2025-06-18
703603,906029,152,2025-06-12,59.81,Paid,17,2025-06-29
703604,913272,336,2025-06-13,127.34,Paid,11,2025-06-24
703605,914927,375,2025-06-12,103.03,Paid,12,2025-06-24
703606,911455,286,2025-06-11,92.13,Paid,3,2025-06-14
703607,908202,198,2025-06-12,185.47,Paid,8,2025-06-20
703608,909800,236,2025-06-11,106.85,Paid,17,2025-06-28
703609,902965,71,2025-06-13,99.03,Paid,0,2025-06-13
703610,905037,126,2025-06-13,79.54,Paid,2,2025-06-15
703611,910591,259,2025-06-12,112.52,Paid,4,2025-06-16
703612,905954,150,2025-06-12,59.68,Paid,0,2025-06-12
703613,902289,54,2025-06-11,65.42,Paid,0,2025-06-11
703614,907062,177,2025-06-11,91.84,Paid,1,2025-06-12
703615,907014,177,2025-06-11,54.26,Paid,0,2025-06-11
703616,907128,178,2025-06-12,93.63,Paid,4,2025-06-16
703617,911094,275,2025-06-13,57.84,Paid,8,2025-06-21
703618,900801,21,2025-06-13,87.41,Paid,18,2025-07-01
703619,901311,34,2025-06-13,65.95,Paid,3,2025-06-16
703620,908306,200,2025-06-11,114.33,Paid,10,2025-06-21
703621,903021,76,2025-06-13,55.67,Paid,0,2025-06-13
703622,908682,208,2025-06-12,181.23,Paid,10,2025-06-22
703623,909848,236,2025-06-13,182.1,Paid,4,2025-06-17
703624,908022,196,2025-06-12,56.18,Paid,5,2025-06-17
703625,902520,60,2025-06-11,95.35,Paid,9,2025-06-20
703626,904050,104,2025-06-13,59.1,Paid,22,2025-07-05
703627,915641,391,2025-06-13,69.88,Paid,36,2025-07-19
703628,902277,53,2025-06-13,141.53,Paid,23,2025-07-06
703629,903839,99,2025-06-11,76.26,Paid,10,2025-06-21
703630,905682,145,2025-06-13,114.26,Paid,6,2025-06-19
703631,911288,281,2025-06-12,89.22,Paid,4,2025-06-16
703632,903119,79,2025-06-11,57.2,Paid,8,2025-06-19
703633,914632,367,2025-06-11,92.96,Paid,1,2025-06-12
703634,911510,288,2025-06-11,56.08,Paid,1,2025-06-12
703635,911119,275,2025-06-13,86.39,Paid,6,2025-06-19
703636,912521,316,2025-06-12,179.09,Paid,4,2025-06-16
703637,910233,249,2025-06-11,138.24,Paid,4,2025-06-15
703638,900109,3,2025-06-11,74.88,Paid,3,2025-06-14
703639,903694,96,2025-06-13,93.51,Paid,0,2025-06-13
703640,900211,6,2025-06-13,56.82,Paid,13,2025-06-26
703641,908877,213,2025-06-11,122.02,Paid,2,2025-06-13
703642,904972,125,2025-06-14,81.72,Paid,0,2025-06-14
703643,911407,286,2025-06-13,61.85,Paid,8,2025-06-21
703644,900151,4,2025-06-14,81.64,Paid,0,2025-06-14
703645,907250,181,2025-06-13,60.89,Paid,26,2025-07-09
703646,914542,366,2025-06-14,81.89,Paid,0,2025-06-14
703647,906490,165,2025-06-12,87.04,Paid,14,2025-06-26
703648,911783,295,2025-06-12,69.38,Paid,8,2025-06-20
703649,915276,383,2025-06-14,100.02,Paid,18,2025-07-02
703650,912055,304,2025-06-13,88.94,Paid,19,2025-07-02
703651,906092,153,2025-06-13,121.19,Paid,13,2025-06-26
703652,908835,212,2025-06-14,69.19,Paid,29,2025-07-13
703653,910147,248,2025-06-14,101.3,Paid,18,2025-07-02
703654,913826,350,2025-06-12,58.28,Paid,1,2025-06-13
703655,904597,118,2025-06-14,59.9,Paid,17,2025-07-01
703656,913868,351,2025-06-14,57.92,Paid,0,2025-06-14
703657,904699,120,2025-06-12,81.54,Paid,0,2025-06-12
703658,911137,279,2025-06-14,61.59,Paid,17,2025-07-01
703659,912533,317,2025-06-14,76.17,Paid,11,2025-06-25
703660,900396,11,2025-06-14,55.09,Paid,0,2025-06-14
703661,903656,95,2025-06-12,152.72,Paid,15,2025-06-27
703662,907375,183,2025-06-12,82.28,Paid,20,2025-07-02
703663,906246,158,2025-06-14,67.73,Paid,29,2025-07-13
703664,916070,401,2025-06-12,61.32,Paid,0,2025-06-12
703665,914584,367,2025-06-13,59.63,Paid,9,2025-06-22
703666,915251,383,2025-06-14,53.54,Paid,2,2025-06-16
703667,906573,167,2025-06-14,53.33,Paid,4,2025-06-18
703668,911887,299,2025-06-13,55.68,Paid,0,2025-06-13
703669,907939,194,2025-06-12,88.71,Paid,4,2025-06-16
703670,911570,289,2025-06-12,60.47,Paid,0,2025-06-12
703671,903967,102,2025-06-14,112.13,Paid,14,2025-06-28
703672,908428,204,2025-06-14,57.22,Paid,7,2025-06-21
703673,906997,176,2025-06-12,130.73,Paid,16,2025-06-28
703674,914247,359,2025-06-12,79.22,Paid,0,2025-06-12
703675,902332,55,2025-06-13,83.17,Paid,13,2025-06-26
703676,900972,27,2025-06-14,76.42,Paid,8,2025-06-22
703677,901020,27,2025-06-13,128.62,Paid,0,2025-06-13
703678,910821,267,2025-06-13,118.34,Paid,13,2025-06-26
703679,912369,313,2025-06-12,116.96,Paid,0,2025-06-12
703680,914399,362,2025-06-14,98.77,Paid,0,2025-06-14
703681,916010,399,2025-06-13,58.52,Paid,23,2025-07-06
703682,900199,4,2025-06-12,140.75,Paid,9,2025-06-21
703683,906234,157,2025-06-14,92.76,Paid,8,2025-06-22
703684,905236,135,2025-06-13,96.0,Paid,7,2025-06-20
703685,908619,207,2025-06-13,65.86,Paid,28,2025-07-11
703686,902900,70,2025-06-14,105.02,Paid,18,2025-07-02
703687,914482,365,2025-06-12,55.28,Paid,5,2025-06-17
703688,908087,197,2025-06-14,85.34,Paid,1,2025-06-15
703689,900759,19,2025-06-13,57.69,Paid,7,2025-06-20
703690,911679,293,2025-06-14,56.43,Paid,22,2025-07-06
703691,900698,18,2025-06-13,59.38,Paid,3,2025-06-16
703692,917045,55,2025-06-14,6926.14,Paid,30,2025-07-14
703693,916562,413,2025-06-13,83.86,Paid,6,2025-06-19
703694,900248,7,2025-06-15,58.59,Paid,11,2025-06-26
703695,908925,213,2025-06-14,188.31,Paid,18,2025-07-02
703696,914162,356,2025-06-15,124.68,Paid,15,2025-06-30
703697,915756,393,2025-06-13,122.49,Paid,6,2025-06-19
703698,914939,376,2025-06-13,81.15,Paid,7,2025-06-20
703699,904747,120,2025-06-14,123.58,Paid,1,2025-06-15
703700,909385,228,2025-06-15,81.0,Paid,7,2025-06-22
703701,905942,149,2025-06-14,101.12,Paid,0,2025-06-14
703702,900134,3,2025-06-14,127.54,Paid,12,2025-06-26
703703,905474,140,2025-06-15,89.67,Paid,3,2025-06-18
703704,913223,336,2025-06-14,72.2,Paid,6,2025-06-20
703705,906054,152,2025-06-13,88.97,Paid,15,2025-06-28
703706,914180,357,2025-06-13,78.43,Paid,0,2025-06-13
703707,909866,238,2025-06-15,59.62,Paid,9,2025-06-24
703708,910864,268,2025-06-14,56.57,Paid,0,2025-06-14
703709,907748,191,2025-06-14,124.37,Paid,12,2025-06-26
703710,900954,25,2025-06-15,133.84,Paid,14,2025-06-29
703711,913765,349,2025-06-13,116.08,Paid,8,2025-06-21
703712,901377,35,2025-06-15,56.23,Paid,3,2025-06-18
703713,915048,378,2025-06-13,120.88,Paid,1,2025-06-14
703714,903249,83,2025-06-14,90.57,Paid,0,2025-06-14
703715,905773,146,2025-06-15,93.15,Paid,10,2025-06-25
703716,906347,161,2025-06-15,92.9,Paid,7,2025-06-22
703717,908774,211,2025-06-13,67.18,Paid,17,2025-06-30
703718,915435,387,2025-06-15,72.3,Paid,26,2025-07-11
703719,910317,251,2025-06-13,57.17,Paid,13,2025-06-26
703720,910930,269,2025-06-15,59.28,Paid,20,2025-07-05
703721,912417,313,2025-06-15,201.88,Paid,0,2025-06-15
703722,903541,92,2025-06-15,78.66,Paid,0,2025-06-15
703723,912012,303,2025-06-14,74.26,Paid,14,2025-06-28
703724,909112,221,2025-06-15,114.05,Paid,0,2025-06-15
703725,912435,314,2025-06-13,64.95,Paid,10,2025-06-23
703726,911952,302,2025-06-15,113.26,Paid,4,2025-06-19
703727,900291,9,2025-06-15,58.73,Paid,15,2025-06-30
703728,914802,373,2025-06-15,57.45,Paid,13,2025-06-28
703729,902851,70,2025-06-15,64.01,Paid,28,2025-07-13
703730,907682,190,2025-06-15,97.59,Paid,32,2025-07-17
703731,917690,361,2025-06-14,2151.25,Paid,12,2025-06-26
703732,903211,81,2025-06-13,145.05,Paid,29,2025-07-12
703733,905135,132,2025-06-13,59.37,Paid,1,2025-06-14
703734,916871,420,2025-06-14,70.81,Paid,0,2025-06-14
703735,902532,61,2025-06-14,61.66,Paid,20,2025-07-04
703736,903711,97,2025-06-15,76.92,Paid,9,2025-06-24
703737,905790,147,2025-06-13,56.51,Paid,13,2025-06-26
703738,906736,171,2025-06-14,77.18,Paid,11,2025-06-25
703739,902380,55,2025-06-13,159.12,Paid,24,2025-07-07
703740,900681,16,2025-06-14,94.28,Paid,15,2025-06-29
703741,910383,252,2025-06-14,58.1,Paid,10,2025-06-24
703742,912121,306,2025-06-14,57.58,Paid,0,2025-06-14
703743,914670,368,2025-06-14,96.22,Paid,24,2025-07-08
703744,910761,266,2025-06-13,57.12,Paid,0,2025-06-13
703745,907183,180,2025-06-15,76.28,Paid,13,2025-06-28
703746,902614,64,2025-06-13,72.69,Paid,0,2025-06-13
703747,915030,377,2025-06-14,124.95,Paid,3,2025-06-17
703748,912284,309,2025-06-14,91.83,Paid,0,2025-06-14
703749,909095,219,2025-06-14,107.71,Paid,13,2025-06-27
703750,903304,85,2025-06-13,76.38,Paid,12,2025-06-25
703751,901584,39,2025-06-15,62.64,Paid,18,2025-07-03
703752,901103,29,2025-06-14,88.24,Paid,12,2025-06-26
703753,904285,110,2025-06-15,72.27,Paid,17,2025-07-02
703754,900059,1,2025-06-14,91.97,Paid,22,2025-07-06
703755,903497,88,2025-06-14,70.49,Paid,10,2025-06-24
703756,908135,197,2025-06-14,111.14,Paid,2,2025-06-16
703757,900633,16,2025-06-13,57.8,Paid,11,2025-06-24
703758,914708,370,2025-06-13,127.46,Paid,0,2025-06-13
703759,901037,28,2025-06-14,53.56,Paid,19,2025-07-03
703760,916145,403,2025-06-13,83.17,Paid,0,2025-06-13
703761,917138,98,2025-06-15,2256.22,Paid,20,2025-07-05
703762,917281,163,2025-06-16,2202.27,Paid,0,2025-06-16
703763,909613,232,2025-06-16,88.1,Paid,3,2025-06-19
703764,903778,98,2025-06-14,59.34,Paid,4,2025-06-18
703765,907484,186,2025-06-14,54.57,Paid,2,2025-06-16
703766,914113,356,2025-06-16,73.81,Paid,8,2025-06-24
703767,914901,375,2025-06-16,58.53,Paid,0,2025-06-16
703768,909717,234,2025-06-15,93.43,Paid,12,2025-06-27
703769,908005,195,2025-06-14,88.79,Paid,7,2025-06-21
703770,910574,256,2025-06-16,90.68,Paid,21,2025-07-07
703771,912246,308,2025-06-15,90.35,Paid,9,2025-06-24
703772,915689,391,2025-06-15,112.52,Paid,25,2025-07-10
703773,915707,393,2025-06-15,76.89,Paid,3,2025-06-18
703774,914682,370,2025-06-14,87.17,Paid,13,2025-06-27
703775,906818,173,2025-06-14,80.03,Paid,6,2025-06-20
703776,902051,48,2025-06-15,56.39,Paid,0,2025-06-15
703777,905097,129,2025-06-15,85.09,Paid,17,2025-07-02
703778,905856,148,2025-06-15,56.99,Paid,3,2025-06-18
703779,905123,129,2025-06-16,127.98,Paid,16,2025-07-02
703780,911492,287,2025-06-14,102.02,Paid,0,2025-06-14
703781,902161,52,2025-06-15,120.47,Paid,6,2025-06-21
703782,911390,283,2025-06-14,185.38,Paid,6,2025-06-20
703783,905199,133,2025-06-14,95.65,Paid,12,2025-06-26
703784,903162,81,2025-06-15,90.29,Paid,20,2025-07-05
703785,905254,137,2025-06-15,78.97,Paid,9,2025-06-24
703786,911223,280,2025-06-15,96.08,Paid,18,2025-07-03
703787,902094,51,2025-06-14,68.4,Paid,16,2025-06-30
703788,916789,418,2025-06-15,96.1,Paid,16,2025-07-01
703789,916458,411,2025-06-16,110.39,Paid,2,2025-06-18
703790,903003,72,2025-06-15,118.8,Paid,0,2025-06-15
703791,900462,13,2025-06-14,59.18,Paid,14,2025-06-28
703792,905359,139,2025-06-16,55.44,Paid,2,2025-06-18
703793,915774,394,2025-06-16,66.06,Paid,8,2025-06-24
703794,912951,330,2025-06-14,57.68,Paid,9,2025-06-23
703795,913290,339,2025-06-14,60.23,Paid,10,2025-06-24
703796,909952,241,2025-06-15,99.5,Paid,0,2025-06-15
703797,904553,116,2025-06-14,60.79,Paid,0,2025-06-14
703798,906464,165,2025-06-14,57.79,Paid,3,2025-06-17
703799,901688,41,2025-06-15,62.04,Paid,6,2025-06-21
703800,908344,201,2025-06-15,93.51,Paid,0,2025-06-15
703801,902483,58,2025-06-16,114.02,Paid,16,2025-07-02
703802,906675,170,2025-06-16,73.31,Paid,1,2025-06-17
703803,901990,47,2025-06-16,56.76,Paid,18,2025-07-04
703804,915599,390,2025-06-16,56.61,Paid,12,2025-06-28
703805,911843,298,2025-06-16,61.21,Paid,10,2025-06-26
703806,910067,246,2025-06-14,68.21,Paid,31,2025-07-15
703807,910657,261,2025-06-15,56.86,Paid,3,2025-06-18
703808,913698,348,2025-06-16,59.61,Paid,25,2025-07-11
703809,913491,342,2025-06-16,58.13,Paid,0,2025-06-16
703810,901208,31,2025-06-15,114.5,Paid,13,2025-06-28
703811,913424,341,2025-06-16,59.26,Paid,19,2025-07-05
703812,908280,200,2025-06-16,66.62,Paid,29,2025-07-15
703813,902418,57,2025-06-17,114.73,Paid,21,2025-07-08
703814,915314,384,2025-06-15,104.75,Paid,18,2025-07-03
703815,911300,282,2025-06-16,115.56,Paid,16,2025-07-02
703816,912613,320,2025-06-15,87.28,Paid,5,2025-06-20
703817,909179,222,2025-06-17,82.3,Paid,2,2025-06-19
703818,912716,323,2025-06-15,68.18,Paid,28,2025-07-13
703819,910250,250,2025-06-16,84.28,Paid,1,2025-06-17
703820,905557,143,2025-06-17,53.01,Paid,3,2025-06-20
703821,902435,58,2025-06-15,68.26,Paid,24,2025-07-09
703822,908559,206,2025-06-16,54.84,Paid,3,2025-06-19
703823,911342,283,2025-06-16,128.24,Paid,9,2025-06-25
703824,917805,414,2025-06-15,547.78,Paid,17,2025-07-02
703825,903942,102,2025-06-15,60.87,Paid,15,2025-06-30
703826,908731,210,2025-06-15,54.72,Paid,8,2025-06-23
703827,905725,146,2025-06-15,56.48,Paid,0,2025-06-15
703828,906884,175,2025-06-16,80.82,Paid,10,2025-06-26
703829,917058,61,2025-06-17,818.44,Paid,33,2025-07-20
703830,916666,416,2025-06-16,80.25,Paid,0,2025-06-16
703831,911558,288,2025-06-16,92.38,Paid,18,2025-07-04
703832,915352,385,2025-06-17,132.93,Paid,15,2025-07-02
703833,908694,209,2025-06-16,53.97,Paid,0,2025-06-16
703834,905426,140,2025-06-16,60.24,Paid,10,2025-06-26
703835,900097,2,2025-06-16,89.2,Paid,0,2025-06-16
703836,905622,144,2025-06-15,61.49,Paid,10,2025-06-25
703837,911467,287,2025-06-15,59.33,Paid,32,2025-07-17
703838,914851,373,2025-06-15,82.61,Paid,4,2025-06-19
703839,909320,227,2025-06-17,58.51,Paid,8,2025-06-25
703840,914416,363,2025-06-17,57.15,Paid,8,2025-06-25
703841,909969,242,2025-06-17,83.89,Paid,6,2025-06-23
703842,907599,187,2025-06-16,94.56,Paid,20,2025-07-06
703843,915841,395,2025-06-15,60.3,Paid,4,2025-06-19
703844,913168,334,2025-06-16,92.63,Paid,10,2025-06-26
703845,900888,22,2025-06-17,125.07,Paid,21,2025-07-08
703846,907417,184,2025-06-17,85.45,Paid,8,2025-06-25
703847,916416,410,2025-06-15,93.07,Paid,14,2025-06-29
703848,904334,110,2025-06-16,121.0,Paid,17,2025-07-03
703849,903608,95,2025-06-17,92.23,Paid,22,2025-07-09
703850,904657,119,2025-06-17,56.37,Paid,12,2025-06-29
703851,901925,45,2025-06-17,52.62,Paid,6,2025-06-23
703852,907315,182,2025-06-17,60.86,Paid,3,2025-06-20
703853,908362,203,2025-06-17,80.94,Paid,6,2025-06-23
703854,904823,122,2025-06-17,145.83,Paid,27,2025-07-14
703855,913972,353,2025-06-17,57.55,Paid,12,2025-06-29
703856,904476,114,2025-06-15,113.42,Paid,22,2025-07-07
703857,913017,331,2025-06-16,54.66,Paid,6,2025-06-22
703858,910846,267,2025-06-15,211.85,Paid,10,2025-06-25
703859,914032,354,2025-06-15,57.28,Paid,7,2025-06-22
703860,912802,324,2025-06-16,97.79,Paid,1,2025-06-17
703861,900567,15,2025-06-17,55.65,Paid,10,2025-06-27
703862,911185,279,2025-06-16,96.52,Paid,0,2025-06-16
703863,903827,98,2025-06-16,95.09,Paid,6,2025-06-22
703864,901443,36,2025-06-16,87.21,Paid,2,2025-06-18
703865,911240,281,2025-06-17,56.7,Paid,11,2025-06-28
703866,905211,135,2025-06-16,58.91,Paid,0,2025-06-16
703867,916356,409,2025-06-16,76.12,Paid,5,2025-06-21
703868,911197,280,2025-06-16,55.48,Paid,5,2025-06-21
703869,908220,199,2025-06-15,75.98,Paid,18,2025-07-03
703870,907080,178,2025-06-17,52.36,Paid,11,2025-06-28
703871,906404,164,2025-06-17,52.68,Paid,0,2025-06-17
703872,911595,289,2025-06-16,94.79,Paid,0,2025-06-16
703873,901086,28,2025-06-18,102.72,Paid,13,2025-07-01
703874,904352,111,2025-06-16,59.05,Paid,16,2025-07-02
703875,913747,348,2025-06-18,95.1,Paid,3,2025-06-21
703876,913814,349,2025-06-18,172.21,Paid,0,2025-06-18
703877,913633,347,2025-06-16,54.72,Paid,12,2025-06-28
703878,911613,290,2025-06-16,58.66,Paid,18,2025-07-04
703879,906360,163,2025-06-16,79.32,Paid,15,2025-07-01
703880,912764,323,2025-06-18,108.78,Paid,40,2025-07-28
703881,916273,406,2025-06-17,101.05,Paid,15,2025-07-02
703882,904579,116,2025-06-16,96.76,Paid,7,2025-06-23
703883,912777,324,2025-06-17,55.06,Paid,3,2025-06-20
703884,905492,142,2025-06-18,60.2,Paid,21,2025-07-09
703885,903985,103,2025-06-17,76.87,Paid,8,2025-06-25
703886,912661,320,2025-06-18,135.25,Paid,0,2025-06-18
703887,912820,328,2025-06-16,68.66,Paid,20,2025-07-06
703888,912303,312,2025-06-16,138.24,Paid,31,2025-07-17
703889,901671,40,2025-06-18,101.5,Paid,0,2025-06-18
703890,905904,148,2025-06-17,96.78,Paid,11,2025-06-28
703891,901794,43,2025-06-17,54.93,Paid,6,2025-06-23
703892,913358,340,2025-06-18,66.2,Paid,16,2025-07-04
703893,906067,153,2025-06-18,76.06,Paid,12,2025-06-30
703894,909782,235,2025-06-16,99.57,Paid,1,2025-06-17
703895,901646,40,2025-06-17,58.87,Paid,5,2025-06-22
703896,909434,228,2025-06-17,119.79,Paid,13,2025-06-30
703897,916764,418,2025-06-18,62.47,Paid,11,2025-06-29
703898,913929,352,2025-06-16,122.7,Paid,7,2025-06-23
703899,916751,417,2025-06-18,94.95,Paid,4,2025-06-22
703900,900863,22,2025-06-17,68.24,Paid,17,2025-07-04
703901,903864,99,2025-06-17,124.73,Paid,8,2025-06-25
703902,917176,113,2025-06-18,374.13,Paid,20,2025-07-08
703903,903353,85,2025-06-18,126.52,Paid,9,2025-06-27
703904,900802,21,2025-06-17,87.54,Paid,24,2025-07-11
703905,901860,44,2025-06-18,55.6,Paid,20,2025-07-08
703906,910299,250,2025-06-18,128.32,Paid,0,2025-06-18
703907,915624,390,2025-06-16,98.54,Paid,3,2025-06-19
703908,910450,254,2025-06-18,67.2,Paid,22,2025-07-10
703909,917253,147,2025-06-17,395.98,Paid,16,2025-07-03
703910,907617,188,2025-06-18,62.38,Paid,28,2025-07-16
703911,900906,25,2025-06-16,74.89,Paid,0,2025-06-16
703912,915176,381,2025-06-18,79.85,Paid,3,2025-06-21
703913,903144,79,2025-06-18,94.5,Paid,6,2025-06-24
703914,907890,194,2025-06-18,56.3,Paid,0,2025-06-18
703915,902229,53,2025-06-18,94.72,Paid,21,2025-07-09
703916,908154,198,2025-06-16,120.76,Paid,6,2025-06-22
703917,909669,234,2025-06-16,58.05,Paid,0,2025-06-16
703918,902210,52,2025-06-18,199.33,Paid,7,2025-06-25
703919,902719,66,2025-06-16,77.72,Paid,10,2025-06-26
703920,902393,57,2025-06-16,62.61,Paid,24,2025-07-10
703921,915539,389,2025-06-18,58.14,Paid,13,2025-07-01
703922,907872,193,2025-06-18,95.45,Paid,19,2025-07-07
703923,903437,87,2025-06-18,54.42,Paid,4,2025-06-22
703924,914070,355,2025-06-18,55.41,Paid,13,2025-07-01
703925,902039,47,2025-06-18,90.0,Paid,13,2025-07-01
703926,914314,361,2025-06-19,58.53,Paid,0,2025-06-19
703927,908495,205,2025-06-17,77.01,Paid,11,2025-06-28
703928,907141,179,2025-06-17,101.47,Paid,24,2025-07-11
703929,905707,145,2025-06-18,187.04,Paid,4,2025-06-22
703930,917348,193,2025-06-19,2283.17,Paid,12,2025-07-01
703931,904182,107,2025-06-19,58.77,Paid,0,2025-06-19
703932,902918,71,2025-06-17,59.4,Paid,13,2025-06-30
703933,907957,195,2025-06-18,65.35,Paid,12,2025-06-30
703934,900850,21,2025-06-19,152.43,Paid,33,2025-07-22
703935,915483,387,2025-06-18,102.39,Paid,13,2025-07-01
703936,905992,151,2025-06-17,58.11,Paid,7,2025-06-24
703937,914721,371,2025-06-19,53.46,Paid,5,2025-06-24
703938,905341,138,2025-06-18,98.8,Paid,15,2025-07-03
703939,902786,69,2025-06-17,56.74,Paid,6,2025-06-23
703940,916807,419,2025-06-17,77.19,Paid,12,2025-06-29
703941,910549,256,2025-06-19,58.97,Paid,0,2025-06-19
703942,914889,374,2025-06-19,121.97,Paid,0,2025-06-19
703943,912103,304,2025-06-18,145.66,Paid,18,2025-07-06
703944,904908,124,2025-06-18,79.38,Paid,6,2025-06-24
703945,902663,64,2025-06-19,133.36,Paid,1,2025-06-20
703946,911869,298,2025-06-17,92.56,Paid,0,2025-06-17
703947,902833,69,2025-06-17,94.99,Paid,9,2025-06-26
703948,903107,77,2025-06-17,118.37,Paid,7,2025-06-24
703949,916188,404,2025-06-17,58.46,Paid,0,2025-06-17
703950,904098,104,2025-06-19,96.88,Paid,0,2025-06-19
703951,912868,328,2025-06-17,114.47,Paid,19,2025-07-06
703952,901426,35,2025-06-19,88.07,Paid,14,2025-07-03
703953,901504,37,2025-06-18,65.53,Paid,18,2025-07-06
703954,914057,354,2025-06-18,97.07,Paid,0,2025-06-18
703955,901633,39,2025-06-17,97.7,Paid,7,2025-06-24
703956,902701,65,2025-06-17,98.67,Paid,22,2025-07-09
703957,914983,377,2025-06-18,74.6,Paid,5,2025-06-23
703958,910536,255,2025-06-18,95.44,Paid,15,2025-07-03
703959,908823,211,2025-06-17,118.97,Paid,36,2025-07-23
703960,900378,10,2025-06-17,94.46,Paid,0,2025-06-17
703961,914567,366,2025-06-18,124.91,Paid,1,2025-06-19
703962,907552,187,2025-06-19,62.5,Paid,8,2025-06-27
703963,906168,156,2025-06-19,98.42,Paid,0,2025-06-19
703964,909566,232,2025-06-18,57.45,Paid,5,2025-06-23
703965,900012,1,2025-06-17,57.13,Paid,15,2025-07-02
703966,917164,107,2025-06-18,560.61,Paid,13,2025-07-01
703967,914095,355,2025-06-19,92.22,Paid,22,2025-07-11
703968,904117,105,2025-06-19,55.81,Paid,0,2025-06-19
703969,903883,100,2025-06-18,122.09,Paid,9,2025-06-27
703970,912887,329,2025-06-17,68.62,Paid,21,2025-07-08
703971,915908,397,2025-06-19,61.89,Paid,9,2025-06-28
703972,915115,379,2025-06-19,53.62,Paid,2,2025-06-21
703973,912000,302,2025-06-18,187.12,Paid,8,2025-06-26
703974,910998,270,2025-06-17,54.19,Paid,6,2025-06-23
703975,904494,115,2025-06-19,62.53,Paid,19,2025-07-08
703976,916248,406,2025-06-19,56.92,Paid,19,2025-07-08
703977,906950,176,2025-06-17,76.65,Paid,13,2025-06-30
703978,906284,159,2025-06-20,97.7,Paid,28,2025-07-18
703979,905085,126,2025-06-18,123.0,Paid,13,2025-07-01
703980,916291,408,2025-06-19,54.63,Paid,6,2025-06-25
703981,902077,48,2025-06-18,87.48,Paid,27,2025-07-15
703982,915327,385,2025-06-19,78.65,Paid,9,2025-06-28
703983,904973,125,2025-06-18,77.09,Paid,13,2025-07-01
703984,910639,259,2025-06-18,182.78,Paid,0,2025-06-18
703985,901312,34,2025-06-20,66.39,Paid,17,2025-07-07
703986,900634,16,2025-06-18,53.31,Paid,3,2025-06-21
703987,902143,51,2025-06-19,122.17,Paid,24,2025-07-13
703988,902571,62,2025-06-19,74.38,Paid,0,2025-06-19
703989,915642,391,2025-06-20,64.86,Paid,26,2025-07-16
703990,911953,302,2025-06-18,119.26,Paid,5,2025-06-23
703991,907796,191,2025-06-20,172.81,Paid,9,2025-06-29
703992,915955,397,2025-06-18,91.27,Paid,15,2025-07-03
703993,906187,157,2025-06-19,59.13,Paid,14,2025-07-03
703994,915163,379,2025-06-20,92.19,Paid,15,2025-07-05
703995,916545,412,2025-06-18,122.03,Paid,6,2025-06-24
703996,915370,386,2025-06-20,58.48,Paid,3,2025-06-23
703997,904051,104,2025-06-20,55.88,Paid,1,2025-06-21
703998,900072,2,2025-06-20,58.66,Paid,12,2025-07-02
703999,901491,36,2025-06-19,129.41,Paid,7,2025-06-26
704000,905038,126,2025-06-18,72.61,Paid,5,2025-06-23
704001,913540,342,2025-06-19,92.34,Paid,4,2025-06-23
704002,904242,109,2025-06-19,60.35,Paid,11,2025-06-30
704003,903371,86,2025-06-19,58.34,Paid,2,2025-06-21
704004,904841,123,2025-06-20,60.13,Paid,10,2025-06-30
704005,903022,76,2025-06-18,60.09,Paid,8,2025-06-26
704006,910592,259,2025-06-20,117.77,Paid,5,2025-06-25
704007,907749,191,2025-06-20,116.12,Paid,3,2025-06-23
704008,916108,402,2025-06-19,69.09,Paid,12,2025-07-01
704009,908644,207,2025-06-18,112.79,Paid,20,2025-07-08
704010,909801,236,2025-06-19,112.57,Paid,0,2025-06-19
704011,902314,54,2025-06-19,97.87,Paid,0,2025-06-19
704012,911741,294,2025-06-20,84.23,Paid,13,2025-07-03
704013,906556,166,2025-06-19,84.62,Paid,12,2025-07-01
704014,907232,180,2025-06-18,126.32,Paid,1,2025-06-19
704015,910130,247,2025-06-20,111.75,Paid,26,2025-07-16
704016,916920,420,2025-06-18,129.33,Paid,9,2025-06-27
704017,907015,177,2025-06-19,61.31,Paid,0,2025-06-19
704018,909048,219,2025-06-20,74.04,Paid,26,2025-07-16
704019,904682,119,2025-06-20,92.9,Paid,8,2025-06-28
704020,917504,272,2025-06-18,619.03,Paid,12,2025-06-30
704021,912183,307,2025-06-20,60.31,Paid,0,2025-06-20
704022,910762,266,2025-06-19,55.54,Paid,4,2025-06-23
704023,908944,215,2025-06-18,114.48,Paid,0,2025-06-18
704024,908878,213,2025-06-18,112.05,Paid,13,2025-07-01
704025,915436,387,2025-06-18,69.39,Paid,14,2025-07-02
704026,901750,42,2025-06-19,79.39,Paid,25,2025-07-14
704027,913339,339,2025-06-20,96.91,Paid,4,2025-06-24
704028,900973,27,2025-06-21,77.42,Paid,9,2025-06-30
704029,917186,119,2025-06-19,200.39,Paid,19,2025-07-08
704030,901908,44,2025-06-21,100.5,Paid,15,2025-07-06
704031,904645,118,2025-06-20,98.07,Paid,2,2025-06-22
704032,908023,196,2025-06-21,56.61,Paid,5,2025-06-26
704033,905408,139,2025-06-19,96.14,Paid,17,2025-07-06
704034,912436,314,2025-06-19,67.36,Paid,35,2025-07-24
704035,907298,181,2025-06-20,96.15,Paid,7,2025-06-27
704036,914585,367,2025-06-20,64.09,Paid,6,2025-06-26
704037,904785,121,2025-06-19,118.41,Paid,15,2025-07-04
704038,907731,190,2025-06-19,146.76,Paid,18,2025-07-07
704039,905857,148,2025-06-19,55.68,Paid,15,2025-07-04
704040,903485,87,2025-06-21,89.49,Paid,5,2025-06-26
704041,917139,99,2025-06-20,386.06,Paid,0,2025-06-20
704042,904700,120,2025-06-20,84.09,Paid,11,2025-07-01
704043,904760,121,2025-06-21,71.8,Paid,22,2025-07-13
704044,908429,204,2025-06-19,57.71,Paid,11,2025-06-30
704045,910511,255,2025-06-21,57.19,Paid,7,2025-06-28
704046,906509,166,2025-06-20,53.81,Paid,6,2025-06-26
704047,905174,133,2025-06-19,57.96,Paid,24,2025-07-13
704048,900353,10,2025-06-21,55.33,Paid,6,2025-06-27
704049,914530,365,2025-06-19,97.45,Paid,8,2025-06-27
704050,913083,333,2025-06-21,72.1,Paid,1,2025-06-22
704051,902333,55,2025-06-21,92.64,Paid,6,2025-06-27
704052,912496,316,2025-06-19,115.61,Paid,6,2025-06-25
704053,909472,229,2025-06-21,83.83,Paid,3,2025-06-24
704054,911888,299,2025-06-19,53.41,Paid,14,2025-07-03
704055,900397,11,2025-06-21,49.65,Paid,0,2025-06-21
704056,900152,4,2025-06-19,78.53,Paid,0,2025-06-19
704057,914248,359,2025-06-19,70.71,Paid,9,2025-06-28
704058,909735,235,2025-06-20,59.32,Paid,21,2025-07-11
704059,911511,288,2025-06-19,59.56,Paid,4,2025-06-23
704060,900747,18,2025-06-21,96.85,Paid,8,2025-06-29
704061,909485,230,2025-06-21,114.06,Paid,7,2025-06-28
704062,906775,172,2025-06-21,55.38,Paid,7,2025-06-28
704063,908088,197,2025-06-21,85.43,Paid,0,2025-06-21
704064,913869,351,2025-06-19,56.13,Paid,15,2025-07-04
704065,909278,226,2025-06-20,84.12,Paid,0,2025-06-20
704066,906574,167,2025-06-21,62.69,Paid,0,2025-06-21
704067,912370,313,2025-06-21,112.66,Paid,11,2025-07-02
704068,911784,295,2025-06-21,69.66,Paid,14,2025-07-05
704069,909029,216,2025-06-19,90.27,Paid,5,2025-06-24
704070,904598,118,2025-06-21,54.2,Paid,1,2025-06-22
704071,911408,286,2025-06-20,55.62,Paid,21,2025-07-11
704072,900340,9,2025-06-19,93.19,Paid,15,2025-07-04
704073,911138,279,2025-06-21,62.95,Paid,9,2025-06-30
704074,913851,350,2025-06-21,96.95,Paid,3,2025-06-24
704075,911831,295,2025-06-21,108.89,Paid,39,2025-07-30
704076,900511,13,2025-06-19,89.33,Paid,9,2025-06-28
704077,913681,347,2025-06-19,84.76,Paid,4,2025-06-23
704078,904889,123,2025-06-19,96.9,Paid,27,2025-07-16
704079,911045,270,2025-06-21,92.64,Paid,1,2025-06-22
704080,910148,248,2025-06-19,117.18,Paid,17,2025-07-06
704081,914483,365,2025-06-19,57.79,Paid,0,2025-06-19
704082,911082,274,2025-06-20,124.47,Paid,16,2025-07-06
704083,912056,304,2025-06-20,93.14,Paid,25,2025-07-15
704084,902095,51,2025-06-20,67.44,Paid,15,2025-07-05
704085,916872,420,2025-06-21,86.11,Paid,11,2025-07-02
704086,901269,32,2025-06-22,56.83,Paid,1,2025-06-23
704087,912122,306,2025-06-21,55.83,Paid,0,2025-06-21
704088,914374,362,2025-06-21,54.77,Paid,0,2025-06-21
704089,915993,398,2025-06-22,117.32,Paid,21,2025-07-13
704090,909523,231,2025-06-22,79.73,Paid,7,2025-06-29
704091,900699,18,2025-06-22,60.61,Paid,0,2025-06-22
704092,909867,238,2025-06-20,56.76,Paid,0,2025-06-20
704093,910384,252,2025-06-21,58.62,Paid,23,2025-07-14
704094,915708,393,2025-06-20,80.59,Paid,12,2025-07-02
704095,900236,6,2025-06-20,97.03,Paid,3,2025-06-23
704096,903082,77,2025-06-21,73.52,Paid,31,2025-07-22
704097,916563,413,2025-06-21,81.58,Paid,10,2025-07-01
704098,910931,269,2025-06-20,56.66,Paid,12,2025-07-02
704099,902615,64,2025-06-20,79.4,Paid,14,2025-07-04
704100,917194,122,2025-06-21,4490.54,Paid,11,2025-07-02
704101,908657,208,2025-06-22,130.79,Paid,4,2025-06-26
704102,903542,92,2025-06-21,82.99,Paid,14,2025-07-05
704103,908319,201,2025-06-21,57.45,Paid,7,2025-06-28
704104,905791,147,2025-06-22,57.67,Paid,12,2025-07-04
704105,914181,357,2025-06-21,77.34,Paid,6,2025-06-27
704106,906322,161,2025-06-21,54.62,Paid,17,2025-07-08
704107,904541,115,2025-06-22,119.59,Paid,33,2025-07-25
704108,908775,211,2025-06-21,66.39,Paid,27,2025-07-18
704109,903305,85,2025-06-21,79.78,Paid,16,2025-07-07
704110,907533,186,2025-06-21,92.57,Paid,2,2025-06-23
704111,904286,110,2025-06-20,63.72,Paid,25,2025-07-15
704112,907251,181,2025-06-20,57.85,Paid,15,2025-07-05
704113,907184,180,2025-06-20,75.41,Paid,10,2025-06-30
704114,914645,368,2025-06-20,56.95,Paid,0,2025-06-20
704115,906385,163,2025-06-20,126.35,Paid,15,2025-07-05
704116,910055,245,2025-06-22,138.72,Paid,14,2025-07-06
704117,911680,293,2025-06-20,59.12,Paid,1,2025-06-21
704118,905670,144,2025-06-22,93.28,Paid,0,2025-06-22
704119,901104,29,2025-06-20,93.92,Paid,18,2025-07-08
704120,904798,122,2025-06-21,88.91,Paid,18,2025-07-09
704121,902852,70,2025-06-22,63.11,Paid,23,2025-07-15
704122,915587,389,2025-06-20,84.83,Paid,3,2025-06-23
704123,907418,184,2025-06-20,79.37,Paid,4,2025-06-24
704124,903712,97,2025-06-21,77.6,Paid,0,2025-06-21
704125,911935,299,2025-06-22,92.6,Paid,11,2025-07-03
704126,904229,107,2025-06-22,92.55,Paid,0,2025-06-22
704127,915049,378,2025-06-22,119.76,Paid,6,2025-06-28
704128,913954,352,2025-06-21,187.27,Paid,8,2025-06-29
704129,901378,35,2025-06-21,57.37,Paid,4,2025-06-25
704130,900549,14,2025-06-22,119.12,Paid,25,2025-07-17
704131,916339,408,2025-06-22,89.9,Paid,6,2025-06-28
704132,909386,228,2025-06-22,81.35,Paid,13,2025-07-05
704133,913000,330,2025-06-21,97.48,Paid,6,2025-06-27
704134,908756,210,2025-06-20,97.97,Paid,3,2025-06-23
704135,903224,83,2025-06-21,56.89,Paid,9,2025-06-30
704136,900292,9,2025-06-21,55.63,Paid,0,2025-06-21
704137,902558,61,2025-06-21,109.13,Paid,33,2025-07-24
704138,914759,372,2025-06-20,126.24,Paid,20,2025-07-10
704139,913615,345,2025-06-21,94.15,Paid,0,2025-06-21
704140,917257,150,2025-06-21,470.57,Paid,9,2025-06-30
704141,910865,268,2025-06-21,60.89,Paid,9,2025-06-30
704142,917629,330,2025-06-20,1578.03,Paid,5,2025-06-25
704143,909113,221,2025-06-20,125.34,Paid,12,2025-07-02
704144,910318,251,2025-06-20,67.33,Paid,15,2025-07-05
704145,910744,262,2025-06-21,102.0,Paid,12,2025-07-03
704146,904164,105,2025-06-22,89.99,Paid,18,2025-07-10
704147,913766,349,2025-06-23,120.56,Paid,0,2025-06-23
704148,901737,41,2025-06-23,92.3,Paid,7,2025-06-30
704149,916854,419,2025-06-23,119.36,Paid,0,2025-06-23
704150,914361,361,2025-06-22,96.93,Paid,0,2025-06-22
704151,915775,394,2025-06-21,66.25,Paid,21,2025-07-12
704152,914965,376,2025-06-21,122.35,Paid,16,2025-07-07
704153,906819,173,2025-06-21,75.62,Paid,0,2025-06-21
704154,902978,72,2025-06-22,83.5,Paid,9,2025-07-01
704155,907400,183,2025-06-23,127.44,Paid,3,2025-06-26
704156,907891,194,2025-06-21,60.49,Paid,9,2025-06-30
704157,901294,32,2025-06-22,97.78,Paid,24,2025-07-16
704158,900568,15,2025-06-21,54.63,Paid,1,2025-06-22
704159,910706,261,2025-06-22,93.4,Paid,8,2025-06-30
704160,916520,412,2025-06-22,83.1,Paid,7,2025-06-29
704161,916459,411,2025-06-21,121.59,Paid,11,2025-07-02
704162,912259,309,2025-06-22,59.12,Paid,0,2025-06-22
704163,910208,249,2025-06-22,76.46,Paid,19,2025-07-11
704164,910030,245,2025-06-21,72.04,Paid,12,2025-07-03
704165,906800,172,2025-06-23,92.02,Paid,0,2025-06-23
704166,908991,215,2025-06-22,174.55,Paid,6,2025-06-28
704167,917230,136,2025-06-23,2229.14,Paid,0,2025-06-23
704168,903523,88,2025-06-23,111.49,Paid,20,2025-07-13
704169,903163,81,2025-06-22,92.59,Paid,11,2025-07-03
704170,904451,114,2025-06-22,71.63,Paid,18,2025-07-10
704171,908070,196,2025-06-23,102.25,Paid,17,2025-07-10
704172,912952,330,2025-06-23,53.32,Paid,7,2025-06-30
704173,906676,170,2025-06-22,84.61,Paid,13,2025-07-05
704174,901038,28,2025-06-22,58.94,Paid,21,2025-07-13
704175,901689,41,2025-06-23,51.22,Paid,0,2025-06-23
704176,902162,52,2025-06-22,118.66,Paid,0,2025-06-22
704177,910105,247,2025-06-21,69.2,Paid,32,2025-07-23
704178,907485,186,2025-06-23,57.38,Paid,7,2025-06-30
704179,914464,363,2025-06-23,84.66,Paid,16,2025-07-09
704180,913699,348,2025-06-21,53.09,Paid,2,2025-06-23
704181,907683,190,2025-06-21,93.51,Paid,23,2025-07-14
704182,908542,205,2025-06-22,123.38,Paid,13,2025-07-05
704183,903262,84,2025-06-21,59.5,Paid,7,2025-06-28
704184,917317,175,2025-06-22,4836.19,Paid,19,2025-07-11
704185,901165,30,2025-06-23,54.48,Paid,0,2025-06-23
704186,908607,206,2025-06-22,84.3,Paid,0,2025-06-22
704187,910719,262,2025-06-21,68.04,Paid,18,2025-07-09
704188,901209,31,2025-06-23,119.04,Paid,1,2025-06-24
704189,901991,47,2025-06-22,60.6,Paid,4,2025-06-26
704190,900463,13,2025-06-21,61.35,Paid,17,2025-07-08
704191,905360,139,2025-06-23,55.18,Paid,0,2025-06-23
704192,913425,341,2025-06-23,58.53,Paid,1,2025-06-24
704193,910251,250,2025-06-21,80.4,Paid,0,2025-06-21
704194,914114,356,2025-06-22,77.62,Paid,0,2025-06-22
704195,907466,184,2025-06-22,114.3,Paid,0,2025-06-22
704196,910658,261,2025-06-22,53.59,Paid,3,2025-06-25
704197,915889,395,2025-06-23,90.18,Paid,0,2025-06-23
704198,916011,399,2025-06-21,51.57,Paid,4,2025-06-25
704199,913473,341,2025-06-22,100.72,Paid,3,2025-06-25
704200,901585,39,2025-06-23,58.53,Paid,5,2025-06-28
704201,916649,414,2025-06-22,93.62,Paid,16,2025-07-08
704202,909626,233,2025-06-23,79.34,Paid,4,2025-06-27
704203,905255,137,2025-06-22,85.6,Paid,0,2025-06-22
704204,900274,7,2025-06-21,87.82,Paid,7,2025-06-28
704205,903779,98,2025-06-23,53.05,Paid,0,2025-06-23
704206,913291,339,2025-06-21,58.13,Paid,8,2025-06-29
704207,901567,38,2025-06-21,82.48,Paid,21,2025-07-12
704208,913492,342,2025-06-21,55.98,Paid,9,2025-06-30
704209,908560,206,2025-06-23,58.69,Paid,12,2025-07-05
704210,913224,336,2025-06-23,76.61,Paid,0,2025-06-23
704211,909447,229,2025-06-23,56.2,Paid,13,2025-07-06
704212,901542,38,2025-06-23,56.44,Paid,0,2025-06-23
704213,909321,227,2025-06-22,57.78,Paid,10,2025-07-02
704214,905623,144,2025-06-22,59.79,Paid,10,2025-07-02
704215,915417,386,2025-06-23,100.75,Paid,8,2025-07-01
704216,915842,395,2025-06-24,59.62,Paid,0,2025-06-24
704217,907316,182,2025-06-24,54.18,Paid,0,2025-06-24
704218,909970,242,2025-06-23,77.03,Paid,0,2025-06-23
704219,916667,416,2025-06-24,85.19,Paid,17,2025-07-11
704220,905726,146,2025-06-23,63.09,Paid,6,2025-06-29
704221,909651,233,2025-06-22,125.9,Paid,0,2025-06-22
704222,912221,308,2025-06-22,55.92,Paid,19,2025-07-11
704223,905427,140,2025-06-23,56.92,Paid,0,2025-06-23
704224,915214,382,2025-06-23,65.52,Paid,25,2025-07-18
704225,905316,138,2025-06-22,54.22,Paid,5,2025-06-27
704226,902676,65,2025-06-22,55.14,Paid,9,2025-07-01
704227,912717,323,2025-06-24,67.29,Paid,19,2025-07-13
704228,915289,384,2025-06-22,67.63,Paid,11,2025-07-03
704229,908363,203,2025-06-22,87.43,Paid,9,2025-07-01
704230,912674,322,2025-06-22,123.14,Paid,3,2025-06-25
704231,907081,178,2025-06-23,57.01,Paid,8,2025-07-01
704232,914417,363,2025-06-23,59.29,Paid,8,2025-07-01
704233,903609,95,2025-06-24,101.76,Paid,33,2025-07-27
704234,906105,155,2025-06-23,60.49,Paid,0,2025-06-23
704235,912614,320,2025-06-23,74.18,Paid,2,2025-06-25
704236,916357,409,2025-06-24,76.24,Paid,17,2025-07-11
704237,914803,373,2025-06-24,60.31,Paid,4,2025-06-28
704238,913018,331,2025-06-22,54.1,Paid,16,2025-07-08
704239,907809,192,2025-06-23,116.84,Paid,10,2025-07-03
704240,916292,408,2025-06-25,51.28,Paid,3,2025-06-28
704241,909670,234,2025-06-23,60.08,Paid,5,2025-06-28
704242,903438,87,2025-06-25,55.94,Paid,9,2025-07-04
704243,913359,340,2025-06-23,67.65,Paid,26,2025-07-19
704244,912821,328,2025-06-25,63.83,Paid,13,2025-07-08
704245,913590,345,2025-06-24,58.54,Paid,0,2025-06-24
704246,913143,334,2025-06-23,57.06,Paid,19,2025-07-12
704247,909240,225,2025-06-25,53.26,Paid,15,2025-07-10
704248,907847,193,2025-06-24,57.26,Paid,2,2025-06-26
704249,911343,283,2025-06-24,126.64,Paid,10,2025-07-04
704250,903372,86,2025-06-23,60.15,Paid,22,2025-07-15
704251,914864,374,2025-06-24,77.09,Paid,4,2025-06-28
704252,910451,254,2025-06-24,65.25,Paid,22,2025-07-16
704253,904842,123,2025-06-25,56.7,Paid,13,2025-07-08
704254,904353,111,2025-06-23,51.55,Paid,13,2025-07-06
704255,913634,347,2025-06-23,64.0,Paid,0,2025-06-23
704256,901926,45,2025-06-23,58.32,Paid,0,2025-06-23
704257,905493,142,2025-06-24,54.98,Paid,0,2025-06-24
704258,903669,96,2025-06-23,56.14,Paid,10,2025-07-03
704259,917541,291,2025-06-23,8644.81,Paid,7,2025-06-30
704260,901861,44,2025-06-24,57.45,Paid,12,2025-07-06
704261,902720,66,2025-06-25,79.32,Paid,24,2025-07-19
704262,915540,389,2025-06-24,55.06,Paid,2,2025-06-26
704263,911614,290,2025-06-23,62.94,Paid,0,2025-06-23
704264,905917,149,2025-06-25,61.15,Paid,12,2025-07-07
704265,900524,14,2025-06-23,69.98,Paid,21,2025-07-14
704266,909004,216,2025-06-25,55.71,Paid,16,2025-07-11
704267,907958,195,2025-06-23,60.87,Paid,2,2025-06-25
704268,906405,164,2025-06-25,59.3,Paid,0,2025-06-25
704269,901795,43,2025-06-23,58.7,Paid,3,2025-06-26
704270,906143,156,2025-06-24,56.04,Paid,13,2025-07-07
704271,902230,53,2025-06-25,94.5,Paid,16,2025-07-11
704272,915116,379,2025-06-25,59.02,Paid,11,2025-07-06
704273,908155,198,2025-06-24,123.09,Paid,6,2025-06-30
704274,907618,188,2025-06-23,66.18,Paid,15,2025-07-08
704275,906885,175,2025-06-25,89.46,Paid,21,2025-07-16
704276,909180,222,2025-06-24,78.45,Paid,10,2025-07-04
704277,915968,398,2025-06-25,75.88,Paid,16,2025-07-11
704278,903986,103,2025-06-25,76.15,Paid,12,2025-07-07
704279,912304,312,2025-06-24,137.8,Paid,22,2025-07-16
704280,900907,25,2025-06-23,72.4,Paid,5,2025-06-28
704281,900803,21,2025-06-23,89.27,Paid,39,2025-08-01
704282,902436,58,2025-06-24,71.87,Paid,15,2025-07-09
704283,913181,335,2025-06-25,59.78,Paid,0,2025-06-25
704284,902787,69,2025-06-24,53.1,Paid,9,2025-07-03
704285,916189,404,2025-06-24,60.19,Paid,7,2025-07-01
704286,902919,71,2025-06-24,58.13,Paid,1,2025-06-25
704287,915496,388,2025-06-26,55.36,Paid,14,2025-07-10
704288,914984,377,2025-06-26,80.48,Paid,9,2025-07-05
704289,909928,241,2025-06-26,54.0,Paid,7,2025-07-03
704290,905558,143,2025-06-25,60.9,Paid,3,2025-06-28
704291,913553,343,2025-06-26,79.31,Paid,14,2025-07-10
704292,904495,115,2025-06-25,72.17,Paid,19,2025-07-14
704293,904183,107,2025-06-24,62.82,Paid,0,2025-06-24
704294,909736,235,2025-06-24,59.24,Paid,7,2025-07-01
704295,906951,176,2025-06-24,85.17,Paid,2,2025-06-26
704296,913973,353,2025-06-25,59.58,Paid,24,2025-07-19
704297,904413,113,2025-06-24,55.16,Paid,0,2025-06-24
704298,916624,414,2025-06-24,59.56,Paid,13,2025-07-07
704299,909049,219,2025-06-24,68.88,Paid,27,2025-07-21
704300,901444,36,2025-06-26,82.38,Paid,9,2025-07-05
704301,900013,1,2025-06-26,55.56,Paid,17,2025-07-13
704302,909567,232,2025-06-24,56.0,Paid,0,2025-06-24
704303,912888,329,2025-06-26,69.83,Paid,32,2025-07-28
704304,916727,417,2025-06-26,54.4,Paid,6,2025-07-02
704305,914315,361,2025-06-24,54.89,Paid,2,2025-06-26
704306,906510,166,2025-06-26,70.58,Paid,8,2025-07-04
704307,910999,270,2025-06-26,54.77,Paid,16,2025-07-12
704308,907553,187,2025-06-26,57.13,Paid,3,2025-06-29
704309,903884,100,2025-06-25,117.6,Paid,7,2025-07-02
704310,908221,199,2025-06-25,83.08,Paid,10,2025-07-05
704311,911058,274,2025-06-26,73.14,Paid,15,2025-07-11
704312,914543,366,2025-06-24,85.2,Paid,2,2025-06-26
704313,904118,105,2025-06-25,57.25,Paid,0,2025-06-25
704314,911241,281,2025-06-26,51.47,Paid,12,2025-07-08
704315,916146,403,2025-06-25,83.71,Paid,0,2025-06-25
704316,915252,383,2025-06-27,60.38,Paid,14,2025-07-11
704317,906030,152,2025-06-27,52.4,Paid,9,2025-07-06
704318,903840,99,2025-06-26,76.68,Paid,0,2025-06-26
704319,904974,125,2025-06-25,77.1,Paid,9,2025-07-04
704320,902496,60,2025-06-26,54.04,Paid,0,2025-06-26
704321,907376,183,2025-06-26,69.1,Paid,9,2025-07-05
704322,911512,288,2025-06-26,60.05,Paid,0,2025-06-26
704323,900110,3,2025-06-26,89.61,Paid,18,2025-07-14
704324,907016,177,2025-06-25,55.76,Paid,3,2025-06-28
704325,916808,419,2025-06-27,81.81,Paid,0,2025-06-27
704326,900635,16,2025-06-25,54.46,Paid,3,2025-06-28
704327,911954,302,2025-06-26,114.65,Paid,2,2025-06-28
704328,915643,391,2025-06-26,69.04,Paid,2,2025-06-28
704329,903023,76,2025-06-27,55.35,Paid,0,2025-06-27
704330,905039,126,2025-06-26,79.84,Paid,20,2025-07-16
704331,913084,333,2025-06-26,78.71,Paid,0,2025-06-26
704332,915371,386,2025-06-27,57.15,Paid,0,2025-06-27
704333,904052,104,2025-06-25,56.27,Paid,19,2025-07-14
704334,917165,107,2025-06-25,453.32,Paid,14,2025-07-09
704335,905955,150,2025-06-27,52.24,Paid,0,2025-06-27
704336,908024,196,2025-06-25,54.59,Paid,11,2025-07-06
704337,906188,157,2025-06-25,55.85,Paid,6,2025-07-01
704338,915437,387,2025-06-25,69.91,Paid,25,2025-07-20
704339,908879,213,2025-06-25,124.53,Paid,6,2025-07-01
704340,901313,34,2025-06-25,64.78,Paid,17,2025-07-12
704341,917657,345,2025-06-26,631.13,Paid,8,2025-07-04
704342,910593,259,2025-06-25,115.84,Paid,7,2025-07-02
704343,905683,145,2025-06-27,122.65,Paid,21,2025-07-18
704344,908496,205,2025-06-25,77.76,Paid,3,2025-06-28
704345,910763,266,2025-06-27,53.87,Paid,7,2025-07-04
704346,908945,215,2025-06-26,117.62,Paid,4,2025-06-30
704347,909802,236,2025-06-25,121.86,Paid,13,2025-07-08
704348,907750,191,2025-06-26,110.45,Paid,1,2025-06-27
704349,912571,318,2025-06-25,54.11,Paid,6,2025-07-01
704350,911095,275,2025-06-25,60.06,Paid,2,2025-06-27
704351,902290,54,2025-06-25,57.28,Paid,16,2025-07-11
704352,903120,79,2025-06-25,61.13,Paid,2,2025-06-27
704353,900212,6,2025-06-25,58.33,Paid,27,2025-07-22
704354,912534,317,2025-06-28,80.65,Paid,17,2025-07-15
704355,908430,204,2025-06-28,58.12,Paid,10,2025-07-08
704356,908620,207,2025-06-27,69.16,Paid,18,2025-07-15
704357,902334,55,2025-06-26,96.54,Paid,9,2025-07-05
704358,917656,345,2025-06-26,516.65,Paid,4,2025-06-30
704359,904701,120,2025-06-26,77.61,Paid,5,2025-07-01
704360,913827,350,2025-06-28,60.04,Paid,14,2025-07-12
704361,914484,365,2025-06-26,65.3,Paid,10,2025-07-06
704362,914586,367,2025-06-27,60.76,Paid,17,2025-07-14
704363,908836,212,2025-06-26,72.32,Paid,19,2025-07-15
704364,907252,181,2025-06-28,62.26,Paid,0,2025-06-28
704365,916012,399,2025-06-28,59.08,Paid,20,2025-07-18
704366,912057,304,2025-06-28,96.85,Paid,30,2025-07-28
704367,900760,19,2025-06-28,57.71,Paid,10,2025-07-08
704368,900153,4,2025-06-26,74.97,Paid,0,2025-06-26
704369,914249,359,2025-06-27,67.84,Paid,0,2025-06-27
704370,906634,169,2025-06-26,68.47,Paid,16,2025-07-12
704371,910068,246,2025-06-27,66.46,Paid,12,2025-07-09
704372,915600,390,2025-06-27,64.05,Paid,5,2025-07-02
704373,915909,397,2025-06-26,59.96,Paid,0,2025-06-26
704374,910149,248,2025-06-27,121.63,Paid,10,2025-07-07
704375,911571,289,2025-06-26,61.39,Paid,0,2025-06-26
704376,911889,299,2025-06-28,62.95,Paid,11,2025-07-09
704377,900398,11,2025-06-28,57.49,Paid,3,2025-07-01
704378,900974,27,2025-06-26,76.07,Paid,0,2025-06-26
704379,908089,197,2025-06-27,76.56,Paid,6,2025-07-03
704380,911139,279,2025-06-27,54.8,Paid,17,2025-07-14
704381,912371,313,2025-06-26,122.8,Paid,10,2025-07-06
704382,906575,167,2025-06-27,52.73,Paid,5,2025-07-02
704383,901210,31,2025-06-26,113.92,Paid,13,2025-07-09
704384,906247,158,2025-06-26,69.33,Paid,30,2025-07-26
704385,911785,295,2025-06-28,66.44,Paid,25,2025-07-23
704386,912437,314,2025-06-28,61.18,Paid,23,2025-07-21
704387,913870,351,2025-06-26,56.39,Paid,11,2025-07-07
704388,911409,286,2025-06-26,57.98,Paid,0,2025-06-26
704389,904909,124,2025-06-27,79.31,Paid,6,2025-07-03
704390,916973,23,2025-06-29,3174.61,Paid,11,2025-07-10
704391,903306,85,2025-06-29,87.99,Paid,0,2025-06-29
704392,914804,373,2025-06-28,53.98,Paid,7,2025-07-05
704393,908776,211,2025-06-27,63.9,Paid,16,2025-07-13
704394,916071,401,2025-06-28,51.8,Paid,25,2025-07-23
704395,912123,306,2025-06-28,55.43,Paid,9,2025-07-07
704396,913225,336,2025-06-29,87.08,Paid,0,2025-06-29
704397,907185,180,2025-06-27,82.91,Paid,10,2025-07-07
704398,903543,92,2025-06-27,77.8,Paid,2,2025-06-29
704399,903498,88,2025-06-27,66.42,Paid,8,2025-07-05
704400,902533,61,2025-06-28,71.06,Paid,22,2025-07-20
704401,904599,118,2025-06-27,55.68,Paid,18,2025-07-15
704402,901105,29,2025-06-29,98.81,Paid,16,2025-07-15
704403,909114,221,2025-06-27,113.1,Paid,15,2025-07-12
704404,907684,190,2025-06-29,96.25,Paid,19,2025-07-18
704405,906737,171,2025-06-27,75.74,Paid,9,2025-07-06
704406,901586,39,2025-06-28,56.48,Paid,15,2025-07-13
704407,910319,251,2025-06-29,55.83,Paid,0,2025-06-29
704408,916873,420,2025-06-27,84.07,Paid,16,2025-07-13
704409,901039,28,2025-06-29,56.59,Paid,0,2025-06-29
704410,905136,132,2025-06-27,59.01,Paid,0,2025-06-27
704411,910932,269,2025-06-27,56.25,Paid,18,2025-07-15
704412,911681,293,2025-06-27,58.09,Paid,0,2025-06-27
704413,902616,64,2025-06-27,76.3,Paid,24,2025-07-21
704414,912013,303,2025-06-29,91.29,Paid,7,2025-07-06
704415,904287,110,2025-06-27,67.59,Paid,30,2025-07-27
704416,908281,200,2025-06-27,69.34,Paid,25,2025-07-22
704417,915709,393,2025-06-28,83.44,Paid,1,2025-06-29
704418,901379,35,2025-06-27,56.57,Paid,0,2025-06-27
704419,900249,7,2025-06-29,56.13,Paid,7,2025-07-06
704420,909387,228,2025-06-28,85.28,Paid,11,2025-07-09
704421,916564,413,2025-06-29,81.27,Paid,7,2025-07-06
704422,902096,51,2025-06-28,73.38,Paid,25,2025-07-23
704423,913767,349,2025-06-27,120.25,Paid,0,2025-06-27
704424,914940,376,2025-06-27,77.74,Paid,14,2025-07-11
704425,917676,355,2025-06-27,683.13,Paid,3,2025-06-30
704426,910866,268,2025-06-29,63.49,Paid,6,2025-07-05
704427,915050,378,2025-06-29,120.83,Paid,0,2025-06-29
704428,905792,147,2025-06-29,60.13,Paid,2,2025-07-01
704429,903713,97,2025-06-28,72.12,Paid,12,2025-07-10
704430,909868,238,2025-06-28,56.68,Paid,7,2025-07-05
704431,907419,184,2025-06-27,75.23,Paid,27,2025-07-24
704432,900700,18,2025-06-27,63.35,Paid,5,2025-07-02
704433,905361,139,2025-06-30,56.57,Paid,15,2025-07-15
704434,913700,348,2025-06-28,54.52,Paid,0,2025-06-28
704435,905098,129,2025-06-30,82.77,Paid,1,2025-07-01
704436,900464,13,2025-06-30,60.2,Paid,22,2025-07-22
704437,915776,394,2025-06-28,72.5,Paid,27,2025-07-25
704438,910659,261,2025-06-28,62.5,Paid,4,2025-07-02
704439,914902,375,2025-06-28,60.28,Paid,0,2025-06-28
704440,907486,186,2025-06-30,58.18,Paid,6,2025-07-06
704441,904554,116,2025-06-30,54.93,Paid,0,2025-06-30
704442,910385,252,2025-06-28,56.39,Paid,0,2025-06-28
704443,906677,170,2025-06-29,72.28,Paid,0,2025-06-29
704444,906820,173,2025-06-29,87.1,Paid,2,2025-07-01
704445,911844,298,2025-06-30,59.76,Paid,0,2025-06-30
704446,916460,411,2025-06-28,115.29,Paid,14,2025-07-12
704447,900569,15,2025-06-28,53.64,Paid,0,2025-06-28
704448,905858,148,2025-06-28,57.0,Paid,18,2025-07-16
704449,906465,165,2025-06-30,61.77,Paid,14,2025-07-14
704450,913292,339,2025-06-28,60.74,Paid,8,2025-07-06
704451,901992,47,2025-06-30,61.71,Paid,5,2025-07-05
704452,910252,250,2025-06-29,76.89,Paid,11,2025-07-10
704453,902853,70,2025-06-28,68.51,Paid,26,2025-07-24
704454,913426,341,2025-06-28,58.25,Paid,11,2025-07-09
704455,910822,267,2025-06-30,114.53,Paid,9,2025-07-09
704456,912953,330,2025-06-28,57.06,Paid,4,2025-07-02
704457,902163,52,2025-06-28,118.8,Paid,10,2025-07-08
704458,901690,41,2025-06-28,55.92,Paid,9,2025-07-07
704459,905256,137,2025-06-29,85.56,Paid,8,2025-07-07
704460,903780,98,2025-06-29,58.95,Paid,15,2025-07-14
704461,903164,81,2025-06-28,87.18,Paid,22,2025-07-20
704462,902437,58,2025-06-30,65.42,Paid,23,2025-07-23
704463,914115,356,2025-06-30,74.35,Paid,4,2025-07-04
704464,913019,331,2025-06-30,58.02,Paid,7,2025-07-07
704465,912718,323,2025-07-01,59.45,Paid,35,2025-08-05
704466,900293,9,2025-06-30,62.41,Paid,10,2025-07-10
704467,911301,282,2025-06-30,118.63,Paid,5,2025-07-05
704468,914418,363,2025-06-30,55.84,Paid,0,2025-06-30
704469,902052,48,2025-07-01,53.9,Paid,0,2025-07-01
704470,915843,395,2025-06-30,61.75,Paid,11,2025-07-11
704471,917090,75,2025-07-01,2472.57,Paid,5,2025-07-06
704472,908364,203,2025-06-30,79.99,Paid,2,2025-07-02
704473,905212,135,2025-06-29,58.56,Paid,0,2025-06-29
704474,914033,354,2025-07-01,57.49,Paid,0,2025-07-01
704475,914182,357,2025-07-01,88.57,Paid,3,2025-07-04
704476,909181,222,2025-06-29,67.38,Paid,2,2025-07-01
704477,905624,144,2025-06-29,57.76,Paid,11,2025-07-10
704478,905428,140,2025-07-01,58.08,Paid,8,2025-07-09
704479,901445,36,2025-06-29,75.1,Paid,7,2025-07-06
704480,908732,210,2025-06-30,56.28,Paid,13,2025-07-13
704481,916417,410,2025-06-30,91.08,Paid,16,2025-07-16
704482,907082,178,2025-06-29,61.6,Paid,7,2025-07-06
704483,908561,206,2025-06-29,57.84,Paid,5,2025-07-04
704484,913974,353,2025-07-01,63.22,Paid,3,2025-07-04
704485,911242,281,2025-06-30,54.76,Paid,3,2025-07-03
704486,908695,209,2025-06-30,56.14,Paid,0,2025-06-30
704487,905559,143,2025-06-29,57.05,Paid,16,2025-07-15
704488,907317,182,2025-07-01,59.31,Paid,4,2025-07-05
704489,917256,148,2025-06-30,371.65,Paid,8,2025-07-08
704490,916358,409,2025-06-30,82.11,Paid,4,2025-07-04
704491,903610,95,2025-06-29,94.6,Paid,29,2025-07-28
704492,916668,416,2025-06-30,79.24,Paid,10,2025-07-10
704493,913493,342,2025-06-29,63.96,Paid,6,2025-07-05
704494,912615,320,2025-06-30,78.44,Paid,15,2025-07-15
704495,908222,199,2025-06-30,81.81,Paid,0,2025-06-30
704496,906886,175,2025-06-29,91.06,Paid,11,2025-07-10
704497,901647,40,2025-06-30,57.79,Paid,20,2025-07-20
704498,901927,45,2025-07-02,63.1,Paid,0,2025-07-02
704499,904354,111,2025-06-30,63.6,Paid,11,2025-07-11
704500,900908,25,2025-07-01,77.34,Paid,0,2025-07-01
704501,916293,408,2025-06-30,52.81,Paid,8,2025-07-08
704502,912822,328,2025-07-02,69.31,Paid,14,2025-07-16
704503,913635,347,2025-07-01,57.41,Paid,3,2025-07-04
704504,915177,381,2025-07-01,74.5,Paid,11,2025-07-12
704505,906406,164,2025-06-30,56.76,Paid,7,2025-07-07
704506,907892,194,2025-07-02,54.92,Paid,0,2025-07-02
704507,914683,370,2025-06-30,75.94,Paid,1,2025-07-01
704508,903987,103,2025-06-30,84.56,Paid,11,2025-07-11
704509,909322,227,2025-07-01,59.48,Paid,21,2025-07-22
704510,900804,21,2025-06-30,97.65,Paid,20,2025-07-20
704511,905494,142,2025-06-30,55.53,Paid,8,2025-07-08
704512,900864,22,2025-07-02,65.72,Paid,34,2025-08-05
704513,904843,123,2025-07-02,62.64,Paid,15,2025-07-17
704514,909671,234,2025-07-01,59.53,Paid,5,2025-07-06
704515,910452,254,2025-06-30,71.77,Paid,22,2025-07-22
704516,913930,352,2025-06-30,113.85,Paid,0,2025-06-30
704517,907619,188,2025-07-01,66.0,Paid,23,2025-07-24
704518,912778,324,2025-07-01,57.09,Paid,14,2025-07-15
704519,901862,44,2025-07-02,57.75,Paid,0,2025-07-02
704520,915117,379,2025-07-01,59.38,Paid,1,2025-07-02
704521,902231,53,2025-07-02,93.91,Paid,31,2025-08-02
704522,915541,389,2025-07-02,53.51,Paid,14,2025-07-16
704523,905727,146,2025-07-02,62.1,Paid,3,2025-07-05
704524,911198,280,2025-07-02,56.82,Paid,0,2025-07-02
704525,904658,119,2025-06-30,58.74,Paid,1,2025-07-01
704526,911615,290,2025-06-30,63.07,Paid,11,2025-07-11
704527,901796,43,2025-07-02,56.98,Paid,0,2025-07-02
704528,908156,198,2025-06-30,117.61,Paid,5,2025-07-05
704529,902721,66,2025-07-02,82.45,Paid,5,2025-07-07
704530,913360,340,2025-06-30,64.38,Paid,28,2025-07-28
704531,916765,418,2025-06-30,57.42,Paid,0,2025-06-30
704532,903439,87,2025-07-01,57.54,Paid,0,2025-07-01
704533,911344,283,2025-06-30,117.35,Paid,12,2025-07-12
704534,902572,62,2025-06-30,77.95,Paid,3,2025-07-03
704535,909737,235,2025-07-02,64.05,Paid,4,2025-07-06
704536,902920,71,2025-07-01,60.08,Paid,1,2025-07-02
704537,917063,65,2025-07-01,1970.6,Paid,8,2025-07-09
704538,909971,242,2025-07-02,73.71,Paid,2,2025-07-04
704539,914071,355,2025-07-02,60.2,Paid,12,2025-07-14
704540,904910,124,2025-07-02,83.28,Paid,6,2025-07-08
704541,914316,361,2025-07-01,55.51,Paid,6,2025-07-07
704542,905993,151,2025-07-03,53.05,Paid,9,2025-07-12
704543,909568,232,2025-07-01,63.64,Paid,7,2025-07-08
704544,909050,219,2025-07-02,59.95,Paid,9,2025-07-11
704545,914985,377,2025-07-03,75.36,Paid,8,2025-07-11
704546,916809,419,2025-07-03,72.32,Paid,0,2025-07-03
704547,907554,187,2025-07-01,57.66,Paid,4,2025-07-05
704548,912305,312,2025-07-01,137.98,Paid,21,2025-07-22
704549,906952,176,2025-07-01,78.91,Paid,10,2025-07-11
704550,916249,406,2025-07-01,54.21,Paid,14,2025-07-15
704551,903373,86,2025-07-02,54.74,Paid,0,2025-07-02
704552,900354,10,2025-07-02,58.53,Paid,10,2025-07-12
704553,906511,166,2025-07-01,56.27,Paid,1,2025-07-02
704554,903943,102,2025-07-02,74.37,Paid,22,2025-07-24
704555,907142,179,2025-07-03,100.33,Paid,18,2025-07-21
704556,912889,329,2025-07-03,64.21,Paid,23,2025-07-26
704557,904119,105,2025-07-01,53.52,Paid,8,2025-07-09
704558,900014,1,2025-07-03,55.67,Paid,4,2025-07-07
704559,908497,205,2025-07-03,76.94,Paid,9,2025-07-12
704560,914722,371,2025-07-02,57.82,Paid,6,2025-07-08
704561,902788,69,2025-07-01,56.16,Paid,14,2025-07-15
704562,901505,37,2025-07-03,70.62,Paid,23,2025-07-26
704563,917566,304,2025-07-02,932.83,Paid,21,2025-07-23
704564,915910,397,2025-07-02,59.81,Paid,16,2025-07-18
704565,904496,115,2025-07-03,61.84,Paid,16,2025-07-19
704566,916190,404,2025-07-03,59.65,Paid,7,2025-07-10
704567,911468,287,2025-07-01,60.14,Paid,0,2025-07-01
704568,901314,34,2025-07-04,67.71,Paid,29,2025-08-02
704569,917358,197,2025-07-03,5168.43,Paid,9,2025-07-12
704570,903885,100,2025-07-03,118.91,Paid,3,2025-07-06
704571,910764,266,2025-07-04,55.66,Paid,7,2025-07-11
704572,917003,36,2025-07-04,2255.93,Paid,0,2025-07-04
704573,911000,270,2025-07-02,63.35,Paid,15,2025-07-17
704574,916109,402,2025-07-04,71.38,Paid,13,2025-07-17
704575,911742,294,2025-07-03,92.55,Paid,21,2025-07-24
704576,902394,57,2025-07-02,65.5,Paid,15,2025-07-17
704577,907959,195,2025-07-04,60.64,Paid,7,2025-07-11
704578,907253,181,2025-07-03,57.58,Paid,3,2025-07-06
704579,906068,153,2025-07-04,79.14,Paid,0,2025-07-04
704580,904243,109,2025-07-03,60.01,Paid,5,2025-07-08
704581,910594,259,2025-07-03,118.37,Paid,12,2025-07-15
704582,906776,172,2025-07-04,59.89,Paid,0,2025-07-04
704583,904184,107,2025-07-04,55.09,Paid,0,2025-07-04
704584,905040,126,2025-07-03,81.17,Paid,3,2025-07-06
704585,915372,386,2025-07-02,58.5,Paid,11,2025-07-13
704586,913085,333,2025-07-02,82.48,Paid,0,2025-07-02
704587,910550,256,2025-07-02,59.7,Paid,0,2025-07-02
704588,904053,104,2025-07-04,58.17,Paid,2,2025-07-06
704589,908880,213,2025-07-02,135.46,Paid,13,2025-07-15
704590,903083,77,2025-07-04,66.01,Paid,9,2025-07-13
704591,900636,16,2025-07-02,51.64,Paid,11,2025-07-13
704592,906189,157,2025-07-04,57.54,Paid,4,2025-07-08
704593,907017,177,2025-07-03,52.7,Paid,7,2025-07-10
704594,915328,385,2025-07-03,72.98,Paid,9,2025-07-12
704595,912184,307,2025-07-02,60.02,Paid,0,2025-07-02
704596,908025,196,2025-07-03,56.98,Paid,9,2025-07-12
704597,904975,125,2025-07-03,85.27,Paid,9,2025-07-12
704598,911513,288,2025-07-02,61.14,Paid,11,2025-07-13
704599,906361,163,2025-07-02,80.27,Paid,10,2025-07-12
704600,911140,279,2025-07-04,61.3,Paid,12,2025-07-16
704601,900399,11,2025-07-04,55.57,Paid,2,2025-07-06
704602,914587,367,2025-07-03,54.99,Paid,3,2025-07-06
704603,909279,226,2025-07-05,76.42,Paid,25,2025-07-30
704604,909803,236,2025-07-03,109.26,Paid,8,2025-07-11
704605,904761,121,2025-07-03,62.18,Paid,31,2025-08-03
704606,914485,365,2025-07-03,62.76,Paid,6,2025-07-09
704607,908946,215,2025-07-03,122.12,Paid,13,2025-07-16
704608,916013,399,2025-07-03,58.13,Paid,16,2025-07-19
704609,914250,359,2025-07-05,82.68,Paid,5,2025-07-10
704610,904452,114,2025-07-05,65.66,Paid,16,2025-07-21
704611,904702,120,2025-07-03,78.5,Paid,2,2025-07-05
704612,902335,55,2025-07-04,90.7,Paid,41,2025-08-14
704613,912438,314,2025-07-04,65.14,Paid,27,2025-07-31
704614,912058,304,2025-07-04,95.33,Paid,29,2025-08-02
704615,910512,255,2025-07-03,56.1,Paid,5,2025-07-08
704616,906576,167,2025-07-05,56.8,Paid,8,2025-07-13
704617,912497,316,2025-07-03,110.53,Paid,17,2025-07-20
704618,913871,351,2025-07-04,55.45,Paid,14,2025-07-18
704619,905175,133,2025-07-05,53.31,Paid,7,2025-07-12
704620,901211,31,2025-07-04,117.51,Paid,10,2025-07-14
704621,906285,159,2025-07-04,86.88,Paid,24,2025-07-28
704622,904600,118,2025-07-04,62.38,Paid,1,2025-07-05
704623,911410,286,2025-07-03,59.76,Paid,1,2025-07-04
704624,905859,148,2025-07-04,59.32,Paid,0,2025-07-04
704625,911890,299,2025-07-04,58.7,Paid,0,2025-07-04
704626,911786,295,2025-07-03,69.54,Paid,21,2025-07-24
704627,908431,204,2025-07-05,53.68,Paid,0,2025-07-05
704628,909486,230,2025-07-04,127.9,Paid,0,2025-07-04
704629,915438,387,2025-07-03,68.36,Paid,25,2025-07-28
704630,908090,197,2025-07-04,74.61,Paid,0,2025-07-04
704631,917223,134,2025-07-04,2720.69,Paid,8,2025-07-12
704632,910150,248,2025-07-04,115.93,Paid,9,2025-07-13
704633,912372,313,2025-07-04,122.18,Paid,17,2025-07-21
704634,900975,27,2025-07-05,80.3,Paid,7,2025-07-12
704635,900154,4,2025-07-03,84.24,Paid,2,2025-07-05
704636,916565,413,2025-07-05,73.93,Paid,4,2025-07-09
704637,903225,83,2025-07-06,60.52,Paid,0,2025-07-06
704638,908658,208,2025-07-04,125.0,Paid,11,2025-07-15
704639,912124,306,2025-07-05,59.55,Paid,21,2025-07-26
704640,909388,228,2025-07-05,79.21,Paid,3,2025-07-08
704641,907186,180,2025-07-04,74.86,Paid,17,2025-07-21
704642,909524,231,2025-07-04,75.71,Paid,6,2025-07-10
704643,917686,359,2025-07-04,432.59,Paid,6,2025-07-10
704644,901040,28,2025-07-04,62.16,Paid,10,2025-07-14
704645,902854,70,2025-07-05,67.38,Paid,21,2025-07-26
704646,913226,336,2025-07-06,80.61,Paid,5,2025-07-11
704647,914805,373,2025-07-06,61.46,Paid,19,2025-07-25
704648,909869,238,2025-07-06,53.1,Paid,8,2025-07-14
704649,914760,372,2025-07-05,112.31,Paid,12,2025-07-17
704650,914646,368,2025-07-06,57.15,Paid,0,2025-07-06
704651,910320,251,2025-07-04,57.25,Paid,9,2025-07-13
704652,900294,9,2025-07-04,54.92,Paid,21,2025-07-25
704653,902097,51,2025-07-06,60.78,Paid,4,2025-07-10
704654,901587,39,2025-07-05,58.68,Paid,7,2025-07-12
704655,905793,147,2025-07-05,53.88,Paid,16,2025-07-21
704656,904799,122,2025-07-04,94.99,Paid,21,2025-07-25
704657,900701,18,2025-07-05,59.92,Paid,11,2025-07-16
704658,910386,252,2025-07-05,60.22,Paid,0,2025-07-05
704659,906323,161,2025-07-05,53.8,Paid,0,2025-07-05
704660,901270,32,2025-07-05,56.89,Paid,5,2025-07-10
704661,911955,302,2025-07-04,115.32,Paid,7,2025-07-11
704662,902617,64,2025-07-04,84.37,Paid,18,2025-07-22
704663,903307,85,2025-07-06,75.12,Paid,18,2025-07-24
704664,907751,191,2025-07-06,124.91,Paid,6,2025-07-12
704665,901380,35,2025-07-06,59.32,Paid,0,2025-07-06
704666,901106,29,2025-07-05,99.33,Paid,18,2025-07-23
704667,915710,393,2025-07-05,78.7,Paid,0,2025-07-05
704668,903024,76,2025-07-06,58.18,Paid,0,2025-07-06
704669,909115,221,2025-07-04,120.83,Paid,4,2025-07-08
704670,915644,391,2025-07-05,69.04,Paid,26,2025-07-31
704671,911682,293,2025-07-05,56.61,Paid,16,2025-07-21
704672,901543,38,2025-07-05,59.41,Paid,12,2025-07-17
704673,900073,2,2025-07-05,57.38,Paid,4,2025-07-09
704674,915051,378,2025-07-05,130.42,Paid,2,2025-07-07
704675,910933,269,2025-07-06,61.02,Paid,15,2025-07-21
704676,914375,362,2025-07-04,53.79,Paid,4,2025-07-08
704677,908777,211,2025-07-05,66.61,Paid,31,2025-08-05
704678,903544,92,2025-07-06,79.17,Paid,10,2025-07-16
704679,907420,184,2025-07-06,81.56,Paid,6,2025-07-12
704680,913768,349,2025-07-06,116.3,Paid,5,2025-07-11
704681,910867,268,2025-07-06,52.48,Paid,0,2025-07-06
704682,903714,97,2025-07-05,72.8,Paid,10,2025-07-15
704683,916874,420,2025-07-05,80.06,Paid,0,2025-07-05
704684,904288,110,2025-07-04,66.16,Paid,33,2025-08-06
704685,907685,190,2025-07-05,97.68,Paid,31,2025-08-05
704686,901751,42,2025-07-06,74.9,Paid,5,2025-07-11
704687,914183,357,2025-07-05,81.02,Paid,11,2025-07-16
704688,908320,201,2025-07-06,54.33,Paid,18,2025-07-24
704689,903781,98,2025-07-06,54.1,Paid,17,2025-07-23
704690,912260,309,2025-07-06,55.33,Paid,15,2025-07-21
704691,900465,13,2025-07-06,53.06,Paid,0,2025-07-06
704692,901993,47,2025-07-05,58.24,Paid,0,2025-07-05
704693,902164,52,2025-07-06,123.59,Paid,0,2025-07-06
704694,916461,411,2025-07-06,119.23,Paid,0,2025-07-06
704695,913293,339,2025-07-07,55.0,Paid,3,2025-07-10
704696,910253,250,2025-07-05,80.95,Paid,13,2025-07-18
704697,910660,261,2025-07-07,57.18,Paid,5,2025-07-12
704698,916521,412,2025-07-06,78.92,Paid,16,2025-07-22
704699,905257,137,2025-07-05,82.32,Paid,4,2025-07-09
704700,910720,262,2025-07-06,70.79,Paid,21,2025-07-27
704701,913494,342,2025-07-05,57.7,Paid,9,2025-07-14
704702,913701,348,2025-07-07,53.84,Paid,0,2025-07-07
704703,915777,394,2025-07-05,66.42,Paid,20,2025-07-25
704704,909627,233,2025-07-05,78.71,Paid,8,2025-07-13
704705,907487,186,2025-07-07,61.61,Paid,10,2025-07-17
704706,914116,356,2025-07-06,78.96,Paid,0,2025-07-06
704707,913427,341,2025-07-06,59.45,Paid,11,2025-07-17
704708,903263,84,2025-07-06,55.22,Paid,9,2025-07-15
704709,912954,330,2025-07-07,54.14,Paid,0,2025-07-07
704710,901166,30,2025-07-06,59.05,Paid,1,2025-07-07
704711,903165,81,2025-07-05,88.17,Paid,19,2025-07-24
704712,906678,170,2025-07-07,86.28,Paid,6,2025-07-13
704713,910209,249,2025-07-06,84.37,Paid,0,2025-07-06
704714,906821,173,2025-07-07,75.7,Paid,2,2025-07-09
704715,910031,245,2025-07-06,78.45,Paid,10,2025-07-16
704716,901691,41,2025-07-06,55.85,Paid,6,2025-07-12
704717,910106,247,2025-07-07,62.3,Paid,22,2025-07-29
704718,913020,331,2025-07-06,62.09,Paid,5,2025-07-11
704719,912675,322,2025-07-08,114.58,Paid,0,2025-07-08
704720,909448,229,2025-07-07,62.33,Paid,5,2025-07-12
704721,912719,323,2025-07-06,70.02,Paid,22,2025-07-28
704722,915290,384,2025-07-08,70.1,Paid,11,2025-07-19
704723,907810,192,2025-07-08,112.23,Paid,11,2025-07-19
704724,912616,320,2025-07-07,83.73,Paid,4,2025-07-11
704725,909323,227,2025-07-08,57.34,Paid,0,2025-07-08
704726,908223,199,2025-07-06,76.78,Paid,0,2025-07-06
704727,912222,308,2025-07-06,61.2,Paid,2,2025-07-08
704728,902677,65,2025-07-06,57.57,Paid,0,2025-07-06
704729,906106,155,2025-07-06,55.66,Paid,12,2025-07-18
704730,905728,146,2025-07-06,56.59,Paid,3,2025-07-09
704731,916625,414,2025-07-08,53.87,Paid,11,2025-07-19
704732,913975,353,2025-07-06,57.1,Paid,0,2025-07-06
704733,916669,416,2025-07-07,83.78,Paid,0,2025-07-07
704734,904414,113,2025-07-07,54.02,Paid,7,2025-07-14
704735,901446,36,2025-07-07,73.38,Paid,3,2025-07-10
704736,914865,374,2025-07-07,90.79,Paid,0,2025-07-07
704737,915969,398,2025-07-07,62.17,Paid,23,2025-07-30
704738,901928,45,2025-07-08,59.46,Paid,3,2025-07-11
704739,905362,139,2025-07-08,55.67,Paid,7,2025-07-15
704740,909972,242,2025-07-08,77.45,Paid,11,2025-07-19
704741,905317,138,2025-07-07,56.1,Paid,1,2025-07-08
704742,907318,182,2025-07-07,60.0,Paid,7,2025-07-14
704743,907083,178,2025-07-08,53.38,Paid,14,2025-07-22
704744,916359,409,2025-07-07,84.46,Paid,12,2025-07-19
704745,902438,58,2025-07-08,64.77,Paid,18,2025-07-26
704746,911243,281,2025-07-06,62.4,Paid,9,2025-07-15
704747,906887,175,2025-07-07,95.02,Paid,34,2025-08-10
704748,909241,225,2025-07-08,56.69,Paid,9,2025-07-17
704749,905560,143,2025-07-07,55.06,Paid,16,2025-07-23
704750,909182,222,2025-07-07,85.43,Paid,20,2025-07-27
704751,905918,149,2025-07-06,61.56,Paid,0,2025-07-06
704752,905625,144,2025-07-06,52.78,Paid,3,2025-07-09
704753,915215,382,2025-07-08,64.91,Paid,27,2025-08-04
704754,911345,283,2025-07-06,116.3,Paid,7,2025-07-13
704755,900570,15,2025-07-07,57.28,Paid,10,2025-07-17
704756,903670,96,2025-07-09,61.69,Paid,3,2025-07-12
704757,907960,195,2025-07-09,54.9,Paid,3,2025-07-12
704758,903374,86,2025-07-09,56.72,Paid,1,2025-07-10
704759,914419,363,2025-07-07,62.05,Paid,7,2025-07-14
704760,916294,408,2025-07-08,57.68,Paid,6,2025-07-14
704761,900805,21,2025-07-08,90.8,Paid,20,2025-07-28
704762,904355,111,2025-07-08,54.28,Paid,7,2025-07-15
704763,909672,234,2025-07-09,58.25,Paid,6,2025-07-15
704764,900909,25,2025-07-07,80.35,Paid,6,2025-07-13
704765,907893,194,2025-07-09,55.89,Paid,12,2025-07-21
704766,902979,72,2025-07-08,75.42,Paid,0,2025-07-08
704767,912306,312,2025-07-09,146.77,Paid,14,2025-07-23
704768,901797,43,2025-07-09,56.82,Paid,0,2025-07-09
704769,905429,140,2025-07-09,56.25,Paid,4,2025-07-13
704770,904844,123,2025-07-09,58.96,Paid,0,2025-07-09
704771,913361,340,2025-07-08,70.95,Paid,12,2025-07-20
704772,913636,347,2025-07-09,61.26,Paid,2,2025-07-11
704773,905495,142,2025-07-08,62.57,Paid,3,2025-07-11
704774,909005,216,2025-07-09,58.5,Paid,22,2025-07-31
704775,903611,95,2025-07-07,96.8,Paid,28,2025-08-04
704776,908365,203,2025-07-07,83.27,Paid,0,2025-07-07
704777,903988,103,2025-07-07,81.49,Paid,3,2025-07-10
704778,902232,53,2025-07-08,81.07,Paid,25,2025-08-02
704779,901863,44,2025-07-08,58.32,Paid,8,2025-07-16
704780,902722,66,2025-07-08,78.38,Paid,7,2025-07-15
704781,907848,193,2025-07-08,52.69,Paid,0,2025-07-08
704782,906407,164,2025-07-09,57.87,Paid,11,2025-07-20
704783,912823,328,2025-07-09,67.0,Paid,35,2025-08-13
704784,908562,206,2025-07-07,52.34,Paid,0,2025-07-07
704785,903440,87,2025-07-09,57.66,Paid,0,2025-07-09
704786,913144,334,2025-07-08,57.88,Paid,8,2025-07-16
704787,917276,160,2025-07-09,450.34,Paid,4,2025-07-13
704788,906144,156,2025-07-07,59.19,Paid,7,2025-07-14
704789,911616,290,2025-07-08,53.64,Paid,0,2025-07-08
704790,915118,379,2025-07-07,57.68,Paid,12,2025-07-19
704791,910453,254,2025-07-08,57.96,Paid,13,2025-07-21
704792,907620,188,2025-07-09,73.36,Paid,19,2025-07-28
704793,900525,14,2025-07-07,81.86,Paid,29,2025-08-05
704794,913591,345,2025-07-08,58.2,Paid,4,2025-07-12
704795,908157,198,2025-07-07,127.33,Paid,2,2025-07-09
704796,915542,389,2025-07-08,57.47,Paid,13,2025-07-21
704797,900015,1,2025-07-08,51.71,Paid,0,2025-07-08
704798,915911,397,2025-07-10,53.32,Paid,0,2025-07-10
704799,913554,343,2025-07-08,81.5,Paid,13,2025-07-21
704800,906512,166,2025-07-10,62.17,Paid,13,2025-07-23
704801,904120,105,2025-07-08,54.61,Paid,0,2025-07-08
704802,904185,107,2025-07-08,54.5,Paid,31,2025-08-08
704803,912890,329,2025-07-10,65.57,Paid,3,2025-07-13
704804,909051,219,2025-07-08,74.46,Paid,35,2025-08-12
704805,915844,395,2025-07-09,53.86,Paid,0,2025-07-09
704806,914986,377,2025-07-09,78.99,Paid,11,2025-07-20
704807,917752,391,2025-07-09,809.2,Paid,14,2025-07-23
704808,902789,69,2025-07-09,57.97,Paid,1,2025-07-10
704809,912572,318,2025-07-08,59.27,Paid,4,2025-07-12
704810,911001,270,2025-07-08,59.26,Paid,5,2025-07-13
704811,916810,419,2025-07-08,78.44,Paid,14,2025-07-22
704812,913182,335,2025-07-10,59.63,Paid,7,2025-07-17
704813,904911,124,2025-07-09,77.12,Paid,3,2025-07-12
704814,902921,71,2025-07-08,53.08,Paid,29,2025-08-06
704815,904497,115,2025-07-09,66.39,Paid,13,2025-07-22
704816,909738,235,2025-07-08,55.18,Paid,16,2025-07-24
704817,909929,241,2025-07-09,58.75,Paid,16,2025-07-25
704818,909569,232,2025-07-10,58.94,Paid,14,2025-07-24
704819,911059,274,2025-07-10,78.49,Paid,5,2025-07-15
704820,914544,366,2025-07-09,80.85,Paid,13,2025-07-22
704821,902497,60,2025-07-08,53.04,Paid,3,2025-07-11
704822,903886,100,2025-07-09,121.91,Paid,3,2025-07-12
704823,916191,404,2025-07-10,55.17,Paid,6,2025-07-16
704824,916147,403,2025-07-10,86.52,Paid,19,2025-07-29
704825,908881,213,2025-07-10,123.68,Paid,0,2025-07-10
704826,915253,383,2025-07-09,64.31,Paid,16,2025-07-25
704827,907018,177,2025-07-10,60.26,Paid,1,2025-07-11
704828,900111,3,2025-07-10,83.01,Paid,12,2025-07-22
704829,903121,79,2025-07-10,58.72,Paid,11,2025-07-21
704830,915373,386,2025-07-10,57.39,Paid,7,2025-07-17
704831,909804,236,2025-07-11,111.42,Paid,3,2025-07-14
704832,905041,126,2025-07-09,82.75,Paid,11,2025-07-20
704833,907555,187,2025-07-09,54.66,Paid,5,2025-07-14
704834,904976,125,2025-07-11,77.71,Paid,18,2025-07-29
704835,906190,157,2025-07-10,56.7,Paid,11,2025-07-21
704836,906953,176,2025-07-11,76.38,Paid,0,2025-07-11
704837,917111,82,2025-07-10,2643.84,Paid,0,2025-07-10
704838,908026,196,2025-07-11,54.49,Paid,0,2025-07-11
704839,911096,275,2025-07-11,61.78,Paid,15,2025-07-26
704840,915645,391,2025-07-09,65.36,Paid,9,2025-07-18
704841,910595,259,2025-07-10,116.43,Paid,6,2025-07-16
704842,915497,388,2025-07-09,53.94,Paid,15,2025-07-24
704843,917112,82,2025-07-09,297.87,Paid,12,2025-07-21
704844,903841,99,2025-07-09,88.16,Paid,0,2025-07-09
704845,917285,164,2025-07-11,284.78,Paid,15,2025-07-26
704846,903025,76,2025-07-09,54.61,Paid,0,2025-07-09
704847,916728,417,2025-07-10,56.14,Paid,0,2025-07-10
704848,916072,401,2025-07-10,54.56,Paid,8,2025-07-18
704849,902291,54,2025-07-11,57.54,Paid,8,2025-07-19
704850,907254,181,2025-07-10,56.02,Paid,0,2025-07-10
704851,905956,150,2025-07-10,52.97,Paid,8,2025-07-18
704852,910765,266,2025-07-09,59.89,Paid,26,2025-08-04
704853,900637,16,2025-07-10,58.94,Paid,18,2025-07-28
704854,907377,183,2025-07-09,77.98,Paid,0,2025-07-09
704855,901315,34,2025-07-11,67.6,Paid,28,2025-08-08
704856,911956,302,2025-07-09,116.21,Paid,6,2025-07-15
704857,908947,215,2025-07-10,113.52,Paid,19,2025-07-29
704858,904054,104,2025-07-10,55.43,Paid,6,2025-07-16
704859,906635,169,2025-07-09,63.74,Paid,12,2025-07-21
704860,908498,205,2025-07-11,79.12,Paid,9,2025-07-20
704861,911572,289,2025-07-12,62.23,Paid,14,2025-07-26
704862,912373,313,2025-07-10,119.19,Paid,0,2025-07-10
704863,901212,31,2025-07-12,120.98,Paid,0,2025-07-12
704864,913828,350,2025-07-10,60.17,Paid,14,2025-07-24
704865,914486,365,2025-07-12,59.7,Paid,5,2025-07-17
704866,911787,295,2025-07-10,66.15,Paid,26,2025-08-05
704867,900155,4,2025-07-10,77.79,Paid,20,2025-07-30
704868,912059,304,2025-07-11,94.19,Paid,19,2025-07-30
704869,906248,158,2025-07-11,69.49,Paid,12,2025-07-23
704870,917725,378,2025-07-12,12810.86,Paid,0,2025-07-12
704871,913872,351,2025-07-11,62.32,Paid,6,2025-07-17
704872,908091,197,2025-07-12,81.54,Paid,0,2025-07-12
704873,910151,248,2025-07-10,120.5,Paid,18,2025-07-28
704874,911141,279,2025-07-10,55.66,Paid,0,2025-07-10
704875,905860,148,2025-07-12,57.17,Paid,2,2025-07-14
704876,913086,333,2025-07-10,80.13,Paid,1,2025-07-11
704877,914588,367,2025-07-12,56.99,Paid,0,2025-07-12
704878,911514,288,2025-07-11,58.56,Paid,12,2025-07-23
704879,902336,55,2025-07-12,89.82,Paid,15,2025-07-27
704880,915439,387,2025-07-10,64.29,Paid,24,2025-08-03
704881,905684,145,2025-07-12,118.35,Paid,15,2025-07-27
704882,900976,27,2025-07-12,86.78,Paid,5,2025-07-17
704883,904601,118,2025-07-11,56.26,Paid,11,2025-07-22
704884,910823,267,2025-07-10,118.59,Paid,0,2025-07-10
704885,912439,314,2025-07-10,72.62,Paid,5,2025-07-15
704886,900761,19,2025-07-12,55.74,Paid,2,2025-07-14
704887,908621,207,2025-07-10,69.53,Paid,26,2025-08-05
704888,915601,390,2025-07-11,55.01,Paid,8,2025-07-19
704889,904703,120,2025-07-11,80.94,Paid,10,2025-07-21
704890,910069,246,2025-07-11,65.93,Paid,24,2025-08-04
704891,911891,299,2025-07-12,61.92,Paid,12,2025-07-24
704892,912535,317,2025-07-11,78.93,Paid,5,2025-07-16
704893,911411,286,2025-07-12,64.14,Paid,12,2025-07-24
704894,908432,204,2025-07-12,59.38,Paid,12,2025-07-24
704895,914317,361,2025-07-11,56.54,Paid,10,2025-07-21
704896,906577,167,2025-07-12,57.55,Paid,25,2025-08-06
704897,908837,212,2025-07-12,66.64,Paid,12,2025-07-24
704898,914251,359,2025-07-12,75.53,Paid,3,2025-07-15
704899,916014,399,2025-07-10,61.8,Paid,10,2025-07-20
704900,900400,11,2025-07-11,56.1,Paid,0,2025-07-11
704901,900295,9,2025-07-13,62.96,Paid,4,2025-07-17
704902,912014,303,2025-07-12,82.02,Paid,22,2025-08-03
704903,907421,184,2025-07-12,71.78,Paid,3,2025-07-15
704904,910868,268,2025-07-13,61.94,Paid,15,2025-07-28
704905,913769,349,2025-07-11,118.31,Paid,5,2025-07-16
704906,902534,61,2025-07-12,66.67,Paid,18,2025-07-30
704907,910387,252,2025-07-13,61.83,Paid,0,2025-07-13
704908,904289,110,2025-07-12,73.6,Paid,26,2025-08-07
704909,901041,28,2025-07-12,59.48,Paid,1,2025-07-13
704910,906738,171,2025-07-13,77.68,Paid,6,2025-07-19
704911,903308,85,2025-07-12,80.35,Paid,3,2025-07-15
704912,905137,132,2025-07-12,65.31,Paid,5,2025-07-17
704913,908778,211,2025-07-13,69.78,Paid,32,2025-08-14
704914,907686,190,2025-07-11,98.3,Paid,34,2025-08-14
704915,914806,373,2025-07-11,56.09,Paid,17,2025-07-28
704916,910321,251,2025-07-13,54.49,Paid,0,2025-07-13
704917,915711,393,2025-07-12,80.12,Paid,12,2025-07-24
704918,917780,401,2025-07-12,3576.35,Paid,6,2025-07-18
704919,915052,378,2025-07-12,116.13,Paid,2,2025-07-14
704920,910934,269,2025-07-12,55.68,Paid,0,2025-07-12
704921,916875,420,2025-07-13,83.84,Paid,20,2025-08-02
704922,909389,228,2025-07-13,82.16,Paid,0,2025-07-13
704923,903545,92,2025-07-12,79.89,Paid,0,2025-07-12
704924,916566,413,2025-07-11,83.61,Paid,0,2025-07-11
704925,911683,293,2025-07-13,52.9,Paid,8,2025-07-21
704926,903499,88,2025-07-12,70.67,Paid,15,2025-07-27
704927,902855,70,2025-07-13,65.97,Paid,27,2025-08-09
704928,913227,336,2025-07-11,84.49,Paid,16,2025-07-27
704929,914184,357,2025-07-12,77.55,Paid,22,2025-08-03
704930,900213,6,2025-07-11,58.56,Paid,4,2025-07-15
704931,914941,376,2025-07-13,76.98,Paid,9,2025-07-22
704932,902618,64,2025-07-13,75.16,Paid,0,2025-07-13
704933,909116,221,2025-07-12,116.86,Paid,14,2025-07-26
704934,901107,29,2025-07-12,90.6,Paid,23,2025-08-04
704935,907752,191,2025-07-12,117.49,Paid,14,2025-07-26
704936,906031,152,2025-07-12,55.78,Paid,5,2025-07-17
704937,903715,97,2025-07-13,80.68,Paid,0,2025-07-13
704938,900702,18,2025-07-13,54.5,Paid,2,2025-07-15
704939,905794,147,2025-07-13,56.44,Paid,6,2025-07-19
704940,900250,7,2025-07-11,51.06,Paid,5,2025-07-16
704941,912125,306,2025-07-11,60.79,Paid,0,2025-07-11
704942,907187,180,2025-07-11,80.15,Paid,8,2025-07-19
704943,908282,200,2025-07-13,68.15,Paid,21,2025-08-03
704944,901381,35,2025-07-12,55.35,Paid,8,2025-07-20
704945,909870,238,2025-07-11,54.28,Paid,0,2025-07-11
704946,902098,51,2025-07-11,67.24,Paid,31,2025-08-11
704947,901588,39,2025-07-13,57.24,Paid,9,2025-07-22
704948,914903,375,2025-07-12,61.03,Paid,0,2025-07-12
704949,913495,342,2025-07-14,54.01,Paid,13,2025-07-27
704950,900571,15,2025-07-13,60.77,Paid,0,2025-07-13
704951,915778,394,2025-07-12,70.31,Paid,13,2025-07-25
704952,905258,137,2025-07-12,82.65,Paid,6,2025-07-18
704953,906679,170,2025-07-14,84.25,Paid,0,2025-07-14
704954,913702,348,2025-07-12,50.83,Paid,0,2025-07-12
704955,911199,280,2025-07-13,58.25,Paid,3,2025-07-16
704956,905099,129,2025-07-12,80.15,Paid,3,2025-07-15
704957,907488,186,2025-07-13,60.35,Paid,3,2025-07-16
704958,906466,165,2025-07-12,52.24,Paid,14,2025-07-26
704959,902053,48,2025-07-14,58.94,Paid,2,2025-07-16
704960,914684,370,2025-07-12,84.69,Paid,6,2025-07-18
704961,900466,13,2025-07-12,52.5,Paid,15,2025-07-27
704962,906822,173,2025-07-12,86.48,Paid,9,2025-07-21
704963,903782,98,2025-07-14,63.32,Paid,0,2025-07-14
704964,901692,41,2025-07-12,56.07,Paid,0,2025-07-12
704965,910661,261,2025-07-13,58.13,Paid,5,2025-07-18
704966,916462,411,2025-07-12,112.1,Paid,0,2025-07-12
704967,913294,339,2025-07-13,56.49,Paid,17,2025-07-30
704968,910254,250,2025-07-14,72.69,Paid,6,2025-07-20
704969,907894,194,2025-07-14,51.55,Paid,19,2025-08-02
704970,903166,81,2025-07-13,90.09,Paid,33,2025-08-15
704971,901994,47,2025-07-12,57.79,Paid,6,2025-07-18
704972,914117,356,2025-07-12,81.06,Paid,7,2025-07-19
704973,917799,411,2025-07-12,7633.0,Paid,3,2025-07-15
704974,905363,139,2025-07-13,58.51,Paid,0,2025-07-13
704975,902165,52,2025-07-13,120.51,Paid,4,2025-07-17
704976,904555,116,2025-07-14,59.52,Paid,6,2025-07-20
704977,912955,330,2025-07-13,58.61,Paid,1,2025-07-14
704978,914420,363,2025-07-13,57.95,Paid,6,2025-07-19
704979,911302,282,2025-07-14,126.29,Paid,0,2025-07-14
704980,911469,287,2025-07-14,61.13,Paid,0,2025-07-14
704981,908733,210,2025-07-15,62.28,Paid,7,2025-07-22
704982,916360,409,2025-07-15,81.64,Paid,12,2025-07-27
704983,905213,135,2025-07-14,57.7,Paid,0,2025-07-14
704984,901929,45,2025-07-14,57.6,Paid,14,2025-07-28
704985,907084,178,2025-07-14,58.74,Paid,19,2025-08-02
704986,904659,119,2025-07-13,58.44,Paid,9,2025-07-22
704987,903944,102,2025-07-15,66.9,Paid,14,2025-07-29
704988,912720,323,2025-07-13,60.32,Paid,23,2025-08-05
704989,912617,320,2025-07-15,79.82,Paid,10,2025-07-25
704990,914034,354,2025-07-15,55.23,Paid,6,2025-07-21
704991,916670,416,2025-07-15,75.82,Paid,18,2025-08-02
704992,906888,175,2025-07-14,91.08,Paid,34,2025-08-17
704993,913976,353,2025-07-15,53.99,Paid,0,2025-07-15
704994,911346,283,2025-07-15,109.06,Paid,0,2025-07-15
704995,917400,221,2025-07-15,6484.76,Paid,7,2025-07-22
704996,909183,222,2025-07-13,79.37,Paid,4,2025-07-17
704997,908224,199,2025-07-15,86.57,Paid,15,2025-07-30
704998,901447,36,2025-07-13,83.2,Paid,0,2025-07-13
704999,902439,58,2025-07-15,66.9,Paid,13,2025-07-28
705000,913021,331,2025-07-15,56.75,Paid,11,2025-07-26
705001,905626,144,2025-07-15,58.16,Paid,0,2025-07-15
705002,903612,95,2025-07-15,99.24,Paid,18,2025-08-02
705003,905729,146,2025-07-13,58.88,Paid,1,2025-07-14
705004,909324,227,2025-07-13,54.64,Paid,18,2025-07-31
705005,905561,143,2025-07-14,57.52,Paid,6,2025-07-20
705006,907319,182,2025-07-14,56.37,Paid,0,2025-07-14
705007,916418,410,2025-07-15,85.42,Paid,22,2025-08-06
705008,911244,281,2025-07-13,60.52,Paid,7,2025-07-20
705009,912307,312,2025-07-15,135.55,Paid,20,2025-08-04
705010,908563,206,2025-07-15,57.87,Paid,0,2025-07-15
705011,913428,341,2025-07-16,53.62,Paid,10,2025-07-26
705012,904356,111,2025-07-14,60.3,Paid,0,2025-07-14
705013,911845,298,2025-07-15,58.23,Paid,0,2025-07-15
705014,902723,66,2025-07-15,78.16,Paid,12,2025-07-27
705015,914723,371,2025-07-14,59.53,Paid,0,2025-07-14
705016,909673,234,2025-07-15,58.79,Paid,10,2025-07-25
705017,900865,22,2025-07-14,72.96,Paid,21,2025-08-04
705018,917106,79,2025-07-16,567.1,Paid,20,2025-08-05
705019,901864,44,2025-07-16,58.6,Paid,0,2025-07-16
705020,912824,328,2025-07-14,71.61,Paid,32,2025-08-15
705021,910454,254,2025-07-15,70.99,Paid,23,2025-08-07
705022,902233,53,2025-07-16,90.75,Paid,14,2025-07-30
705023,901798,43,2025-07-14,56.93,Paid,4,2025-07-18
705024,917417,230,2025-07-14,855.59,Paid,8,2025-07-22
705025,900806,21,2025-07-16,95.52,Paid,28,2025-08-13
705026,913637,347,2025-07-16,62.34,Paid,10,2025-07-26
705027,913362,340,2025-07-14,65.21,Paid,21,2025-08-04
705028,906069,153,2025-07-16,72.57,Paid,7,2025-07-23
705029,906362,163,2025-07-14,84.55,Paid,0,2025-07-14
705030,911617,290,2025-07-15,55.88,Paid,2,2025-07-17
705031,904845,123,2025-07-14,51.5,Paid,5,2025-07-19
705032,908158,198,2025-07-15,119.66,Paid,12,2025-07-27
705033,903989,103,2025-07-14,75.83,Paid,2,2025-07-16
705034,902573,62,2025-07-14,73.05,Paid,25,2025-08-08
705035,901648,40,2025-07-16,58.53,Paid,6,2025-07-22
705036,907961,195,2025-07-16,53.55,Paid,6,2025-07-22
705037,915119,379,2025-07-16,64.88,Paid,0,2025-07-16
705038,916295,408,2025-07-16,55.89,Paid,10,2025-07-26
705039,903375,86,2025-07-14,60.86,Paid,21,2025-08-04
705040,907621,188,2025-07-15,66.63,Paid,13,2025-07-28
705041,900910,25,2025-07-14,82.25,Paid,0,2025-07-14
705042,902395,57,2025-07-14,70.86,Paid,34,2025-08-17
705043,905994,151,2025-07-15,59.56,Paid,13,2025-07-28
705044,911002,270,2025-07-16,57.31,Paid,12,2025-07-28
705045,906954,176,2025-07-16,73.89,Paid,8,2025-07-24
705046,904498,115,2025-07-17,70.54,Paid,16,2025-08-02
705047,900355,10,2025-07-17,60.45,Paid,0,2025-07-17
705048,908499,205,2025-07-16,77.37,Paid,9,2025-07-25
705049,915543,389,2025-07-16,62.32,Paid,0,2025-07-16
705050,901506,37,2025-07-17,62.63,Paid,13,2025-07-30
705051,914987,377,2025-07-17,76.9,Paid,8,2025-07-25
705052,906513,166,2025-07-15,57.64,Paid,1,2025-07-16
705053,903887,100,2025-07-17,112.65,Paid,0,2025-07-17
705054,909052,219,2025-07-17,67.37,Paid,27,2025-08-13
705055,909973,242,2025-07-15,73.32,Paid,13,2025-07-28
705056,908366,203,2025-07-17,77.36,Paid,0,2025-07-17
705057,915912,397,2025-07-16,60.21,Paid,5,2025-07-21
705058,914072,355,2025-07-15,51.44,Paid,11,2025-07-26
705059,916192,404,2025-07-15,60.59,Paid,0,2025-07-15
705060,916250,406,2025-07-16,60.09,Paid,20,2025-08-05
705061,904121,105,2025-07-15,55.51,Paid,0,2025-07-15
705062,915845,395,2025-07-15,58.66,Paid,0,2025-07-15
705063,905430,140,2025-07-15,54.95,Paid,21,2025-08-05
705064,914318,361,2025-07-17,62.85,Paid,0,2025-07-17
705065,902922,71,2025-07-16,59.18,Paid,1,2025-07-17
705066,906408,164,2025-07-16,59.04,Paid,15,2025-07-31
705067,908696,209,2025-07-16,61.08,Paid,6,2025-07-22
705068,902790,69,2025-07-16,54.66,Paid,15,2025-07-31
705069,913931,352,2025-07-16,117.84,Paid,0,2025-07-16
705070,916811,419,2025-07-17,84.58,Paid,3,2025-07-20
705071,916766,418,2025-07-16,56.49,Paid,0,2025-07-16
705072,900016,1,2025-07-16,56.48,Paid,12,2025-07-28
705073,904912,124,2025-07-15,78.23,Paid,11,2025-07-26
705074,907556,187,2025-07-15,51.89,Paid,0,2025-07-15
705075,909570,232,2025-07-15,55.19,Paid,0,2025-07-15
705076,909739,235,2025-07-16,57.03,Paid,12,2025-07-28
705077,912779,324,2025-07-16,55.44,Paid,0,2025-07-16
705078,915329,385,2025-07-17,74.29,Paid,14,2025-07-31
705079,903084,77,2025-07-16,60.89,Paid,22,2025-08-07
705080,916110,402,2025-07-18,69.98,Paid,36,2025-08-23
705081,907019,177,2025-07-17,58.45,Paid,14,2025-07-31
705082,905496,142,2025-07-18,57.86,Paid,12,2025-07-30
705083,906191,157,2025-07-18,58.6,Paid,16,2025-08-03
705084,904186,107,2025-07-16,56.56,Paid,14,2025-07-30
705085,915374,386,2025-07-17,62.07,Paid,3,2025-07-20
705086,903026,76,2025-07-18,63.75,Paid,0,2025-07-18
705087,911957,302,2025-07-18,118.89,Paid,1,2025-07-19
705088,911515,288,2025-07-16,55.02,Paid,15,2025-07-31
705089,915646,391,2025-07-18,67.98,Paid,1,2025-07-19
705090,915178,381,2025-07-17,79.33,Paid,0,2025-07-17
705091,904055,104,2025-07-18,58.66,Paid,0,2025-07-18
705092,912185,307,2025-07-18,55.32,Paid,12,2025-07-30
705093,908027,196,2025-07-18,59.84,Paid,1,2025-07-19
705094,908948,215,2025-07-16,125.24,Paid,3,2025-07-19
705095,900074,2,2025-07-16,55.22,Paid,8,2025-07-24
705096,904244,109,2025-07-17,57.81,Paid,5,2025-07-22
705097,906286,159,2025-07-16,92.83,Paid,5,2025-07-21
705098,914647,368,2025-07-16,53.09,Paid,12,2025-07-28
705099,909805,236,2025-07-17,129.11,Paid,0,2025-07-17
705100,901752,42,2025-07-18,68.33,Paid,16,2025-08-03
705101,907753,191,2025-07-17,125.78,Paid,20,2025-08-06
705102,910766,266,2025-07-17,58.09,Paid,12,2025-07-29
705103,903441,87,2025-07-17,57.47,Paid,22,2025-08-08
705104,908882,213,2025-07-18,125.77,Paid,7,2025-07-25
705105,904977,125,2025-07-18,82.11,Paid,2,2025-07-20
705106,907255,181,2025-07-18,55.84,Paid,4,2025-07-22
705107,911743,294,2025-07-16,92.98,Paid,18,2025-08-03
705108,910551,256,2025-07-18,55.95,Paid,7,2025-07-25
705109,905042,126,2025-07-17,78.73,Paid,10,2025-07-27
705110,915440,387,2025-07-16,69.01,Paid,16,2025-08-01
705111,900638,16,2025-07-17,58.49,Paid,0,2025-07-17
705112,910596,259,2025-07-17,121.29,Paid,0,2025-07-17
705113,908433,204,2025-07-18,61.33,Paid,0,2025-07-18
705114,912440,314,2025-07-19,69.09,Paid,20,2025-08-08
705115,911892,299,2025-07-19,56.3,Paid,6,2025-07-25
705116,904602,118,2025-07-17,57.13,Paid,0,2025-07-17
705117,901213,31,2025-07-19,120.08,Paid,23,2025-08-11
705118,911788,295,2025-07-17,70.2,Paid,27,2025-08-13
705119,904453,114,2025-07-18,69.86,Paid,23,2025-08-10
705120,908092,197,2025-07-17,78.16,Paid,0,2025-07-17
705121,900977,27,2025-07-19,76.27,Paid,16,2025-08-04
705122,911412,286,2025-07-18,58.23,Paid,14,2025-08-01
705123,900401,11,2025-07-18,58.37,Paid,8,2025-07-26
705124,912891,329,2025-07-17,61.52,Paid,14,2025-07-31
705125,910152,248,2025-07-18,114.28,Paid,0,2025-07-18
705126,912060,304,2025-07-17,101.02,Paid,27,2025-08-13
705127,912374,313,2025-07-18,122.2,Paid,12,2025-07-30
705128,905861,148,2025-07-18,59.53,Paid,18,2025-08-05
705129,907143,179,2025-07-19,92.53,Paid,33,2025-08-21
705130,900156,4,2025-07-18,78.7,Paid,0,2025-07-18
705131,910513,255,2025-07-19,57.84,Paid,1,2025-07-20
705132,912498,316,2025-07-17,110.08,Paid,15,2025-08-01
705133,905176,133,2025-07-17,58.92,Paid,10,2025-07-27
705134,911142,279,2025-07-18,62.0,Paid,10,2025-07-28
705135,906777,172,2025-07-17,57.76,Paid,6,2025-07-23
705136,914487,365,2025-07-17,55.26,Paid,0,2025-07-17
705137,909487,230,2025-07-17,115.34,Paid,31,2025-08-17
705138,914252,359,2025-07-18,87.28,Paid,3,2025-07-21
705139,909280,226,2025-07-19,74.37,Paid,8,2025-07-27
705140,917209,129,2025-07-19,559.19,Paid,0,2025-07-19
705141,906578,167,2025-07-17,59.65,Paid,0,2025-07-17
705142,902337,55,2025-07-17,94.79,Paid,24,2025-08-10
705143,914589,367,2025-07-17,59.92,Paid,19,2025-08-05
705144,913873,351,2025-07-18,56.47,Paid,0,2025-07-18
705145,904704,120,2025-07-17,75.0,Paid,0,2025-07-17
705146,916015,399,2025-07-18,57.84,Paid,0,2025-07-18
705147,904762,121,2025-07-17,70.19,Paid,15,2025-08-01
705148,910869,268,2025-07-20,60.82,Paid,15,2025-08-04
705149,908321,201,2025-07-19,59.9,Paid,9,2025-07-28
705150,900703,18,2025-07-20,56.44,Paid,9,2025-07-29
705151,908779,211,2025-07-19,62.15,Paid,21,2025-08-09
705152,917101,78,2025-07-20,678.36,Paid,29,2025-08-18
705153,910388,252,2025-07-18,59.03,Paid,0,2025-07-18
705154,904290,110,2025-07-20,70.42,Paid,8,2025-07-28
705155,913087,333,2025-07-20,78.08,Paid,4,2025-07-24
705156,901271,32,2025-07-19,60.63,Paid,12,2025-07-31
705157,903546,92,2025-07-20,78.86,Paid,11,2025-07-31
705158,907422,184,2025-07-18,78.38,Paid,0,2025-07-18
705159,910322,251,2025-07-18,58.63,Paid,5,2025-07-23
705160,902856,70,2025-07-18,70.38,Paid,4,2025-07-22
705161,912126,306,2025-07-19,56.52,Paid,5,2025-07-24
705162,901108,29,2025-07-18,91.01,Paid,33,2025-08-20
705163,909117,221,2025-07-20,124.86,Paid,16,2025-08-05
705164,904800,122,2025-07-20,94.16,Paid,15,2025-08-04
705165,913228,336,2025-07-19,82.63,Paid,0,2025-07-19
705166,901382,35,2025-07-19,60.01,Paid,13,2025-08-01
705167,909390,228,2025-07-20,82.14,Paid,12,2025-08-01
705168,902619,64,2025-07-20,85.32,Paid,14,2025-08-03
705169,909871,238,2025-07-20,59.66,Paid,16,2025-08-05
705170,901589,39,2025-07-20,56.35,Paid,0,2025-07-20
705171,903716,97,2025-07-19,75.41,Paid,0,2025-07-19
705172,907188,180,2025-07-20,81.95,Paid,24,2025-08-13
705173,917357,197,2025-07-19,3746.85,Paid,8,2025-07-27
705174,911684,293,2025-07-19,60.15,Paid,11,2025-07-30
705175,916876,420,2025-07-18,79.24,Paid,0,2025-07-18
705176,901316,34,2025-07-20,64.04,Paid,15,2025-08-04
705177,914185,357,2025-07-19,77.09,Paid,5,2025-07-24
705178,907687,190,2025-07-18,92.97,Paid,23,2025-08-10
705179,914761,372,2025-07-18,114.7,Paid,7,2025-07-25
705180,903226,83,2025-07-18,57.71,Paid,7,2025-07-25
705181,900296,9,2025-07-18,54.01,Paid,11,2025-07-29
705182,906324,161,2025-07-19,61.66,Paid,6,2025-07-25
705183,900572,15,2025-07-20,57.9,Paid,3,2025-07-23
705184,916463,411,2025-07-21,125.3,Paid,0,2025-07-21
705185,906823,173,2025-07-21,82.0,Paid,3,2025-07-24
705186,903783,98,2025-07-21,56.58,Paid,6,2025-07-27
705187,914807,373,2025-07-21,57.14,Paid,3,2025-07-24
705188,910032,245,2025-07-19,74.24,Paid,1,2025-07-20
705189,900467,13,2025-07-21,55.38,Paid,13,2025-08-03
705190,909525,231,2025-07-19,75.59,Paid,15,2025-08-03
705191,912261,309,2025-07-21,58.78,Paid,12,2025-08-02
705192,903264,84,2025-07-21,55.59,Paid,0,2025-07-21
705193,906680,170,2025-07-19,79.54,Paid,10,2025-07-29
705194,901544,38,2025-07-19,54.14,Paid,0,2025-07-19
705195,910662,261,2025-07-20,59.31,Paid,0,2025-07-20
705196,913770,349,2025-07-20,113.16,Paid,0,2025-07-20
705197,910935,269,2025-07-21,54.11,Paid,16,2025-08-06
705198,902166,52,2025-07-21,126.01,Paid,0,2025-07-21
705199,907489,186,2025-07-20,59.28,Paid,0,2025-07-20
705200,903309,85,2025-07-20,73.72,Paid,7,2025-07-27
705201,915779,394,2025-07-21,69.11,Paid,21,2025-08-11
705202,910107,247,2025-07-20,65.92,Paid,21,2025-08-10
705203,913703,348,2025-07-19,58.93,Paid,0,2025-07-19
705204,907895,194,2025-07-21,58.69,Paid,14,2025-08-04
705205,908659,208,2025-07-20,104.96,Paid,4,2025-07-24
705206,905795,147,2025-07-20,60.67,Paid,0,2025-07-20
705207,901042,28,2025-07-21,58.89,Paid,9,2025-07-30
705208,916522,412,2025-07-20,83.78,Paid,9,2025-07-29
705209,910721,262,2025-07-19,68.92,Paid,16,2025-08-04
705210,913429,341,2025-07-19,58.48,Paid,2,2025-07-21
705211,913496,342,2025-07-21,59.83,Paid,6,2025-07-27
705212,916567,413,2025-07-19,77.0,Paid,7,2025-07-26
705213,914118,356,2025-07-19,80.79,Paid,3,2025-07-22
705214,910255,250,2025-07-19,71.44,Paid,8,2025-07-27
705215,914376,362,2025-07-20,57.09,Paid,17,2025-08-06
705216,906889,175,2025-07-21,89.44,Paid,19,2025-08-09
705217,913022,331,2025-07-20,56.4,Paid,5,2025-07-25
705218,912676,322,2025-07-21,119.63,Paid,0,2025-07-21
705219,915712,393,2025-07-21,78.11,Paid,13,2025-08-03
705220,915053,378,2025-07-20,119.49,Paid,2,2025-07-22
705221,905431,140,2025-07-21,54.08,Paid,13,2025-08-03
705222,906107,155,2025-07-20,55.94,Paid,4,2025-07-24
705223,916671,416,2025-07-20,79.89,Paid,10,2025-07-30
705224,901693,41,2025-07-21,53.14,Paid,0,2025-07-21
705225,909974,242,2025-07-20,75.28,Paid,5,2025-07-25
705226,909449,229,2025-07-22,56.56,Paid,26,2025-08-17
705227,903167,81,2025-07-20,94.63,Paid,20,2025-08-09
705228,903613,95,2025-07-21,91.74,Paid,15,2025-08-05
705229,915291,384,2025-07-22,70.06,Paid,21,2025-08-12
705230,902678,65,2025-07-21,56.99,Paid,2,2025-07-23
705231,908367,203,2025-07-20,80.49,Paid,8,2025-07-28
705232,901448,36,2025-07-21,77.2,Paid,1,2025-07-22
705233,909628,233,2025-07-21,77.68,Paid,18,2025-08-08
705234,913977,353,2025-07-22,57.01,Paid,0,2025-07-22
705235,912223,308,2025-07-20,60.89,Paid,8,2025-07-28
705236,901995,47,2025-07-22,56.66,Paid,10,2025-08-01
705237,909325,227,2025-07-22,50.91,Paid,11,2025-08-02
705238,910210,249,2025-07-20,90.29,Paid,15,2025-08-04
705239,908564,206,2025-07-21,56.01,Paid,7,2025-07-28
705240,908225,199,2025-07-22,79.65,Paid,4,2025-07-26
705241,907320,182,2025-07-22,57.28,Paid,12,2025-08-03
705242,902099,51,2025-07-22,70.69,Paid,27,2025-08-18
705243,915846,395,2025-07-21,51.57,Paid,4,2025-07-25
705244,907811,192,2025-07-20,118.66,Paid,0,2025-07-20
705245,912618,320,2025-07-21,77.13,Paid,0,2025-07-21
705246,905562,143,2025-07-21,57.22,Paid,8,2025-07-29
705247,915970,398,2025-07-21,73.32,Paid,24,2025-08-14
705248,902440,58,2025-07-22,62.86,Paid,15,2025-08-06
705249,905627,144,2025-07-20,56.77,Paid,5,2025-07-25
705250,912721,323,2025-07-21,66.9,Paid,18,2025-08-08
705251,901930,45,2025-07-20,56.36,Paid,5,2025-07-25
705252,916361,409,2025-07-20,79.67,Paid,12,2025-08-01
705253,907085,178,2025-07-20,61.73,Paid,23,2025-08-12
705254,907962,195,2025-07-23,57.92,Paid,2,2025-07-25
705255,901167,30,2025-07-21,59.06,Paid,19,2025-08-09
705256,909242,225,2025-07-22,56.95,Paid,14,2025-08-05
705257,904846,123,2025-07-21,64.7,Paid,10,2025-07-31
705258,905364,139,2025-07-21,56.4,Paid,4,2025-07-25
705259,901799,43,2025-07-22,54.82,Paid,22,2025-08-13
705260,911347,283,2025-07-21,113.76,Paid,4,2025-07-25
705261,907849,193,2025-07-23,59.36,Paid,5,2025-07-28
705262,904357,111,2025-07-21,59.51,Paid,13,2025-08-03
705263,905318,138,2025-07-22,55.86,Paid,0,2025-07-22
705264,904415,113,2025-07-23,57.44,Paid,12,2025-08-04
705265,901865,44,2025-07-23,54.3,Paid,10,2025-08-02
705266,900807,21,2025-07-21,102.44,Paid,20,2025-08-10
705267,902234,53,2025-07-23,90.8,Paid,13,2025-08-05
705268,913145,334,2025-07-22,57.76,Paid,11,2025-08-02
705269,912956,330,2025-07-21,61.95,Paid,15,2025-08-05
705270,911618,290,2025-07-21,59.08,Paid,0,2025-07-21
705271,913592,345,2025-07-23,60.35,Paid,3,2025-07-26
705272,913638,347,2025-07-21,59.31,Paid,8,2025-07-29
705273,909184,222,2025-07-23,80.48,Paid,4,2025-07-27
705274,910455,254,2025-07-21,63.0,Paid,7,2025-07-28
705275,917518,280,2025-07-23,3437.01,Paid,6,2025-07-29
705276,908159,198,2025-07-22,125.92,Paid,4,2025-07-26
705277,902724,66,2025-07-22,88.51,Paid,1,2025-07-23
705278,914421,363,2025-07-22,59.39,Paid,8,2025-07-30
705279,902980,72,2025-07-23,84.58,Paid,5,2025-07-28
705280,915544,389,2025-07-23,58.45,Paid,0,2025-07-23
705281,903990,103,2025-07-21,91.4,Paid,5,2025-07-26
705282,915120,379,2025-07-22,59.01,Paid,19,2025-08-10
705283,900526,14,2025-07-22,69.6,Paid,37,2025-08-28
705284,905919,149,2025-07-21,54.46,Paid,12,2025-08-02
705285,903442,87,2025-07-23,55.99,Paid,15,2025-08-07
705286,912308,312,2025-07-23,139.31,Paid,27,2025-08-19
705287,913363,340,2025-07-21,70.46,Paid,16,2025-08-06
705288,917048,57,2025-07-23,2780.68,Paid,32,2025-08-24
705289,913295,339,2025-07-21,57.66,Paid,8,2025-07-29
705290,905259,137,2025-07-22,85.51,Paid,12,2025-08-03
705291,909053,219,2025-07-22,74.05,Paid,23,2025-08-14
705292,915913,397,2025-07-23,55.75,Paid,4,2025-07-27
705293,914319,361,2025-07-23,54.95,Paid,13,2025-08-05
705294,915216,382,2025-07-22,64.7,Paid,25,2025-08-16
705295,913555,343,2025-07-24,76.38,Paid,0,2025-07-24
705296,903671,96,2025-07-24,57.17,Paid,8,2025-08-01
705297,902923,71,2025-07-24,61.16,Paid,15,2025-08-08
705298,914988,377,2025-07-23,80.87,Paid,2,2025-07-25
705299,914545,366,2025-07-22,75.16,Paid,7,2025-07-29
705300,909674,234,2025-07-22,54.35,Paid,5,2025-07-27
705301,904499,115,2025-07-24,69.05,Paid,11,2025-08-04
705302,911245,281,2025-07-22,54.8,Paid,9,2025-07-31
705303,902498,60,2025-07-22,54.16,Paid,0,2025-07-22
705304,904913,124,2025-07-24,85.0,Paid,22,2025-08-15
705305,906145,156,2025-07-24,64.35,Paid,0,2025-07-24
705306,912825,328,2025-07-23,63.73,Paid,21,2025-08-13
705307,917578,308,2025-07-22,391.17,Paid,11,2025-08-02
705308,904122,105,2025-07-23,56.26,Paid,11,2025-08-03
705309,909740,235,2025-07-23,59.02,Paid,1,2025-07-24
705310,909006,216,2025-07-24,60.93,Paid,8,2025-08-01
705311,916193,404,2025-07-24,55.85,Paid,9,2025-08-02
705312,905730,146,2025-07-23,57.84,Paid,0,2025-07-23
705313,916626,414,2025-07-22,58.36,Paid,26,2025-08-17
705314,913183,335,2025-07-23,57.61,Paid,13,2025-08-05
705315,903376,86,2025-07-23,60.15,Paid,0,2025-07-23
705316,900017,1,2025-07-22,61.75,Paid,0,2025-07-22
705317,906514,166,2025-07-23,56.29,Paid,6,2025-07-29
705318,902791,69,2025-07-22,61.06,Paid,16,2025-08-07
705319,905497,142,2025-07-23,51.29,Paid,0,2025-07-23
705320,911060,274,2025-07-22,84.77,Paid,7,2025-07-29
705321,914866,374,2025-07-23,82.12,Paid,11,2025-08-03
705322,909571,232,2025-07-22,54.9,Paid,2,2025-07-24
705323,909930,241,2025-07-24,61.2,Paid,0,2025-07-24
705324,903888,100,2025-07-25,122.61,Paid,12,2025-08-06
705325,909806,236,2025-07-24,118.87,Paid,10,2025-08-03
705326,916148,403,2025-07-25,75.21,Paid,10,2025-08-04
705327,901317,34,2025-07-23,69.65,Paid,22,2025-08-14
705328,915254,383,2025-07-25,51.24,Paid,2,2025-07-27
705329,908500,205,2025-07-25,75.89,Paid,10,2025-08-04
705330,905957,150,2025-07-24,54.9,Paid,8,2025-08-01
705331,907020,177,2025-07-24,57.66,Paid,3,2025-07-27
705332,900112,3,2025-07-24,81.65,Paid,13,2025-08-06
705333,915375,386,2025-07-25,58.79,Paid,1,2025-07-26
705334,905685,145,2025-07-25,122.76,Paid,5,2025-07-30
705335,906032,152,2025-07-25,57.68,Paid,11,2025-08-05
705336,903027,76,2025-07-23,61.77,Paid,6,2025-07-29
705337,911958,302,2025-07-25,115.35,Paid,19,2025-08-13
705338,907622,188,2025-07-23,72.76,Paid,11,2025-08-03
705339,900214,6,2025-07-25,55.68,Paid,0,2025-07-25
705340,906955,176,2025-07-24,80.1,Paid,1,2025-07-25
705341,907256,181,2025-07-23,51.32,Paid,8,2025-07-31
705342,908028,196,2025-07-23,51.69,Paid,10,2025-08-02
705343,911097,275,2025-07-25,58.4,Paid,11,2025-08-05
705344,916073,401,2025-07-24,58.57,Paid,0,2025-07-24
705345,917385,211,2025-07-24,3143.06,Paid,20,2025-08-13
705346,907754,191,2025-07-25,116.82,Paid,3,2025-07-28
705347,910767,266,2025-07-23,57.93,Paid,0,2025-07-23
705348,915441,387,2025-07-24,67.03,Paid,18,2025-08-11
705349,905043,126,2025-07-23,75.54,Paid,6,2025-07-29
705350,907557,187,2025-07-25,57.09,Paid,2,2025-07-27
705351,910597,259,2025-07-23,112.66,Paid,18,2025-08-10
705352,906192,157,2025-07-23,55.37,Paid,8,2025-07-31
705353,900639,16,2025-07-24,62.08,Paid,2,2025-07-26
705354,904056,104,2025-07-24,57.02,Paid,0,2025-07-24
705355,911516,288,2025-07-24,57.8,Paid,6,2025-07-30
705356,902292,54,2025-07-24,58.16,Paid,0,2025-07-24
705357,908949,215,2025-07-24,113.08,Paid,21,2025-08-14
705358,907378,183,2025-07-24,72.96,Paid,16,2025-08-09
705359,903842,99,2025-07-25,80.6,Paid,4,2025-07-29
705360,913088,333,2025-07-23,75.77,Paid,27,2025-08-19
705361,916296,408,2025-07-23,57.77,Paid,9,2025-08-01
705362,908883,213,2025-07-24,112.86,Paid,6,2025-07-30
705363,917130,95,2025-07-25,6073.87,Paid,39,2025-09-02
705364,915647,391,2025-07-25,72.07,Paid,19,2025-08-13
705365,903122,79,2025-07-24,58.1,Paid,2,2025-07-26
705366,904978,125,2025-07-23,73.37,Paid,0,2025-07-23
705367,900911,25,2025-07-23,81.92,Paid,6,2025-07-29
705368,906409,164,2025-07-25,58.99,Paid,6,2025-07-31
705369,906636,169,2025-07-26,67.45,Paid,13,2025-08-08
705370,905862,148,2025-07-26,54.35,Paid,0,2025-07-26
705371,910824,267,2025-07-25,123.27,Paid,5,2025-07-30
705372,912892,329,2025-07-24,69.43,Paid,29,2025-08-22
705373,917709,372,2025-07-26,1199.67,Paid,18,2025-08-13
705374,900762,19,2025-07-25,57.45,Paid,14,2025-08-08
705375,915602,390,2025-07-26,59.23,Paid,18,2025-08-13
705376,916016,399,2025-07-25,55.34,Paid,15,2025-08-09
705377,906249,158,2025-07-24,68.1,Paid,32,2025-08-25
705378,917576,308,2025-07-25,2995.73,Paid,5,2025-07-30
705379,912536,317,2025-07-26,80.92,Paid,15,2025-08-10
705380,917462,251,2025-07-26,2668.34,Paid,9,2025-08-04
705381,914590,367,2025-07-26,61.32,Paid,11,2025-08-06
705382,901214,31,2025-07-26,119.83,Paid,0,2025-07-26
705383,913829,350,2025-07-26,63.51,Paid,15,2025-08-10
705384,908093,197,2025-07-25,68.94,Paid,16,2025-08-10
705385,914488,365,2025-07-24,55.94,Paid,0,2025-07-24
705386,908434,204,2025-07-24,55.44,Paid,16,2025-08-09
705387,904187,107,2025-07-26,59.14,Paid,5,2025-07-31
705388,912441,314,2025-07-24,64.77,Paid,16,2025-08-09
705389,914253,359,2025-07-25,74.98,Paid,0,2025-07-25
705390,904705,120,2025-07-24,83.99,Paid,17,2025-08-10
705391,911893,299,2025-07-26,51.74,Paid,0,2025-07-26
705392,912573,318,2025-07-24,57.51,Paid,0,2025-07-24
705393,908622,207,2025-07-24,66.32,Paid,15,2025-08-08
705394,900978,27,2025-07-25,76.96,Paid,2,2025-07-27
705395,913874,351,2025-07-24,54.64,Paid,17,2025-08-10
705396,910153,248,2025-07-26,117.21,Paid,15,2025-08-10
705397,910070,246,2025-07-25,68.63,Paid,19,2025-08-13
705398,912375,313,2025-07-24,114.4,Paid,9,2025-08-02
705399,915498,388,2025-07-24,58.5,Paid,7,2025-07-31
705400,911143,279,2025-07-25,55.69,Paid,5,2025-07-30
705401,916812,419,2025-07-24,79.31,Paid,1,2025-07-25
705402,911003,270,2025-07-24,59.19,Paid,17,2025-08-10
705403,900402,11,2025-07-24,59.4,Paid,0,2025-07-24
705404,911573,289,2025-07-25,53.51,Paid,8,2025-08-02
705405,912061,304,2025-07-24,88.36,Paid,24,2025-08-17
705406,902338,55,2025-07-25,92.44,Paid,32,2025-08-26
705407,908838,212,2025-07-26,64.23,Paid,13,2025-08-08
705408,900157,4,2025-07-24,83.03,Paid,0,2025-07-24
705409,911789,295,2025-07-26,64.03,Paid,28,2025-08-23
705410,916729,417,2025-07-25,62.88,Paid,1,2025-07-26
705411,904603,118,2025-07-25,51.61,Paid,17,2025-08-11
705412,911413,286,2025-07-24,60.0,Paid,15,2025-08-08
705413,915713,393,2025-07-27,79.37,Paid,6,2025-08-02
705414,917782,402,2025-07-27,3391.26,Paid,23,2025-08-19
705415,906739,171,2025-07-25,73.67,Paid,24,2025-08-18
705416,903717,97,2025-07-27,82.82,Paid,9,2025-08-05
705417,904291,110,2025-07-27,70.1,Paid,11,2025-08-07
705418,909118,221,2025-07-25,115.7,Paid,3,2025-07-28
705419,910936,269,2025-07-25,60.83,Paid,17,2025-08-11
705420,901590,39,2025-07-27,56.52,Paid,0,2025-07-27
705421,917635,333,2025-07-26,8213.84,Paid,9,2025-08-04
705422,905796,147,2025-07-27,60.1,Paid,11,2025-08-07
705423,916877,420,2025-07-27,79.79,Paid,10,2025-08-06
705424,912015,303,2025-07-27,72.95,Paid,13,2025-08-09
705425,913771,349,2025-07-27,112.52,Paid,8,2025-08-04
705426,902857,70,2025-07-27,65.91,Paid,21,2025-08-17
705427,900297,9,2025-07-26,56.23,Paid,6,2025-08-01
705428,901383,35,2025-07-27,59.9,Paid,18,2025-08-14
705429,911685,293,2025-07-26,60.07,Paid,5,2025-07-31
705430,914808,373,2025-07-27,55.9,Paid,10,2025-08-06
705431,903547,92,2025-07-27,77.0,Paid,12,2025-08-08
705432,908283,200,2025-07-27,68.9,Paid,31,2025-08-27
705433,913229,336,2025-07-26,81.72,Paid,4,2025-07-30
705434,901043,28,2025-07-27,54.45,Paid,3,2025-07-30
705435,907688,190,2025-07-26,84.33,Paid,32,2025-08-27
705436,908780,211,2025-07-25,65.83,Paid,3,2025-07-28
705437,902620,64,2025-07-26,81.24,Paid,5,2025-07-31
705438,902100,51,2025-07-27,69.53,Paid,16,2025-08-12
705439,901109,29,2025-07-27,93.63,Paid,10,2025-08-06
705440,910870,268,2025-07-27,59.54,Paid,6,2025-08-02
705441,903500,88,2025-07-26,60.73,Paid,23,2025-08-18
705442,907189,180,2025-07-27,75.28,Paid,6,2025-08-02
705443,902535,61,2025-07-26,67.17,Paid,25,2025-08-20
705444,917321,176,2025-07-27,584.23,Paid,0,2025-07-27
705445,900251,7,2025-07-26,57.69,Paid,4,2025-07-30
705446,903784,98,2025-07-28,54.56,Paid,0,2025-07-28
705447,913704,348,2025-07-26,54.86,Paid,5,2025-07-31
705448,910663,261,2025-07-26,56.07,Paid,14,2025-08-09
705449,914685,370,2025-07-27,74.32,Paid,14,2025-08-10
705450,906681,170,2025-07-26,83.74,Paid,0,2025-07-26
705451,916464,411,2025-07-27,122.36,Paid,8,2025-08-04
705452,900468,13,2025-07-28,59.95,Paid,0,2025-07-28
705453,911200,280,2025-07-27,57.41,Paid,16,2025-08-12
705454,912957,330,2025-07-28,55.2,Paid,3,2025-07-31
705455,907490,186,2025-07-28,57.71,Paid,7,2025-08-04
705456,901996,47,2025-07-28,58.6,Paid,8,2025-08-05
705457,906824,173,2025-07-28,85.07,Paid,0,2025-07-28
705458,911846,298,2025-07-26,60.0,Paid,10,2025-08-05
705459,907896,194,2025-07-26,50.89,Paid,16,2025-08-11
705460,913296,339,2025-07-26,55.08,Paid,9,2025-08-04
705461,917468,255,2025-07-27,549.79,Paid,7,2025-08-03
705462,905100,129,2025-07-26,86.41,Paid,7,2025-08-02
705463,902054,48,2025-07-26,55.43,Paid,10,2025-08-05
705464,914119,356,2025-07-27,79.36,Paid,0,2025-07-27
705465,905365,139,2025-07-28,57.37,Paid,4,2025-08-01
705466,914186,357,2025-07-27,87.61,Paid,0,2025-07-27
705467,913497,342,2025-07-27,56.42,Paid,0,2025-07-27
705468,903168,81,2025-07-28,97.29,Paid,5,2025-08-02
705469,913430,341,2025-07-28,54.8,Paid,11,2025-08-08
705470,906579,167,2025-07-26,61.45,Paid,7,2025-08-02
705471,902167,52,2025-07-27,106.71,Paid,0,2025-07-27
705472,914904,375,2025-07-28,57.31,Paid,10,2025-08-07
705473,915780,394,2025-07-27,70.86,Paid,29,2025-08-25
705474,900704,18,2025-07-27,54.79,Paid,9,2025-08-05
705475,906467,165,2025-07-28,55.68,Paid,6,2025-08-03
705476,901694,41,2025-07-28,59.91,Paid,11,2025-08-08
705477,903310,85,2025-07-26,76.64,Paid,8,2025-08-03
705478,904556,116,2025-07-28,56.86,Paid,11,2025-08-08
705479,907423,184,2025-07-28,84.57,Paid,0,2025-07-28
705480,910256,250,2025-07-27,81.73,Paid,13,2025-08-09
705481,910323,251,2025-07-27,58.63,Paid,4,2025-07-31
705482,905628,144,2025-07-29,56.56,Paid,6,2025-08-04
705483,908226,199,2025-07-29,79.97,Paid,12,2025-08-10
705484,905432,140,2025-07-27,60.63,Paid,5,2025-08-01
705485,909326,227,2025-07-28,58.77,Paid,10,2025-08-07
705486,917813,419,2025-07-29,902.74,Paid,14,2025-08-12
705487,916362,409,2025-07-28,79.15,Paid,3,2025-07-31
705488,908734,210,2025-07-27,63.52,Paid,20,2025-08-16
705489,909872,238,2025-07-28,62.38,Paid,6,2025-08-03
705490,908565,206,2025-07-28,60.39,Paid,0,2025-07-28
705491,909391,228,2025-07-27,87.79,Paid,0,2025-07-27
705492,916568,413,2025-07-29,74.48,Paid,7,2025-08-05
705493,915054,378,2025-07-28,117.1,Paid,26,2025-08-23
705494,905731,146,2025-07-27,58.85,Paid,0,2025-07-27
705495,913978,353,2025-07-29,55.13,Paid,11,2025-08-09
705496,912619,320,2025-07-29,81.23,Paid,6,2025-08-04
705497,902441,58,2025-07-28,71.99,Paid,20,2025-08-17
705498,914942,376,2025-07-28,82.65,Paid,10,2025-08-07
705499,912722,323,2025-07-29,59.28,Paid,17,2025-08-15
705500,905214,135,2025-07-27,56.38,Paid,6,2025-08-02
705501,914035,354,2025-07-29,58.45,Paid,17,2025-08-15
705502,913023,331,2025-07-27,55.67,Paid,17,2025-08-13
705503,917775,399,2025-07-27,234.66,Paid,12,2025-08-08
705504,909185,222,2025-07-29,81.32,Paid,13,2025-08-11
705505,917159,105,2025-07-29,214.93,Paid,5,2025-08-03
705506,914422,363,2025-07-29,63.78,Paid,8,2025-08-06
705507,903614,95,2025-07-29,101.07,Paid,18,2025-08-16
705508,915847,395,2025-07-29,55.1,Paid,7,2025-08-05
705509,916672,416,2025-07-28,80.59,Paid,6,2025-08-03
705510,908697,209,2025-07-28,59.61,Paid,0,2025-07-28
705511,901449,36,2025-07-28,77.14,Paid,2,2025-07-30
705512,903945,102,2025-07-28,64.89,Paid,17,2025-08-14
705513,911348,283,2025-07-27,116.28,Paid,20,2025-08-16
705514,912127,306,2025-07-29,60.73,Paid,14,2025-08-12
705515,908368,203,2025-07-27,84.77,Paid,0,2025-07-27
705516,901931,45,2025-07-29,60.44,Paid,10,2025-08-08
705517,905138,132,2025-07-29,59.0,Paid,8,2025-08-06
705518,904660,119,2025-07-27,54.24,Paid,12,2025-08-08
705519,911246,281,2025-07-27,55.72,Paid,12,2025-08-08
705520,907321,182,2025-07-27,58.79,Paid,0,2025-07-27
705521,909975,242,2025-07-28,81.46,Paid,5,2025-08-02
705522,910389,252,2025-07-28,56.23,Paid,14,2025-08-11
705523,906890,175,2025-07-28,89.93,Paid,26,2025-08-23
705524,911470,287,2025-07-27,55.49,Paid,0,2025-07-27
705525,916419,410,2025-07-27,96.43,Paid,27,2025-08-23
705526,900573,15,2025-07-27,59.95,Paid,0,2025-07-27
705527,916297,408,2025-07-28,57.42,Paid,2,2025-07-30
705528,902574,62,2025-07-29,81.81,Paid,0,2025-07-29
705529,907623,188,2025-07-28,67.03,Paid,28,2025-08-25
705530,915545,389,2025-07-30,57.89,Paid,0,2025-07-30
705531,907086,178,2025-07-28,54.15,Paid,6,2025-08-03
705532,906410,164,2025-07-30,63.39,Paid,12,2025-08-11
705533,913364,340,2025-07-30,63.72,Paid,24,2025-08-23
705534,911619,290,2025-07-30,52.93,Paid,13,2025-08-12
705535,900912,25,2025-07-28,78.97,Paid,7,2025-08-04
705536,904847,123,2025-07-29,58.13,Paid,10,2025-08-08
705537,903377,86,2025-07-28,57.33,Paid,12,2025-08-09
705538,900866,22,2025-07-30,68.9,Paid,23,2025-08-22
705539,903443,87,2025-07-30,62.19,Paid,5,2025-08-04
705540,908160,198,2025-07-28,117.49,Paid,0,2025-07-28
705541,905563,143,2025-07-28,56.82,Paid,10,2025-08-07
705542,902396,57,2025-07-28,66.32,Paid,15,2025-08-12
705543,902235,53,2025-07-30,94.5,Paid,27,2025-08-26
705544,902725,66,2025-07-29,82.48,Paid,4,2025-08-02
705545,907963,195,2025-07-28,56.65,Paid,0,2025-07-28
705546,905260,137,2025-07-28,76.43,Paid,10,2025-08-07
705547,913639,347,2025-07-28,51.76,Paid,16,2025-08-13
705548,906070,153,2025-07-30,80.42,Paid,0,2025-07-30
705549,901866,44,2025-07-29,57.97,Paid,6,2025-08-04
705550,909675,234,2025-07-28,56.65,Paid,2,2025-07-30
705551,911303,282,2025-07-29,123.54,Paid,6,2025-08-04
705552,901800,43,2025-07-28,58.48,Paid,11,2025-08-08
705553,915179,381,2025-07-28,85.5,Paid,11,2025-08-08
705554,916767,418,2025-07-28,54.59,Paid,13,2025-08-10
705555,900808,21,2025-07-28,99.01,Paid,38,2025-09-04
705556,910456,254,2025-07-28,72.67,Paid,15,2025-08-12
705557,906363,163,2025-07-29,79.17,Paid,0,2025-07-29
705558,905498,142,2025-07-30,56.98,Paid,19,2025-08-18
705559,915121,379,2025-07-29,60.76,Paid,8,2025-08-06
705560,912826,328,2025-07-28,65.27,Paid,38,2025-09-04
705561,912309,312,2025-07-28,146.79,Paid,22,2025-08-19
705562,903991,103,2025-07-29,81.64,Paid,0,2025-07-29
705563,914724,371,2025-07-29,58.43,Paid,0,2025-07-29
705564,902924,71,2025-07-29,57.95,Paid,12,2025-08-10
705565,914320,361,2025-07-31,58.53,Paid,0,2025-07-31
705566,908501,205,2025-07-31,80.16,Paid,8,2025-08-08
705567,909054,219,2025-07-31,66.58,Paid,21,2025-08-21
705568,909572,232,2025-07-30,60.88,Paid,3,2025-08-02
705569,900018,1,2025-07-29,57.67,Paid,0,2025-07-29
705570,914073,355,2025-07-30,56.4,Paid,1,2025-07-31
705571,907558,187,2025-07-29,61.56,Paid,0,2025-07-29
705572,916194,404,2025-07-31,62.79,Paid,2,2025-08-02
705573,902792,69,2025-07-31,57.96,Paid,0,2025-07-31
705574,909741,235,2025-07-30,51.66,Paid,0,2025-07-30
705575,904358,111,2025-07-29,61.21,Paid,10,2025-08-08
705576,914989,377,2025-07-30,77.4,Paid,6,2025-08-05
705577,906956,176,2025-07-30,82.27,Paid,0,2025-07-30
705578,900356,10,2025-07-30,59.62,Paid,10,2025-08-09
705579,904914,124,2025-07-31,78.87,Paid,17,2025-08-17
705580,904500,115,2025-07-30,66.83,Paid,11,2025-08-10
705581,901507,37,2025-07-29,67.07,Paid,24,2025-08-22
705582,903889,100,2025-07-31,119.99,Paid,12,2025-08-12
705583,904123,105,2025-07-30,60.08,Paid,10,2025-08-09
705584,910552,256,2025-07-31,57.01,Paid,23,2025-08-23
705585,906515,166,2025-07-31,56.73,Paid,8,2025-08-08
705586,912893,329,2025-07-31,74.97,Paid,14,2025-08-14
705587,905995,151,2025-07-31,55.4,Paid,13,2025-08-13
705588,915914,397,2025-07-29,58.11,Paid,19,2025-08-17
705589,916251,406,2025-07-31,53.49,Paid,5,2025-08-05
705590,907144,179,2025-07-29,97.17,Paid,23,2025-08-21
705591,916813,419,2025-07-29,77.14,Paid,0,2025-07-29
705592,904188,107,2025-07-30,56.03,Paid,19,2025-08-18
705593,910598,259,2025-07-30,125.12,Paid,5,2025-08-04
705594,906287,159,2025-08-01,100.73,Paid,15,2025-08-16
705595,909807,236,2025-07-31,120.62,Paid,0,2025-07-31
705596,907257,181,2025-07-30,57.57,Paid,8,2025-08-07
705597,916111,402,2025-07-30,70.8,Paid,15,2025-08-14
705598,901649,40,2025-08-01,61.62,Paid,15,2025-08-16
705599,908950,215,2025-08-01,120.68,Paid,13,2025-08-14
705600,915376,386,2025-08-01,60.01,Paid,13,2025-08-14
705601,908029,196,2025-07-31,56.87,Paid,0,2025-07-31
705602,915330,385,2025-07-30,81.65,Paid,0,2025-07-30
705603,904979,125,2025-07-31,75.76,Paid,15,2025-08-15
705604,908884,213,2025-07-30,118.27,Paid,14,2025-08-13
705605,906193,157,2025-07-31,56.28,Paid,12,2025-08-12
705606,905044,126,2025-07-31,84.75,Paid,4,2025-08-04
705607,907021,177,2025-07-31,62.61,Paid,0,2025-07-31
705608,915442,387,2025-07-30,66.96,Paid,18,2025-08-17
705609,911517,288,2025-07-31,58.46,Paid,0,2025-07-31
705610,910768,266,2025-07-31,56.74,Paid,2,2025-08-02
705611,913089,333,2025-07-30,80.9,Paid,13,2025-08-12
705612,901753,42,2025-07-31,74.13,Paid,0,2025-07-31
705613,915648,391,2025-08-01,67.69,Paid,25,2025-08-26
705614,900075,2,2025-07-31,59.14,Paid,0,2025-07-31
705615,904057,104,2025-07-31,56.27,Paid,1,2025-08-01
705616,904245,109,2025-08-01,57.34,Paid,6,2025-08-07
705617,912780,324,2025-07-30,58.69,Paid,6,2025-08-05
705618,914648,368,2025-07-30,55.95,Paid,2,2025-08-01
705619,907755,191,2025-08-01,127.31,Paid,11,2025-08-12
705620,911004,270,2025-07-31,54.71,Paid,0,2025-07-31
705621,911959,302,2025-08-01,124.69,Paid,0,2025-08-01
705622,901318,34,2025-07-31,67.48,Paid,26,2025-08-26
705623,906778,172,2025-08-01,54.92,Paid,10,2025-08-11
705624,903028,76,2025-07-31,50.74,Paid,16,2025-08-16
705625,912186,307,2025-07-31,56.01,Paid,19,2025-08-19
705626,913932,352,2025-08-01,110.79,Paid,0,2025-08-01
705627,900640,16,2025-07-31,55.67,Paid,6,2025-08-06
705628,908435,204,2025-08-01,59.19,Paid,0,2025-08-01
705629,909488,230,2025-08-01,112.57,Paid,10,2025-08-11
705630,911144,279,2025-07-31,57.28,Paid,16,2025-08-16
705631,900403,11,2025-07-31,58.36,Paid,13,2025-08-13
705632,901215,31,2025-08-02,127.85,Paid,8,2025-08-10
705633,909281,226,2025-07-31,84.61,Paid,0,2025-07-31
705634,912499,316,2025-08-01,127.74,Paid,0,2025-08-01
705635,910514,255,2025-08-01,57.51,Paid,11,2025-08-12
705636,916017,399,2025-08-01,56.63,Paid,1,2025-08-02
705637,904763,121,2025-07-31,68.5,Paid,24,2025-08-24
705638,913875,351,2025-07-31,59.88,Paid,12,2025-08-12
705639,906580,167,2025-07-31,54.46,Paid,0,2025-07-31
705640,914489,365,2025-08-02,56.91,Paid,7,2025-08-09
705641,914591,367,2025-08-01,61.35,Paid,8,2025-08-09
705642,900158,4,2025-08-02,78.1,Paid,15,2025-08-17
705643,900979,27,2025-07-31,79.04,Paid,0,2025-07-31
705644,905177,133,2025-08-01,55.68,Paid,8,2025-08-09
705645,911790,295,2025-08-01,70.76,Paid,10,2025-08-11
705646,911894,299,2025-07-31,61.59,Paid,8,2025-08-08
705647,902339,55,2025-07-31,93.56,Paid,16,2025-08-16
705648,912376,313,2025-08-01,124.34,Paid,5,2025-08-06
705649,911414,286,2025-07-31,55.16,Paid,9,2025-08-09
705650,914254,359,2025-07-31,78.92,Paid,6,2025-08-06
705651,917724,378,2025-07-31,5212.13,Paid,5,2025-08-05
705652,910154,248,2025-07-31,119.36,Paid,13,2025-08-13
705653,904604,118,2025-08-01,58.45,Paid,0,2025-08-01
705654,912062,304,2025-07-31,99.06,Paid,13,2025-08-13
705655,905863,148,2025-07-31,57.03,Paid,9,2025-08-09
705656,917666,351,2025-07-31,3049.75,Paid,6,2025-08-06
705657,912442,314,2025-08-02,66.62,Paid,19,2025-08-21
705658,904706,120,2025-08-02,78.15,Paid,10,2025-08-12
705659,908094,197,2025-07-31,75.66,Paid,10,2025-08-10
705660,907424,184,2025-08-01,80.53,Paid,8,2025-08-09
705661,910390,252,2025-08-03,56.14,Paid,14,2025-08-17
705662,902858,70,2025-08-01,70.9,Paid,32,2025-09-02
705663,905797,147,2025-08-03,57.45,Paid,0,2025-08-03
705664,913772,349,2025-08-03,110.18,Paid,21,2025-08-24
705665,901272,32,2025-08-02,63.8,Paid,4,2025-08-06
705666,914809,373,2025-08-03,58.42,Paid,4,2025-08-07
705667,915714,393,2025-08-03,86.35,Paid,17,2025-08-20
705668,911744,294,2025-08-03,95.47,Paid,12,2025-08-15
705669,909392,228,2025-08-02,75.77,Paid,11,2025-08-13
705670,913230,336,2025-08-02,79.35,Paid,0,2025-08-02
705671,912128,306,2025-08-02,54.69,Paid,0,2025-08-02
705672,901110,29,2025-08-01,92.68,Paid,12,2025-08-13
705673,907190,180,2025-08-01,83.87,Paid,1,2025-08-02
705674,908781,211,2025-08-02,73.61,Paid,34,2025-09-05
705675,902101,51,2025-08-01,61.96,Paid,19,2025-08-20
705676,901545,38,2025-08-02,56.53,Paid,1,2025-08-03
705677,903085,77,2025-08-01,70.5,Paid,8,2025-08-09
705678,910324,251,2025-08-01,58.85,Paid,12,2025-08-13
705679,903548,92,2025-08-01,74.31,Paid,4,2025-08-05
705680,909526,231,2025-08-02,77.45,Paid,14,2025-08-16
705681,907689,190,2025-08-01,89.07,Paid,17,2025-08-18
705682,904292,110,2025-08-03,65.37,Paid,12,2025-08-15
705683,901044,28,2025-08-01,53.79,Paid,12,2025-08-13
705684,904454,114,2025-08-02,76.51,Paid,25,2025-08-27
705685,900298,9,2025-08-01,59.36,Paid,11,2025-08-12
705686,903227,83,2025-08-01,56.94,Paid,29,2025-08-30
705687,914762,372,2025-08-02,122.98,Paid,13,2025-08-15
705688,910937,269,2025-08-02,55.31,Paid,8,2025-08-10
705689,900705,18,2025-08-01,53.29,Paid,10,2025-08-11
705690,908660,208,2025-08-01,114.47,Paid,16,2025-08-17
705691,914187,357,2025-08-01,81.9,Paid,13,2025-08-14
705692,915055,378,2025-08-03,110.68,Paid,3,2025-08-06
705693,916878,420,2025-08-02,80.62,Paid,6,2025-08-08
705694,904801,122,2025-08-01,87.98,Paid,14,2025-08-15
705695,916569,413,2025-08-03,84.54,Paid,0,2025-08-03
705696,909873,238,2025-08-01,57.66,Paid,0,2025-08-01
705697,908322,201,2025-08-01,59.09,Paid,2,2025-08-03
705698,901591,39,2025-08-03,58.16,Paid,5,2025-08-08
705699,911686,293,2025-08-02,55.35,Paid,0,2025-08-02
705700,901384,35,2025-08-03,58.58,Paid,6,2025-08-09
705701,910108,247,2025-08-02,61.36,Paid,23,2025-08-25
705702,909119,221,2025-08-02,116.53,Paid,0,2025-08-02
705703,903265,84,2025-08-03,60.02,Paid,0,2025-08-03
705704,905261,137,2025-08-02,83.75,Paid,0,2025-08-02
705705,915781,394,2025-08-04,70.55,Paid,25,2025-08-29
705706,907491,186,2025-08-03,56.78,Paid,17,2025-08-20
705707,906325,161,2025-08-04,59.09,Paid,20,2025-08-24
705708,913431,341,2025-08-02,58.21,Paid,15,2025-08-17
705709,901695,41,2025-08-03,59.19,Paid,22,2025-08-25
705710,906682,170,2025-08-04,77.46,Paid,8,2025-08-12
705711,912262,309,2025-08-02,57.44,Paid,23,2025-08-25
705712,903169,81,2025-08-02,94.98,Paid,27,2025-08-29
705713,917307,172,2025-08-02,223.85,Paid,0,2025-08-02
705714,902168,52,2025-08-04,116.02,Paid,11,2025-08-15
705715,910871,268,2025-08-03,61.75,Paid,0,2025-08-03
705716,912958,330,2025-08-02,59.78,Paid,14,2025-08-16
705717,901168,30,2025-08-03,57.07,Paid,10,2025-08-13
705718,914120,356,2025-08-04,81.66,Paid,1,2025-08-05
705719,916465,411,2025-08-02,117.36,Paid,3,2025-08-05
705720,903311,85,2025-08-04,77.62,Paid,0,2025-08-04
705721,905366,139,2025-08-04,57.39,Paid,10,2025-08-14
705722,917570,305,2025-08-03,2719.94,Paid,4,2025-08-07
705723,901997,47,2025-08-02,61.04,Paid,0,2025-08-02
705724,902981,72,2025-08-02,71.73,Paid,0,2025-08-02
705725,900574,15,2025-08-03,62.39,Paid,2,2025-08-05
705726,900469,13,2025-08-02,55.94,Paid,13,2025-08-15
705727,910033,245,2025-08-02,78.16,Paid,16,2025-08-18
705728,903785,98,2025-08-03,57.28,Paid,6,2025-08-09
705729,913705,348,2025-08-02,58.8,Paid,9,2025-08-11
705730,906825,173,2025-08-03,84.75,Paid,18,2025-08-21
705731,913498,342,2025-08-02,54.5,Paid,13,2025-08-15
705732,910257,250,2025-08-02,76.71,Paid,4,2025-08-06
705733,914377,362,2025-08-04,58.42,Paid,5,2025-08-09
705734,913297,339,2025-08-02,56.24,Paid,8,2025-08-10
705735,910211,249,2025-08-04,87.23,Paid,1,2025-08-05
705736,909629,233,2025-08-04,79.89,Paid,5,2025-08-09
705737,910664,261,2025-08-03,58.54,Paid,15,2025-08-18
705738,907897,194,2025-08-04,55.58,Paid,8,2025-08-12
705739,916523,412,2025-08-04,82.04,Paid,3,2025-08-07
705740,910722,262,2025-08-02,63.69,Paid,5,2025-08-07
705741,908227,199,2025-08-05,74.41,Paid,16,2025-08-21
705742,915971,398,2025-08-04,68.91,Paid,25,2025-08-29
705743,908566,206,2025-08-03,57.77,Paid,17,2025-08-20
705744,913024,331,2025-08-05,60.06,Paid,4,2025-08-09
705745,915848,395,2025-08-05,56.22,Paid,8,2025-08-13
705746,909976,242,2025-08-03,76.23,Paid,10,2025-08-13
705747,916673,416,2025-08-05,76.76,Paid,15,2025-08-20
705748,907322,182,2025-08-05,59.68,Paid,7,2025-08-12
705749,902442,58,2025-08-05,60.65,Paid,9,2025-08-14
705750,909450,229,2025-08-05,57.11,Paid,20,2025-08-25
705751,907812,192,2025-08-05,117.86,Paid,0,2025-08-05
705752,906108,155,2025-08-03,58.21,Paid,5,2025-08-08
705753,902621,64,2025-08-04,73.09,Paid,7,2025-08-11
705754,901932,45,2025-08-04,54.36,Paid,0,2025-08-04
705755,906891,175,2025-08-03,97.26,Paid,28,2025-08-31
705756,912723,323,2025-08-03,66.34,Paid,12,2025-08-15
705757,905433,140,2025-08-05,54.8,Paid,2,2025-08-07
705758,915292,384,2025-08-05,71.91,Paid,14,2025-08-19
705759,912677,322,2025-08-05,109.69,Paid,0,2025-08-05
705760,902679,65,2025-08-04,59.56,Paid,12,2025-08-16
705761,911349,283,2025-08-05,121.55,Paid,7,2025-08-12
705762,912620,320,2025-08-03,70.52,Paid,21,2025-08-24
705763,912224,308,2025-08-05,63.34,Paid,17,2025-08-22
705764,905564,143,2025-08-05,58.28,Paid,1,2025-08-06
705765,915217,382,2025-08-03,66.25,Paid,37,2025-09-09
705766,917049,58,2025-08-03,8216.05,Paid,8,2025-08-11
705767,905629,144,2025-08-05,57.6,Paid,0,2025-08-05
705768,905920,149,2025-08-05,61.28,Paid,8,2025-08-13
705769,911247,281,2025-08-05,59.6,Paid,10,2025-08-15
705770,909243,225,2025-08-03,57.56,Paid,5,2025-08-08
705771,908369,203,2025-08-03,80.34,Paid,3,2025-08-06
705772,916627,414,2025-08-05,59.75,Paid,25,2025-08-30
705773,914423,363,2025-08-04,58.17,Paid,15,2025-08-19
705774,905732,146,2025-08-04,60.09,Paid,1,2025-08-05
705775,905319,138,2025-08-03,59.04,Paid,0,2025-08-03
705776,913979,353,2025-08-05,56.66,Paid,2,2025-08-07
705777,916363,409,2025-08-03,75.85,Paid,8,2025-08-11
705778,904416,113,2025-08-05,57.39,Paid,17,2025-08-22
705779,909186,222,2025-08-04,78.22,Paid,6,2025-08-10
705780,901450,36,2025-08-05,74.58,Paid,22,2025-08-27
705781,903718,97,2025-08-03,79.46,Paid,0,2025-08-03
705782,914867,374,2025-08-03,78.67,Paid,10,2025-08-13
705783,903615,95,2025-08-05,98.81,Paid,2,2025-08-07
705784,909327,227,2025-08-05,56.11,Paid,1,2025-08-06
705785,907087,178,2025-08-04,58.7,Paid,0,2025-08-04
705786,915546,389,2025-08-06,54.88,Paid,0,2025-08-06
705787,911620,290,2025-08-04,58.56,Paid,10,2025-08-14
705788,908161,198,2025-08-05,122.85,Paid,20,2025-08-25
705789,901801,43,2025-08-05,60.42,Paid,5,2025-08-10
705790,902726,66,2025-08-06,66.1,Paid,10,2025-08-16
705791,906146,156,2025-08-06,52.93,Paid,8,2025-08-14
705792,900527,14,2025-08-04,73.18,Paid,14,2025-08-18
705793,909007,216,2025-08-04,54.1,Paid,2,2025-08-06
705794,912310,312,2025-08-05,135.76,Paid,16,2025-08-21
705795,903992,103,2025-08-05,83.95,Paid,11,2025-08-16
705796,900809,21,2025-08-05,95.83,Paid,29,2025-09-03
705797,906411,164,2025-08-06,61.9,Paid,0,2025-08-06
705798,901867,44,2025-08-05,57.25,Paid,9,2025-08-14
705799,917008,38,2025-08-06,5082.63,Paid,11,2025-08-17
705800,900913,25,2025-08-05,78.96,Paid,11,2025-08-16
705801,903672,96,2025-08-04,61.3,Paid,3,2025-08-07
705802,904359,111,2025-08-04,60.57,Paid,2,2025-08-06
705803,913365,340,2025-08-06,66.27,Paid,14,2025-08-20
705804,913640,347,2025-08-06,61.54,Paid,0,2025-08-06
705805,903378,86,2025-08-06,61.52,Paid,2,2025-08-08
705806,917674,354,2025-08-06,315.63,Paid,9,2025-08-15
705807,904848,123,2025-08-04,59.94,Paid,2,2025-08-06
705808,907850,193,2025-08-04,54.61,Paid,0,2025-08-04
705809,903444,87,2025-08-04,58.6,Paid,13,2025-08-17
705810,912827,328,2025-08-06,70.73,Paid,9,2025-08-15
705811,907964,195,2025-08-05,59.86,Paid,14,2025-08-19
705812,909676,234,2025-08-06,60.38,Paid,12,2025-08-18
705813,910457,254,2025-08-04,65.96,Paid,33,2025-09-06
705814,913593,345,2025-08-06,53.74,Paid,7,2025-08-13
705815,915122,379,2025-08-06,58.47,Paid,0,2025-08-06
705816,906637,169,2025-08-05,67.89,Paid,9,2025-08-14
705817,904124,105,2025-08-05,58.14,Paid,14,2025-08-19
705818,909718,234,2025-08-07,92.86,Paid,6,2025-08-13
705819,902664,64,2025-08-07,120.22,Paid,1,2025-08-08
705820,915915,397,2025-08-06,58.7,Paid,6,2025-08-12
705821,915499,388,2025-08-07,54.92,Paid,14,2025-08-21
705822,916195,404,2025-08-05,54.28,Paid,4,2025-08-09
705823,916274,406,2025-08-06,97.75,Paid,20,2025-08-26
705824,912765,323,2025-08-07,105.4,Paid,14,2025-08-21
705825,909931,241,2025-08-07,59.54,Paid,6,2025-08-13
705826,910847,267,2025-08-05,191.52,Paid,0,2025-08-05
705827,904915,124,2025-08-05,82.03,Paid,0,2025-08-05
705828,903890,100,2025-08-06,126.79,Paid,8,2025-08-14
705829,906516,166,2025-08-05,58.77,Paid,3,2025-08-08
705830,901634,39,2025-08-06,85.73,Paid,4,2025-08-10
705831,901257,31,2025-08-06,205.96,Paid,9,2025-08-15
705832,912574,318,2025-08-07,54.64,Paid,16,2025-08-23
705833,914321,361,2025-08-07,55.46,Paid,0,2025-08-07
705834,902211,52,2025-08-05,165.45,Paid,18,2025-08-23
705835,904165,105,2025-08-07,95.33,Paid,0,2025-08-07
705836,902768,66,2025-08-07,127.09,Paid,11,2025-08-18
705837,916814,419,2025-08-07,72.14,Paid,1,2025-08-08
705838,900019,1,2025-08-07,61.62,Paid,7,2025-08-14
705839,906957,176,2025-08-06,88.02,Paid,8,2025-08-14
705840,911767,294,2025-08-05,158.04,Paid,22,2025-08-27
705841,909742,235,2025-08-07,61.54,Paid,12,2025-08-19
705842,911061,274,2025-08-07,83.4,Paid,9,2025-08-16
705843,913184,335,2025-08-06,57.67,Paid,16,2025-08-22
705844,908203,198,2025-08-05,184.99,Paid,5,2025-08-10
705845,905342,138,2025-08-05,93.55,Paid,0,2025-08-05
705846,902793,69,2025-08-05,56.31,Paid,0,2025-08-05
705847,916340,408,2025-08-07,79.3,Paid,5,2025-08-12
705848,902499,60,2025-08-06,57.18,Paid,14,2025-08-20
705849,901021,27,2025-08-06,136.66,Paid,0,2025-08-06
705850,909055,219,2025-08-05,68.63,Paid,14,2025-08-19
705851,912894,329,2025-08-05,64.53,Paid,30,2025-09-04
705852,916730,417,2025-08-07,58.57,Paid,0,2025-08-07
705853,913556,343,2025-08-06,72.21,Paid,2,2025-08-08
705854,913146,334,2025-08-07,53.96,Paid,5,2025-08-12
705855,914546,366,2025-08-05,83.65,Paid,14,2025-08-19
705856,911120,275,2025-08-06,95.08,Paid,3,2025-08-09
705857,904189,107,2025-08-05,59.17,Paid,19,2025-08-24
705858,911005,270,2025-08-07,57.25,Paid,0,2025-08-07
705859,909573,232,2025-08-05,61.3,Paid,15,2025-08-20
705860,905045,126,2025-08-07,79.19,Paid,10,2025-08-17
705861,916508,411,2025-08-06,177.72,Paid,17,2025-08-23
705862,904058,104,2025-08-07,55.95,Paid,16,2025-08-23
705863,908477,204,2025-08-07,89.54,Paid,6,2025-08-13
705864,915418,386,2025-08-06,96.24,Paid,1,2025-08-07
705865,905958,150,2025-08-08,52.65,Paid,16,2025-08-24
705866,911518,288,2025-08-07,52.0,Paid,4,2025-08-11
705867,916298,408,2025-08-06,61.11,Paid,7,2025-08-13
705868,911832,295,2025-08-07,102.66,Paid,13,2025-08-20
705869,911559,288,2025-08-08,96.33,Paid,4,2025-08-12
705870,900641,16,2025-08-08,62.99,Paid,0,2025-08-08
705871,911960,302,2025-08-08,120.21,Paid,3,2025-08-11
705872,907022,177,2025-08-07,57.17,Paid,13,2025-08-20
705873,917288,165,2025-08-07,421.23,Paid,5,2025-08-12
705874,916074,401,2025-08-08,60.91,Paid,0,2025-08-08
705875,915377,386,2025-08-06,56.31,Paid,0,2025-08-06
705876,900955,25,2025-08-06,122.34,Paid,1,2025-08-07
705877,908824,211,2025-08-06,114.15,Paid,12,2025-08-18
705878,900215,6,2025-08-07,54.77,Paid,15,2025-08-22
705879,907401,183,2025-08-08,115.49,Paid,0,2025-08-08
705880,913090,333,2025-08-08,83.96,Paid,15,2025-08-23
705881,907379,183,2025-08-06,72.85,Paid,0,2025-08-06
705882,915443,387,2025-08-07,67.08,Paid,22,2025-08-29
705883,902293,54,2025-08-07,59.32,Paid,7,2025-08-14
705884,903354,85,2025-08-06,133.49,Paid,6,2025-08-12
705885,903843,99,2025-08-06,88.33,Paid,14,2025-08-20
705886,911596,289,2025-08-08,102.22,Paid,8,2025-08-16
705887,911098,275,2025-08-06,59.08,Paid,7,2025-08-13
705888,914709,370,2025-08-06,131.61,Paid,9,2025-08-15
705889,915255,383,2025-08-07,58.88,Paid,4,2025-08-11
705890,903123,79,2025-08-06,59.51,Paid,0,2025-08-06
705891,906033,152,2025-08-06,56.26,Paid,11,2025-08-17
705892,907756,191,2025-08-06,116.78,Paid,4,2025-08-10
705893,913273,336,2025-08-06,129.61,Paid,11,2025-08-17
705894,908030,196,2025-08-08,56.85,Paid,13,2025-08-21
705895,915649,391,2025-08-08,72.84,Paid,22,2025-08-30
705896,905499,142,2025-08-08,54.44,Paid,5,2025-08-13
705897,902236,53,2025-08-06,94.3,Paid,5,2025-08-11
705898,916149,403,2025-08-06,82.57,Paid,11,2025-08-17
705899,910769,266,2025-08-06,55.63,Paid,4,2025-08-10
705900,907559,187,2025-08-07,56.75,Paid,0,2025-08-07
705901,900445,11,2025-08-06,88.15,Paid,5,2025-08-11
705902,903420,86,2025-08-08,89.7,Paid,10,2025-08-18
705903,907624,188,2025-08-08,72.72,Paid,8,2025-08-16
705904,910599,259,2025-08-07,119.3,Paid,11,2025-08-18
705905,901319,34,2025-08-08,70.21,Paid,20,2025-08-28
705906,907258,181,2025-08-07,60.76,Paid,6,2025-08-13
705907,905686,145,2025-08-08,124.76,Paid,5,2025-08-13
705908,916855,419,2025-08-08,131.61,Paid,3,2025-08-11
705909,915625,390,2025-08-07,94.75,Paid,20,2025-08-27
705910,902381,55,2025-08-08,151.97,Paid,15,2025-08-23
705911,912418,313,2025-08-07,186.57,Paid,17,2025-08-24
705912,905840,147,2025-08-09,97.04,Paid,0,2025-08-09
705913,902702,65,2025-08-09,78.63,Paid,12,2025-08-21
705914,913830,350,2025-08-08,58.61,Paid,0,2025-08-08
705915,900889,22,2025-08-08,112.46,Paid,18,2025-08-26
705916,915031,377,2025-08-09,119.33,Paid,11,2025-08-20
705917,917803,413,2025-08-07,3392.53,Paid,0,2025-08-07
705918,908885,213,2025-08-09,123.48,Paid,12,2025-08-21
705919,914592,367,2025-08-07,55.17,Paid,0,2025-08-07
705920,911415,286,2025-08-09,56.29,Paid,20,2025-08-29
705921,913876,351,2025-08-09,60.81,Paid,10,2025-08-19
705922,912063,304,2025-08-09,99.49,Paid,22,2025-08-31
705923,914990,377,2025-08-08,69.38,Paid,3,2025-08-11
705924,912596,318,2025-08-07,93.19,Paid,5,2025-08-12
705925,912869,328,2025-08-08,107.8,Paid,20,2025-08-28
705926,900763,19,2025-08-09,63.63,Paid,4,2025-08-13
705927,900159,4,2025-08-08,76.15,Paid,7,2025-08-15
705928,903108,77,2025-08-09,120.94,Paid,19,2025-08-28
705929,908839,212,2025-08-08,66.92,Paid,25,2025-09-02
705930,906348,161,2025-08-07,101.68,Paid,2,2025-08-09
705931,900341,9,2025-08-08,87.37,Paid,6,2025-08-14
705932,904605,118,2025-08-08,59.88,Paid,7,2025-08-15
705933,908951,215,2025-08-09,122.8,Paid,7,2025-08-16
705934,903029,76,2025-08-07,57.93,Paid,5,2025-08-12
705935,913578,343,2025-08-09,139.91,Paid,4,2025-08-13
705936,916018,399,2025-08-07,63.26,Paid,5,2025-08-12
705937,904980,125,2025-08-09,79.71,Paid,6,2025-08-15
705938,908436,204,2025-08-08,59.68,Paid,5,2025-08-13
705939,908095,197,2025-08-07,67.48,Paid,4,2025-08-11
705940,906581,167,2025-08-09,55.63,Paid,1,2025-08-10
705941,900980,27,2025-08-07,74.42,Paid,7,2025-08-14
705942,906194,157,2025-08-07,60.55,Paid,0,2025-08-07
705943,900404,11,2025-08-08,58.71,Paid,9,2025-08-17
705944,901360,34,2025-08-08,116.96,Paid,15,2025-08-23
705945,912443,314,2025-08-07,68.65,Paid,13,2025-08-20
705946,916059,399,2025-08-09,91.69,Paid,20,2025-08-29
705947,906250,158,2025-08-08,66.91,Paid,28,2025-09-05
705948,912537,317,2025-08-08,77.53,Paid,7,2025-08-15
705949,911574,289,2025-08-08,58.11,Paid,0,2025-08-08
705950,900617,15,2025-08-07,89.69,Paid,6,2025-08-13
705951,904707,120,2025-08-08,82.08,Paid,17,2025-08-25
705952,911791,295,2025-08-07,66.27,Paid,21,2025-08-28
705953,900113,3,2025-08-09,74.74,Paid,20,2025-08-29
705954,911895,299,2025-08-08,59.57,Paid,7,2025-08-15
705955,902340,55,2025-08-07,92.19,Paid,20,2025-08-27
705956,901492,36,2025-08-08,135.47,Paid,0,2025-08-08
705957,910155,248,2025-08-07,104.66,Paid,20,2025-08-27
705958,914255,359,2025-08-07,78.85,Paid,2,2025-08-09
705959,910071,246,2025-08-07,65.56,Paid,22,2025-08-29
705960,903931,100,2025-08-07,190.67,Paid,10,2025-08-17
705961,910825,267,2025-08-08,119.82,Paid,4,2025-08-12
705962,901216,31,2025-08-08,127.6,Paid,10,2025-08-18
705963,908502,205,2025-08-07,77.42,Paid,7,2025-08-14
705964,910131,247,2025-08-09,113.53,Paid,29,2025-09-07
705965,902925,71,2025-08-09,55.21,Paid,7,2025-08-16
705966,908623,207,2025-08-08,71.27,Paid,4,2025-08-12
705967,905864,148,2025-08-09,56.31,Paid,17,2025-08-26
705968,914633,367,2025-08-07,92.37,Paid,12,2025-08-19
705969,912377,313,2025-08-07,109.41,Paid,2,2025-08-09
705970,914490,365,2025-08-09,58.06,Paid,5,2025-08-14
705971,909916,238,2025-08-09,99.28,Paid,0,2025-08-09
705972,912559,317,2025-08-09,126.27,Paid,7,2025-08-16
705973,912171,306,2025-08-07,89.39,Paid,2,2025-08-09
705974,904501,115,2025-08-07,70.49,Paid,19,2025-08-26
705975,906272,158,2025-08-07,109.71,Paid,20,2025-08-27
705976,905409,139,2025-08-08,94.82,Paid,0,2025-08-08
705977,910325,251,2025-08-10,56.28,Paid,4,2025-08-14
705978,912129,306,2025-08-10,57.73,Paid,0,2025-08-10
705979,909393,228,2025-08-09,68.59,Paid,11,2025-08-20
705980,917322,177,2025-08-09,2073.94,Paid,14,2025-08-23
705981,906763,171,2025-08-10,133.37,Paid,0,2025-08-10
705982,917079,70,2025-08-10,599.23,Paid,26,2025-09-05
705983,907167,179,2025-08-10,153.19,Paid,8,2025-08-18
705984,906740,171,2025-08-10,78.24,Paid,11,2025-08-21
705985,913231,336,2025-08-10,82.48,Paid,0,2025-08-10
705986,913955,352,2025-08-10,175.24,Paid,8,2025-08-18
705987,906557,166,2025-08-09,90.44,Paid,14,2025-08-23
705988,914943,376,2025-08-09,77.61,Paid,0,2025-08-09
705989,900098,2,2025-08-10,90.32,Paid,0,2025-08-10
705990,908782,211,2025-08-09,72.69,Paid,17,2025-08-26
705991,900682,16,2025-08-10,95.35,Paid,2,2025-08-12
705992,914400,362,2025-08-10,84.31,Paid,5,2025-08-15
705993,902102,51,2025-08-09,67.35,Paid,9,2025-08-18
705994,901738,41,2025-08-10,102.07,Paid,2,2025-08-12
705995,908284,200,2025-08-08,69.51,Paid,16,2025-08-24
705996,907191,180,2025-08-08,84.27,Paid,5,2025-08-13
705997,900252,7,2025-08-08,61.22,Paid,12,2025-08-20
705998,903312,85,2025-08-10,76.68,Paid,8,2025-08-18
705999,907425,184,2025-08-08,80.23,Paid,12,2025-08-20
706000,902622,64,2025-08-08,80.18,Paid,14,2025-08-22
706001,911083,274,2025-08-08,124.41,Paid,13,2025-08-21
706002,901385,35,2025-08-10,56.71,Paid,8,2025-08-18
706003,903719,97,2025-08-08,88.45,Paid,17,2025-08-25
706004,909874,238,2025-08-09,59.21,Paid,0,2025-08-09
706005,900706,18,2025-08-09,58.39,Paid,4,2025-08-13
706006,916612,413,2025-08-10,125.1,Paid,2,2025-08-12
706007,906235,157,2025-08-08,87.07,Paid,0,2025-08-08
706008,911687,293,2025-08-09,54.58,Paid,12,2025-08-21
706009,901045,28,2025-08-08,57.42,Paid,13,2025-08-21
706010,904230,107,2025-08-08,99.71,Paid,0,2025-08-08
706011,900299,9,2025-08-09,59.99,Paid,0,2025-08-09
706012,914188,357,2025-08-09,80.07,Paid,5,2025-08-14
706013,902536,61,2025-08-10,69.16,Paid,16,2025-08-26
706014,915715,393,2025-08-08,87.62,Paid,5,2025-08-13
706015,905139,132,2025-08-10,61.36,Paid,8,2025-08-18
706016,903828,98,2025-08-09,91.23,Paid,1,2025-08-10
706017,909120,221,2025-08-09,120.98,Paid,0,2025-08-09
706018,913001,330,2025-08-09,94.52,Paid,4,2025-08-13
706019,903212,81,2025-08-08,152.81,Paid,26,2025-09-03
706020,904477,114,2025-08-09,115.19,Paid,43,2025-09-21
706021,910391,252,2025-08-08,56.88,Paid,28,2025-09-05
706022,915056,378,2025-08-08,133.45,Paid,2,2025-08-10
706023,900379,10,2025-08-09,96.99,Paid,4,2025-08-13
706024,904293,110,2025-08-08,65.67,Paid,14,2025-08-22
706025,910433,252,2025-08-09,99.63,Paid,2,2025-08-11
706026,905798,147,2025-08-08,54.91,Paid,12,2025-08-20
706027,907364,182,2025-08-08,96.18,Paid,5,2025-08-13
706028,909808,236,2025-08-10,119.92,Paid,4,2025-08-14
706029,917769,397,2025-08-10,2153.59,Paid,5,2025-08-15
706030,912016,303,2025-08-10,86.73,Paid,4,2025-08-14
706031,901974,45,2025-08-09,98.24,Paid,0,2025-08-09
706032,911391,283,2025-08-10,201.04,Paid,9,2025-08-19
706033,916879,420,2025-08-10,80.94,Paid,2,2025-08-12
706034,916570,413,2025-08-10,82.39,Paid,5,2025-08-15
706035,903549,92,2025-08-08,77.06,Paid,7,2025-08-15
706036,910872,268,2025-08-08,62.3,Paid,0,2025-08-08
706037,902859,70,2025-08-09,62.68,Paid,24,2025-09-02
706038,906491,165,2025-08-10,90.66,Paid,12,2025-08-22
706039,901111,29,2025-08-08,98.48,Paid,11,2025-08-19
706040,916650,414,2025-08-09,95.71,Paid,21,2025-08-30
706041,905101,129,2025-08-09,82.97,Paid,0,2025-08-09
706042,906169,156,2025-08-09,102.95,Paid,16,2025-08-25
706043,903170,81,2025-08-11,96.26,Paid,33,2025-09-13
706044,913706,348,2025-08-11,53.13,Paid,18,2025-08-29
706045,914686,370,2025-08-11,78.99,Paid,4,2025-08-15
706046,909614,232,2025-08-11,96.01,Paid,0,2025-08-11
706047,910980,269,2025-08-10,99.92,Paid,5,2025-08-15
706048,902055,48,2025-08-10,56.69,Paid,13,2025-08-23
706049,914890,374,2025-08-09,127.25,Paid,15,2025-08-24
706050,901696,41,2025-08-10,60.61,Paid,0,2025-08-10
706051,914671,368,2025-08-11,91.19,Paid,0,2025-08-11
706052,905262,137,2025-08-10,84.31,Paid,3,2025-08-13
706053,915782,394,2025-08-11,63.39,Paid,28,2025-09-08
706054,904557,116,2025-08-11,53.92,Paid,7,2025-08-18
706055,914810,373,2025-08-10,55.69,Paid,16,2025-08-26
706056,914121,356,2025-08-10,83.61,Paid,0,2025-08-10
706057,905774,146,2025-08-11,97.48,Paid,2,2025-08-13
706058,905200,133,2025-08-11,88.21,Paid,0,2025-08-11
706059,911847,298,2025-08-10,58.11,Paid,2,2025-08-12
706060,905367,139,2025-08-09,58.84,Paid,9,2025-08-18
706061,911145,279,2025-08-11,64.84,Paid,8,2025-08-19
706062,906683,170,2025-08-11,72.11,Paid,8,2025-08-19
706063,911201,280,2025-08-09,59.36,Paid,8,2025-08-17
706064,907492,186,2025-08-09,55.21,Paid,0,2025-08-09
706065,906131,155,2025-08-11,89.45,Paid,13,2025-08-24
706066,912959,330,2025-08-10,55.22,Paid,14,2025-08-24
706067,917659,346,2025-08-09,2090.73,Paid,24,2025-09-02
706068,915603,390,2025-08-09,53.4,Paid,0,2025-08-09
706069,913499,342,2025-08-11,53.56,Paid,8,2025-08-19
706070,914905,375,2025-08-11,54.73,Paid,0,2025-08-11
706071,915890,395,2025-08-11,91.42,Paid,0,2025-08-11
706072,910665,261,2025-08-11,59.22,Paid,14,2025-08-25
706073,907898,194,2025-08-11,60.29,Paid,6,2025-08-17
706074,910367,251,2025-08-09,94.78,Paid,2,2025-08-11
706075,905980,150,2025-08-10,95.46,Paid,7,2025-08-17
706076,901153,29,2025-08-10,165.03,Paid,18,2025-08-28
706077,913432,341,2025-08-11,59.77,Paid,12,2025-08-23
706078,917215,132,2025-08-10,3834.94,Paid,7,2025-08-17
706079,913917,351,2025-08-11,92.63,Paid,0,2025-08-11
706080,908006,195,2025-08-11,98.2,Paid,0,2025-08-11
706081,910258,250,2025-08-11,79.89,Paid,2,2025-08-13
706082,906826,173,2025-08-09,77.11,Paid,4,2025-08-13
706083,901998,47,2025-08-09,60.38,Paid,8,2025-08-17
706084,900470,13,2025-08-10,57.87,Paid,4,2025-08-14
706085,900575,15,2025-08-10,61.25,Paid,0,2025-08-10
706086,913773,349,2025-08-10,111.04,Paid,0,2025-08-10
706087,901087,28,2025-08-09,87.3,Paid,16,2025-08-25
706088,917465,254,2025-08-09,583.27,Paid,27,2025-09-05
706089,914362,361,2025-08-11,95.54,Paid,0,2025-08-11
706090,913298,339,2025-08-09,56.96,Paid,7,2025-08-16
706091,916466,411,2025-08-09,114.54,Paid,13,2025-08-22
706092,910196,248,2025-08-10,183.36,Paid,6,2025-08-16
706093,915994,398,2025-08-10,108.69,Paid,23,2025-09-02
706094,908136,197,2025-08-10,121.64,Paid,0,2025-08-10
706095,916790,418,2025-08-10,92.74,Paid,8,2025-08-18
706096,905630,144,2025-08-11,55.77,Paid,9,2025-08-20
706097,901451,36,2025-08-12,81.95,Paid,9,2025-08-21
706098,905124,129,2025-08-12,119.4,Paid,0,2025-08-12
706099,913815,349,2025-08-12,202.85,Paid,10,2025-08-22
706100,906892,175,2025-08-12,85.78,Paid,19,2025-08-31
706101,910938,269,2025-08-11,57.27,Paid,21,2025-09-01
706102,911471,287,2025-08-11,56.62,Paid,7,2025-08-18
706103,901592,39,2025-08-11,54.72,Paid,9,2025-08-20
706104,915757,393,2025-08-11,131.53,Paid,0,2025-08-11
706105,906468,165,2025-08-10,58.0,Paid,1,2025-08-11
706106,916674,416,2025-08-10,85.38,Paid,2,2025-08-12
706107,908269,199,2025-08-12,141.57,Paid,5,2025-08-17
706108,903616,95,2025-08-12,97.73,Paid,39,2025-09-20
706109,901933,45,2025-08-10,63.81,Paid,7,2025-08-17
706110,913025,331,2025-08-10,55.69,Paid,8,2025-08-18
706111,909977,242,2025-08-11,81.19,Paid,22,2025-09-02
706112,904034,103,2025-08-12,138.85,Paid,16,2025-08-28
706113,911304,282,2025-08-12,122.8,Paid,3,2025-08-15
706114,913980,353,2025-08-12,56.19,Paid,4,2025-08-16
706115,909187,222,2025-08-10,80.88,Paid,20,2025-08-30
706116,914036,354,2025-08-10,62.63,Paid,20,2025-08-30
706117,907088,178,2025-08-10,53.25,Paid,3,2025-08-13
706118,908370,203,2025-08-10,74.29,Paid,0,2025-08-10
706119,901295,32,2025-08-10,85.81,Paid,13,2025-08-23
706120,912247,308,2025-08-10,98.92,Paid,10,2025-08-20
706121,914424,363,2025-08-10,55.79,Paid,13,2025-08-23
706122,905565,143,2025-08-12,60.04,Paid,0,2025-08-12
706123,907690,190,2025-08-12,93.1,Paid,25,2025-09-06
706124,903946,102,2025-08-10,68.0,Paid,27,2025-09-06
706125,906801,172,2025-08-10,94.53,Paid,13,2025-08-23
706126,903501,88,2025-08-12,62.86,Paid,25,2025-09-06
706127,905215,135,2025-08-12,56.4,Paid,31,2025-09-12
706128,917661,348,2025-08-10,433.12,Paid,0,2025-08-10
706129,912621,320,2025-08-10,83.74,Paid,3,2025-08-13
706130,903486,87,2025-08-12,95.35,Paid,7,2025-08-19
706131,911350,283,2025-08-12,111.73,Paid,9,2025-08-21
706132,908735,210,2025-08-12,56.32,Paid,4,2025-08-16
706133,911224,280,2025-08-12,88.78,Paid,0,2025-08-12
706134,903591,92,2025-08-10,128.77,Paid,15,2025-08-25
706135,912285,309,2025-08-10,98.25,Paid,9,2025-08-19
706136,908228,199,2025-08-11,78.98,Paid,12,2025-08-23
706137,905434,140,2025-08-11,54.96,Paid,0,2025-08-11
706138,912700,322,2025-08-12,185.81,Paid,0,2025-08-12
706139,910914,268,2025-08-11,104.47,Paid,0,2025-08-11
706140,903786,98,2025-08-10,54.92,Paid,4,2025-08-14
706141,916420,410,2025-08-10,92.33,Paid,3,2025-08-13
706142,901776,42,2025-08-12,133.73,Paid,5,2025-08-17
706143,917182,116,2025-08-11,1943.21,Paid,0,2025-08-11
706144,909328,227,2025-08-11,63.12,Paid,0,2025-08-11
706145,907323,182,2025-08-11,59.99,Paid,0,2025-08-11
706146,901909,44,2025-08-11,101.77,Paid,3,2025-08-14
706147,915849,395,2025-08-12,61.65,Paid,0,2025-08-12
706148,910056,245,2025-08-12,127.75,Paid,3,2025-08-15
706149,904661,119,2025-08-10,56.38,Paid,13,2025-08-23
706150,908567,206,2025-08-12,57.44,Paid,15,2025-08-27
706151,911493,287,2025-08-12,98.44,Paid,1,2025-08-13
706152,908698,209,2025-08-11,56.29,Paid,25,2025-09-05
706153,911248,281,2025-08-11,53.08,Paid,0,2025-08-11
706154,905733,146,2025-08-12,56.55,Paid,10,2025-08-22
706155,912724,323,2025-08-12,68.77,Paid,15,2025-08-27
706156,900237,6,2025-08-13,93.93,Paid,9,2025-08-22
706157,915484,387,2025-08-13,110.74,Paid,17,2025-08-30
706158,901650,40,2025-08-11,54.01,Paid,0,2025-08-11
706159,915123,379,2025-08-13,55.77,Paid,4,2025-08-17
706160,900867,22,2025-08-11,66.39,Paid,15,2025-08-26
706161,916299,408,2025-08-13,59.27,Paid,5,2025-08-18
706162,916134,402,2025-08-13,103.68,Paid,31,2025-09-13
706163,909228,222,2025-08-11,128.15,Paid,5,2025-08-16
706164,916945,14,2025-08-13,1055.23,Paid,20,2025-09-02
706165,913933,352,2025-08-12,118.65,Paid,17,2025-08-29
706166,906412,164,2025-08-13,58.66,Paid,3,2025-08-16
706167,915521,388,2025-08-11,95.26,Paid,10,2025-08-21
706168,911456,286,2025-08-11,82.07,Paid,0,2025-08-11
706169,913852,350,2025-08-11,98.51,Paid,5,2025-08-16
706170,912781,324,2025-08-12,56.53,Paid,0,2025-08-12
706171,908071,196,2025-08-12,89.47,Paid,0,2025-08-12
706172,906725,170,2025-08-11,126.86,Paid,6,2025-08-17
706173,910458,254,2025-08-13,65.81,Paid,16,2025-08-29
706174,902315,54,2025-08-13,91.57,Paid,20,2025-09-02
706175,900810,21,2025-08-11,90.49,Paid,27,2025-09-07
706176,902834,69,2025-08-11,84.94,Paid,3,2025-08-14
706177,901802,43,2025-08-13,46.63,Paid,3,2025-08-16
706178,911621,290,2025-08-13,56.39,Paid,14,2025-08-27
706179,914725,371,2025-08-11,54.03,Paid,13,2025-08-24
706180,907129,178,2025-08-12,94.41,Paid,20,2025-09-01
706181,915180,381,2025-08-11,74.2,Paid,12,2025-08-23
706182,910018,242,2025-08-11,130.07,Paid,9,2025-08-20
706183,914021,353,2025-08-11,83.38,Paid,2,2025-08-13
706184,909266,225,2025-08-12,99.17,Paid,21,2025-09-02
706185,908162,198,2025-08-11,129.5,Paid,10,2025-08-21
706186,911936,299,2025-08-12,95.47,Paid,5,2025-08-17
706187,915956,397,2025-08-12,96.58,Paid,23,2025-09-04
706188,911662,290,2025-08-11,88.86,Paid,2,2025-08-13
706189,902727,66,2025-08-12,77.51,Paid,4,2025-08-16
706190,907965,195,2025-08-12,65.62,Paid,4,2025-08-16
706191,914785,372,2025-08-13,178.19,Paid,2,2025-08-15
706192,915547,389,2025-08-12,51.49,Paid,0,2025-08-12
706193,903445,87,2025-08-13,58.0,Paid,0,2025-08-13
706194,909677,234,2025-08-11,58.25,Paid,7,2025-08-18
706195,916768,418,2025-08-12,64.39,Paid,0,2025-08-12
706196,900914,25,2025-08-11,88.58,Paid,20,2025-08-31
706197,906071,153,2025-08-12,79.19,Paid,0,2025-08-12
706198,903993,103,2025-08-11,78.62,Paid,5,2025-08-16
706199,902559,61,2025-08-11,117.12,Paid,22,2025-09-02
706200,902397,57,2025-08-12,68.19,Paid,18,2025-08-30
706201,902575,62,2025-08-11,78.37,Paid,12,2025-08-23
706202,909162,221,2025-08-12,189.42,Paid,10,2025-08-22
706203,912828,328,2025-08-13,62.79,Paid,28,2025-09-10
706204,905500,142,2025-08-13,59.46,Paid,2,2025-08-15
706205,907063,177,2025-08-13,89.01,Paid,15,2025-08-28
706206,916236,404,2025-08-11,95.68,Paid,2,2025-08-13
706207,902169,52,2025-08-11,115.52,Paid,4,2025-08-15
706208,906364,163,2025-08-13,75.67,Paid,16,2025-08-29
706209,913366,340,2025-08-12,71.99,Paid,27,2025-09-08
706210,903379,86,2025-08-13,54.84,Paid,2,2025-08-15
706211,912311,312,2025-08-12,133.04,Paid,24,2025-09-05
706212,907625,188,2025-08-12,64.44,Paid,25,2025-09-06
706213,904849,123,2025-08-11,58.29,Paid,0,2025-08-11
706214,913641,347,2025-08-13,59.7,Paid,2,2025-08-15
706215,913541,342,2025-08-13,95.39,Paid,14,2025-08-27
706216,901868,44,2025-08-12,56.87,Paid,11,2025-08-23
706217,904360,111,2025-08-13,53.04,Paid,0,2025-08-13
706218,902237,53,2025-08-13,92.11,Paid,35,2025-09-17
706219,904542,115,2025-08-12,112.19,Paid,26,2025-09-07
706220,903891,100,2025-08-14,114.49,Paid,10,2025-08-24
706221,914747,371,2025-08-13,86.79,Paid,14,2025-08-27
706222,904502,115,2025-08-13,66.46,Paid,11,2025-08-24
706223,904190,107,2025-08-13,60.18,Paid,5,2025-08-18
706224,904786,121,2025-08-14,121.24,Paid,28,2025-09-11
706225,909574,232,2025-08-12,61.91,Paid,7,2025-08-19
706226,911289,281,2025-08-13,97.19,Paid,13,2025-08-26
706227,910553,256,2025-08-14,56.51,Paid,6,2025-08-20
706228,906517,166,2025-08-12,54.61,Paid,0,2025-08-12
706229,916196,404,2025-08-13,55.81,Paid,10,2025-08-23
706230,900512,13,2025-08-14,95.5,Paid,5,2025-08-19
706231,915164,379,2025-08-14,92.11,Paid,4,2025-08-18
706232,909743,235,2025-08-13,64.1,Paid,7,2025-08-20
706233,900357,10,2025-08-14,59.18,Paid,0,2025-08-14
706234,916815,419,2025-08-14,71.55,Paid,9,2025-08-23
706235,902443,58,2025-08-13,71.78,Paid,19,2025-09-01
706236,909056,219,2025-08-12,64.68,Paid,28,2025-09-09
706237,909369,227,2025-08-13,90.75,Paid,0,2025-08-13
706238,914074,355,2025-08-12,58.37,Paid,13,2025-08-25
706239,908503,205,2025-08-13,81.43,Paid,16,2025-08-29
706240,904916,124,2025-08-13,81.98,Paid,2,2025-08-15
706241,902794,69,2025-08-14,55.56,Paid,3,2025-08-17
706242,912895,329,2025-08-13,69.95,Paid,17,2025-08-30
706243,914991,377,2025-08-14,81.3,Paid,9,2025-08-23
706244,905021,125,2025-08-14,131.15,Paid,7,2025-08-21
706245,915916,397,2025-08-14,57.39,Paid,11,2025-08-25
706246,904125,105,2025-08-13,58.8,Paid,4,2025-08-17
706247,916364,409,2025-08-13,76.47,Paid,6,2025-08-19
706248,911006,270,2025-08-14,56.2,Paid,6,2025-08-20
706249,915098,378,2025-08-13,197.63,Paid,5,2025-08-18
706250,907560,187,2025-08-13,57.14,Paid,3,2025-08-16
706251,905996,151,2025-08-12,50.63,Paid,6,2025-08-18
706252,917715,374,2025-08-12,9521.27,Paid,18,2025-08-30
706253,910640,259,2025-08-14,177.4,Paid,0,2025-08-14
706254,912001,302,2025-08-14,173.84,Paid,14,2025-08-28
706255,907145,179,2025-08-13,97.29,Paid,10,2025-08-23
706256,900020,1,2025-08-12,55.58,Paid,3,2025-08-15
706257,914322,361,2025-08-14,58.83,Paid,5,2025-08-19
706258,916252,406,2025-08-14,56.33,Paid,0,2025-08-14
706259,906958,176,2025-08-14,78.8,Paid,9,2025-08-23
706260,916442,410,2025-08-12,148.47,Paid,20,2025-09-01
706261,916405,409,2025-08-12,135.95,Paid,24,2025-09-05
706262,901508,37,2025-08-14,70.09,Paid,23,2025-09-06
706263,902926,71,2025-08-14,53.96,Paid,0,2025-08-14
706264,904748,120,2025-08-14,123.79,Paid,21,2025-09-04
706265,917495,269,2025-08-13,344.0,Paid,2,2025-08-15
706266,900642,16,2025-08-13,54.83,Paid,4,2025-08-17
706267,910600,259,2025-08-13,120.7,Paid,3,2025-08-16
706268,909809,236,2025-08-14,126.4,Paid,0,2025-08-14
706269,908886,213,2025-08-15,124.89,Paid,13,2025-08-28
706270,906288,159,2025-08-14,91.48,Paid,16,2025-08-30
706271,907259,181,2025-08-14,52.44,Paid,7,2025-08-21
706272,907757,191,2025-08-15,117.35,Paid,2,2025-08-17
706273,901568,38,2025-08-15,93.74,Paid,0,2025-08-15
706274,915588,389,2025-08-15,97.41,Paid,3,2025-08-18
706275,911745,294,2025-08-15,88.76,Paid,9,2025-08-24
706276,913091,333,2025-08-14,81.65,Paid,0,2025-08-14
706277,905046,126,2025-08-13,78.6,Paid,17,2025-08-30
706278,915444,387,2025-08-13,70.45,Paid,36,2025-09-18
706279,908411,203,2025-08-14,128.86,Paid,9,2025-08-23
706280,914649,368,2025-08-15,57.47,Paid,0,2025-08-15
706281,902040,47,2025-08-15,93.29,Paid,14,2025-08-29
706282,910770,266,2025-08-14,58.65,Paid,6,2025-08-20
706283,906195,157,2025-08-13,56.08,Paid,10,2025-08-23
706284,908031,196,2025-08-15,59.14,Paid,9,2025-08-24
706285,904059,104,2025-08-13,56.04,Paid,11,2025-08-24
706286,911961,302,2025-08-14,123.96,Paid,9,2025-08-23
706287,915202,381,2025-08-14,125.65,Paid,10,2025-08-24
706288,905162,132,2025-08-15,91.91,Paid,1,2025-08-16
706289,902144,51,2025-08-15,115.63,Paid,4,2025-08-19
706290,906998,176,2025-08-13,133.78,Paid,0,2025-08-13
706291,906779,172,2025-08-14,57.53,Paid,26,2025-09-09
706292,904439,113,2025-08-13,96.78,Paid,6,2025-08-19
706293,905475,140,2025-08-14,104.3,Paid,7,2025-08-21
706294,911519,288,2025-08-14,54.59,Paid,4,2025-08-18
706295,900076,2,2025-08-14,62.94,Paid,6,2025-08-20
706296,915331,385,2025-08-15,77.61,Paid,0,2025-08-15
706297,906018,151,2025-08-15,93.5,Paid,0,2025-08-15
706298,908952,215,2025-08-15,125.49,Paid,13,2025-08-28
706299,900135,3,2025-08-15,128.86,Paid,0,2025-08-15
706300,905237,135,2025-08-15,93.48,Paid,10,2025-08-25
706301,903030,76,2025-08-13,58.33,Paid,0,2025-08-13
706302,912187,307,2025-08-14,63.21,Paid,11,2025-08-25
706303,907023,177,2025-08-13,57.77,Paid,14,2025-08-27
706304,901320,34,2025-08-14,65.44,Paid,27,2025-09-10
706305,907600,187,2025-08-15,88.22,Paid,3,2025-08-18
706306,903086,77,2025-08-15,69.41,Paid,23,2025-09-07
706307,917128,93,2025-08-13,736.81,Paid,0,2025-08-13
706308,902597,62,2025-08-15,123.39,Paid,15,2025-08-30
706309,904246,109,2025-08-15,64.86,Paid,2,2025-08-17
706310,910499,254,2025-08-13,110.21,Paid,16,2025-08-29
706311,915378,386,2025-08-15,56.48,Paid,0,2025-08-15
706312,901754,42,2025-08-13,83.04,Paid,24,2025-09-06
706313,917072,68,2025-08-14,481.21,Paid,9,2025-08-23
706314,906093,153,2025-08-14,119.91,Paid,0,2025-08-14
706315,909489,230,2025-08-16,115.94,Paid,13,2025-08-29
706316,908096,197,2025-08-14,84.14,Paid,3,2025-08-17
706317,904981,125,2025-08-16,76.69,Paid,4,2025-08-20
706318,916921,420,2025-08-14,129.92,Paid,0,2025-08-14
706319,910156,248,2025-08-14,123.03,Paid,15,2025-08-29
706320,910093,246,2025-08-16,109.49,Paid,27,2025-09-12
706321,912064,304,2025-08-15,99.65,Paid,26,2025-09-10
706322,917340,186,2025-08-16,563.28,Paid,15,2025-08-31
706323,904099,104,2025-08-16,93.34,Paid,7,2025-08-23
706324,902419,57,2025-08-14,108.0,Paid,31,2025-09-14
706325,911870,298,2025-08-15,100.07,Paid,5,2025-08-20
706326,901217,31,2025-08-15,114.96,Paid,0,2025-08-15
706327,911146,279,2025-08-14,57.21,Paid,3,2025-08-17
706328,904824,122,2025-08-16,150.46,Paid,40,2025-09-25
706329,912378,313,2025-08-16,112.69,Paid,13,2025-08-29
706330,906582,167,2025-08-16,62.31,Paid,0,2025-08-16
706331,900160,4,2025-08-16,81.04,Paid,0,2025-08-16
706332,912352,312,2025-08-16,218.57,Paid,13,2025-08-29
706333,904708,120,2025-08-15,86.91,Paid,0,2025-08-15
706334,902341,55,2025-08-15,87.11,Paid,15,2025-08-30
706335,904268,109,2025-08-14,95.27,Paid,14,2025-08-28
706336,912444,314,2025-08-16,65.61,Paid,13,2025-08-29
706337,905865,148,2025-08-14,55.9,Paid,7,2025-08-21
706338,911416,286,2025-08-16,53.47,Paid,16,2025-09-01
706339,905671,144,2025-08-15,89.69,Paid,19,2025-09-03
706340,912500,316,2025-08-14,127.65,Paid,6,2025-08-20
706341,916715,416,2025-08-16,126.01,Paid,15,2025-08-31
706342,904764,121,2025-08-14,65.91,Paid,26,2025-09-09
706343,914491,365,2025-08-14,57.4,Paid,15,2025-08-29
706344,908861,212,2025-08-14,124.92,Paid,23,2025-09-06
706345,914256,359,2025-08-14,84.48,Paid,17,2025-08-31
706346,916112,402,2025-08-15,66.51,Paid,15,2025-08-30
706347,907233,180,2025-08-15,137.63,Paid,3,2025-08-18
706348,914096,355,2025-08-15,96.49,Paid,1,2025-08-16
706349,909282,226,2025-08-14,73.77,Paid,7,2025-08-21
706350,914593,367,2025-08-14,58.28,Paid,9,2025-08-23
706351,913877,351,2025-08-14,57.86,Paid,8,2025-08-22
706352,917454,247,2025-08-14,2228.54,Paid,16,2025-08-30
706353,916019,399,2025-08-14,57.57,Paid,4,2025-08-18
706354,907467,184,2025-08-14,129.32,Paid,5,2025-08-19
706355,904606,118,2025-08-15,56.38,Paid,5,2025-08-20
706356,911792,295,2025-08-14,65.79,Paid,28,2025-09-11
706357,916985,29,2025-08-15,854.58,Paid,30,2025-09-14
706358,902278,53,2025-08-16,156.28,Paid,13,2025-08-29
706359,915650,391,2025-08-14,69.92,Paid,15,2025-08-29
706360,908437,204,2025-08-16,56.27,Paid,13,2025-08-29
706361,903250,83,2025-08-16,96.2,Paid,2,2025-08-18
706362,905178,133,2025-08-15,56.58,Paid,0,2025-08-15
706363,911896,299,2025-08-14,56.42,Paid,7,2025-08-21
706364,917140,99,2025-08-15,299.36,Paid,0,2025-08-15
706365,910515,255,2025-08-15,55.71,Paid,5,2025-08-20
706366,900405,11,2025-08-14,60.82,Paid,13,2025-08-27
706367,904455,114,2025-08-16,69.86,Paid,4,2025-08-20
706368,900981,27,2025-08-14,72.05,Paid,16,2025-08-30
706369,909030,216,2025-08-16,99.79,Paid,5,2025-08-21
706370,901046,28,2025-08-17,62.26,Paid,0,2025-08-17
706371,901191,30,2025-08-16,96.43,Paid,0,2025-08-16
706372,916571,413,2025-08-17,83.56,Paid,16,2025-09-02
706373,909875,238,2025-08-16,64.03,Paid,0,2025-08-16
706374,906326,161,2025-08-15,56.82,Paid,12,2025-08-27
706375,912209,307,2025-08-15,88.36,Paid,26,2025-09-10
706376,908661,208,2025-08-16,132.5,Paid,10,2025-08-26
706377,916880,420,2025-08-17,87.08,Paid,18,2025-09-04
706378,909394,228,2025-08-15,75.34,Paid,14,2025-08-29
706379,901386,35,2025-08-17,63.4,Paid,0,2025-08-17
706380,903550,92,2025-08-15,77.48,Paid,0,2025-08-15
706381,907192,180,2025-08-17,77.25,Paid,18,2025-09-04
706382,913232,336,2025-08-15,78.71,Paid,1,2025-08-16
706383,901843,43,2025-08-17,92.24,Paid,0,2025-08-17
706384,904580,116,2025-08-17,99.62,Paid,12,2025-08-29
706385,904890,123,2025-08-16,90.07,Paid,3,2025-08-19
706386,903865,99,2025-08-15,122.59,Paid,0,2025-08-15
706387,912130,306,2025-08-17,58.31,Paid,7,2025-08-24
706388,917560,298,2025-08-16,362.6,Paid,4,2025-08-20
706389,917362,200,2025-08-16,493.83,Paid,20,2025-09-05
706390,908683,208,2025-08-17,190.43,Paid,0,2025-08-17
706391,904802,122,2025-08-17,88.94,Paid,6,2025-08-23
706392,905799,147,2025-08-16,59.16,Paid,0,2025-08-16
706393,903228,83,2025-08-17,53.83,Paid,5,2025-08-22
706394,910873,268,2025-08-15,60.8,Paid,17,2025-09-01
706395,907426,184,2025-08-17,81.59,Paid,9,2025-08-26
706396,914763,372,2025-08-15,123.03,Paid,0,2025-08-15
706397,903720,97,2025-08-15,76.45,Paid,8,2025-08-23
706398,913774,349,2025-08-15,106.06,Paid,11,2025-08-26
706399,912484,314,2025-08-17,117.16,Paid,20,2025-09-06
706400,902860,70,2025-08-16,68.68,Paid,12,2025-08-28
706401,913066,331,2025-08-15,109.24,Paid,9,2025-08-24
706402,910392,252,2025-08-15,60.99,Paid,15,2025-08-30
706403,911688,293,2025-08-17,61.74,Paid,0,2025-08-17
706404,901273,32,2025-08-17,54.36,Paid,2,2025-08-19
706405,900300,9,2025-08-16,56.68,Paid,2,2025-08-18
706406,908323,201,2025-08-16,54.62,Paid,0,2025-08-16
706407,901593,39,2025-08-15,56.38,Paid,9,2025-08-24
706408,915057,378,2025-08-15,117.9,Paid,2,2025-08-17
706409,904294,110,2025-08-17,71.31,Paid,22,2025-09-08
706410,910707,261,2025-08-17,96.86,Paid,1,2025-08-18
706411,914189,357,2025-08-15,76.02,Paid,4,2025-08-19
706412,909121,221,2025-08-15,124.84,Paid,5,2025-08-20
706413,910939,269,2025-08-15,66.56,Paid,2,2025-08-17
706414,915716,393,2025-08-15,77.16,Paid,5,2025-08-20
706415,909527,231,2025-08-17,82.59,Paid,14,2025-08-31
706416,910537,255,2025-08-15,93.43,Paid,7,2025-08-22
706417,913748,348,2025-08-16,92.01,Paid,2,2025-08-18
706418,901112,29,2025-08-15,106.12,Paid,21,2025-09-05
706419,900707,18,2025-08-15,62.39,Paid,0,2025-08-15
706420,914811,373,2025-08-15,58.66,Paid,17,2025-09-01
706421,907666,188,2025-08-17,108.21,Paid,21,2025-09-07
706422,910575,256,2025-08-17,93.65,Paid,5,2025-08-22
706423,902103,51,2025-08-16,65.31,Paid,36,2025-09-21
706424,908783,211,2025-08-16,65.17,Paid,10,2025-08-26
706425,914378,362,2025-08-16,58.42,Paid,10,2025-08-26
706426,904401,111,2025-08-16,96.56,Paid,14,2025-08-30
706427,917747,389,2025-08-16,471.05,Paid,9,2025-08-25
706428,902623,64,2025-08-15,82.31,Paid,0,2025-08-15
706429,903313,85,2025-08-15,72.47,Paid,27,2025-09-11
706430,907873,193,2025-08-17,91.1,Paid,6,2025-08-23
706431,914852,373,2025-08-17,83.49,Paid,10,2025-08-27
706432,910326,251,2025-08-16,55.76,Paid,7,2025-08-23
706433,901546,38,2025-08-15,56.47,Paid,10,2025-08-25
706434,901530,37,2025-08-16,112.17,Paid,24,2025-09-09
706435,907691,190,2025-08-17,98.33,Paid,18,2025-09-04
706436,903171,81,2025-08-18,92.56,Paid,14,2025-09-01
706437,910109,247,2025-08-18,64.27,Paid,28,2025-09-15
706438,913433,341,2025-08-17,59.46,Paid,8,2025-08-25
706439,904335,110,2025-08-18,112.01,Paid,17,2025-09-04
706440,911326,282,2025-08-17,197.11,Paid,5,2025-08-22
706441,915783,394,2025-08-17,64.55,Paid,16,2025-09-02
706442,912039,303,2025-08-18,120.17,Paid,2,2025-08-20
706443,904646,118,2025-08-18,101.79,Paid,1,2025-08-19
706444,907940,194,2025-08-17,91.19,Paid,7,2025-08-24
706445,910723,262,2025-08-16,68.66,Paid,20,2025-09-05
706446,912960,330,2025-08-16,59.97,Paid,5,2025-08-21
706447,916950,15,2025-08-17,363.95,Paid,12,2025-08-29
706448,909630,233,2025-08-16,76.77,Paid,10,2025-08-26
706449,913299,339,2025-08-16,55.47,Paid,9,2025-08-25
706450,916467,411,2025-08-16,118.27,Paid,0,2025-08-16
706451,906386,163,2025-08-16,119.95,Paid,3,2025-08-19
706452,913707,348,2025-08-18,57.69,Paid,0,2025-08-18
706453,907299,181,2025-08-17,98.34,Paid,13,2025-08-30
706454,901697,41,2025-08-17,62.06,Paid,14,2025-08-31
706455,910666,261,2025-08-16,60.37,Paid,3,2025-08-19
706456,913340,339,2025-08-16,99.83,Paid,6,2025-08-22
706457,914163,356,2025-08-18,126.74,Paid,6,2025-08-24
706458,907899,194,2025-08-18,57.72,Paid,1,2025-08-19
706459,904956,124,2025-08-16,130.5,Paid,15,2025-08-31
706460,905263,137,2025-08-18,85.13,Paid,9,2025-08-27
706461,903657,95,2025-08-18,146.3,Paid,16,2025-09-03
706462,901169,30,2025-08-17,58.78,Paid,3,2025-08-20
706463,910259,250,2025-08-17,74.59,Paid,26,2025-09-12
706464,912263,309,2025-08-18,60.6,Paid,0,2025-08-18
706465,902982,72,2025-08-18,79.15,Paid,0,2025-08-18
706466,903787,98,2025-08-16,58.91,Paid,16,2025-09-01
706467,905368,139,2025-08-18,57.03,Paid,20,2025-09-07
706468,900471,13,2025-08-16,54.36,Paid,7,2025-08-23
706469,909304,226,2025-08-17,127.72,Paid,3,2025-08-20
706470,907493,186,2025-08-18,63.23,Paid,14,2025-09-01
706471,916752,417,2025-08-16,88.27,Paid,3,2025-08-19
706472,908757,210,2025-08-16,94.96,Paid,20,2025-09-05
706473,910212,249,2025-08-17,85.79,Paid,0,2025-08-17
706474,914122,356,2025-08-18,82.28,Paid,19,2025-09-06
706475,902170,52,2025-08-18,120.7,Paid,0,2025-08-18
706476,901672,40,2025-08-17,100.43,Paid,19,2025-09-05
706477,903266,84,2025-08-17,55.49,Paid,8,2025-08-25
706478,916524,412,2025-08-17,75.77,Paid,0,2025-08-17
706479,910034,245,2025-08-17,78.78,Paid,10,2025-08-27
706480,908926,213,2025-08-17,192.22,Paid,0,2025-08-17
706481,906684,170,2025-08-16,73.97,Paid,1,2025-08-17
706482,903004,72,2025-08-16,130.2,Paid,8,2025-08-24
706483,906453,164,2025-08-16,95.45,Paid,0,2025-08-16
706484,913500,342,2025-08-18,58.42,Paid,15,2025-09-02
706485,901999,47,2025-08-18,57.13,Paid,0,2025-08-18
706486,917458,249,2025-08-18,421.45,Paid,0,2025-08-18
706487,906827,173,2025-08-16,84.09,Paid,16,2025-09-01
706488,905708,145,2025-08-16,174.96,Paid,3,2025-08-19
706489,900576,15,2025-08-18,58.24,Paid,3,2025-08-21
706490,909652,233,2025-08-16,122.61,Paid,1,2025-08-17
706491,914966,376,2025-08-16,140.71,Paid,0,2025-08-16
706492,915972,398,2025-08-19,68.55,Paid,24,2025-09-12
706493,916675,416,2025-08-18,83.78,Paid,7,2025-08-25
706494,902444,58,2025-08-19,74.99,Paid,10,2025-08-29
706495,906893,175,2025-08-19,95.7,Paid,23,2025-09-11
706496,905921,149,2025-08-18,53.18,Paid,5,2025-08-23
706497,913026,331,2025-08-19,58.34,Paid,2,2025-08-21
706498,908371,203,2025-08-17,79.41,Paid,0,2025-08-17
706499,914868,374,2025-08-18,75.7,Paid,12,2025-08-30
706500,909978,242,2025-08-17,77.94,Paid,9,2025-08-26
706501,909473,229,2025-08-19,97.65,Paid,2,2025-08-21
706502,905320,138,2025-08-18,55.69,Paid,0,2025-08-18
706503,914425,363,2025-08-17,60.86,Paid,14,2025-08-31
706504,909244,225,2025-08-19,59.13,Paid,0,2025-08-19
706505,901452,36,2025-08-17,80.14,Paid,5,2025-08-22
706506,907732,190,2025-08-17,142.78,Paid,12,2025-08-29
706507,907089,178,2025-08-19,57.38,Paid,10,2025-08-29
706508,905734,146,2025-08-19,55.99,Paid,17,2025-09-05
706509,912522,316,2025-08-19,194.62,Paid,7,2025-08-26
706510,907324,182,2025-08-17,57.69,Paid,17,2025-09-03
706511,916096,401,2025-08-19,94.33,Paid,8,2025-08-27
706512,905631,144,2025-08-18,54.15,Paid,0,2025-08-18
706513,912725,323,2025-08-17,66.02,Paid,14,2025-08-31
706514,915218,382,2025-08-17,71.08,Paid,40,2025-09-26
706515,909329,227,2025-08-18,53.49,Paid,8,2025-08-26
706516,915293,384,2025-08-18,70.8,Paid,25,2025-09-12
706517,905435,140,2025-08-19,61.7,Paid,4,2025-08-23
706518,906055,152,2025-08-18,104.1,Paid,18,2025-09-05
706519,909188,222,2025-08-17,74.68,Paid,5,2025-08-22
706520,915277,383,2025-08-17,97.96,Paid,3,2025-08-20
706521,909451,229,2025-08-18,58.9,Paid,0,2025-08-18
706522,907813,192,2025-08-17,112.85,Paid,6,2025-08-23
706523,911249,281,2025-08-19,60.95,Paid,5,2025-08-24
706524,916365,409,2025-08-18,79.53,Paid,1,2025-08-19
706525,902680,65,2025-08-19,56.87,Paid,13,2025-09-01
706526,909783,235,2025-08-19,85.64,Paid,3,2025-08-22
706527,906109,155,2025-08-17,60.56,Paid,14,2025-08-31
706528,915850,395,2025-08-18,61.88,Paid,3,2025-08-21
706529,916628,414,2025-08-19,52.29,Paid,7,2025-08-26
706530,903761,97,2025-08-17,121.93,Paid,15,2025-09-01
706531,906868,173,2025-08-17,128.02,Paid,7,2025-08-24
706532,900200,4,2025-08-17,129.28,Paid,5,2025-08-22
706533,908568,206,2025-08-19,59.87,Paid,4,2025-08-23
706534,905566,143,2025-08-18,59.5,Paid,0,2025-08-18
706535,908543,205,2025-08-18,120.47,Paid,10,2025-08-28
706536,912225,308,2025-08-18,54.61,Paid,14,2025-09-01
706537,904417,113,2025-08-18,61.19,Paid,12,2025-08-30
706538,913594,345,2025-08-18,59.65,Paid,0,2025-08-18
706539,903380,86,2025-08-18,57.25,Paid,9,2025-08-27
706540,908163,198,2025-08-20,115.43,Paid,0,2025-08-20
706541,904361,111,2025-08-20,55.12,Paid,16,2025-09-05
706542,907626,188,2025-08-20,73.09,Paid,26,2025-09-15
706543,903446,87,2025-08-20,57.48,Paid,10,2025-08-30
706544,915690,391,2025-08-19,116.58,Paid,24,2025-09-12
706545,902521,60,2025-08-18,88.47,Paid,5,2025-08-23
706546,902078,48,2025-08-20,95.05,Paid,5,2025-08-25
706547,907851,193,2025-08-19,58.75,Paid,10,2025-08-29
706548,900811,21,2025-08-20,86.66,Paid,21,2025-09-10
706549,913147,334,2025-08-19,56.14,Paid,13,2025-09-01
706550,903994,103,2025-08-18,80.77,Paid,16,2025-09-03
706551,907797,191,2025-08-20,189.96,Paid,9,2025-08-29
706552,906413,164,2025-08-20,61.85,Paid,13,2025-09-02
706553,915124,379,2025-08-19,56.23,Paid,13,2025-09-01
706554,910459,254,2025-08-20,68.96,Paid,8,2025-08-28
706555,908229,199,2025-08-18,75.63,Paid,8,2025-08-26
706556,911186,279,2025-08-19,83.47,Paid,0,2025-08-19
706557,903617,95,2025-08-18,91.02,Paid,26,2025-09-13
706558,901803,43,2025-08-19,52.9,Paid,2,2025-08-21
706559,912622,320,2025-08-18,78.01,Paid,5,2025-08-23
706560,912104,304,2025-08-19,157.64,Paid,18,2025-09-06
706561,914296,359,2025-08-20,135.84,Paid,3,2025-08-23
706562,911622,290,2025-08-18,50.34,Paid,9,2025-08-27
706563,917641,339,2025-08-19,590.4,Paid,10,2025-08-29
706564,905501,142,2025-08-19,64.19,Paid,21,2025-09-09
706565,900528,14,2025-08-18,67.82,Paid,14,2025-09-01
706566,915548,389,2025-08-18,56.78,Paid,22,2025-09-09
706567,902238,53,2025-08-19,90.92,Paid,19,2025-09-07
706568,912678,322,2025-08-20,121.86,Paid,7,2025-08-27
706569,904850,123,2025-08-19,54.66,Paid,0,2025-08-19
706570,901869,44,2025-08-19,57.24,Paid,0,2025-08-19
706571,906147,156,2025-08-18,57.44,Paid,5,2025-08-23
706572,916300,408,2025-08-20,61.19,Paid,3,2025-08-23
706573,901427,35,2025-08-20,92.22,Paid,10,2025-08-30
706574,915353,385,2025-08-19,123.49,Paid,22,2025-09-10
706575,917589,313,2025-08-18,4282.89,Paid,0,2025-08-18
706576,911351,283,2025-08-18,113.74,Paid,0,2025-08-18
706577,911046,270,2025-08-20,97.89,Paid,1,2025-08-21
706578,908307,200,2025-08-20,118.38,Paid,21,2025-09-10
706579,910234,249,2025-08-19,130.94,Paid,0,2025-08-19
706580,908504,205,2025-08-21,83.18,Paid,7,2025-08-28
706581,909057,219,2025-08-20,69.32,Paid,13,2025-09-02
706582,909953,241,2025-08-20,89.05,Paid,2,2025-08-22
706583,909575,232,2025-08-19,55.14,Paid,21,2025-09-09
706584,910745,262,2025-08-21,113.98,Paid,15,2025-09-05
706585,906959,176,2025-08-21,83.3,Paid,10,2025-08-31
706586,906638,169,2025-08-19,71.68,Paid,19,2025-09-07
706587,911062,274,2025-08-20,74.4,Paid,0,2025-08-20
706588,909932,241,2025-08-19,52.93,Paid,0,2025-08-19
706589,909008,216,2025-08-21,59.37,Paid,12,2025-09-02
706590,909435,228,2025-08-19,121.57,Paid,0,2025-08-19
706591,901934,45,2025-08-20,58.2,Paid,9,2025-08-29
706592,916816,419,2025-08-21,79.71,Paid,5,2025-08-26
706593,917300,170,2025-08-19,2794.29,Paid,11,2025-08-30
706594,913367,340,2025-08-19,60.03,Paid,20,2025-09-08
706595,904503,115,2025-08-20,74.32,Paid,23,2025-09-12
706596,913185,335,2025-08-20,58.07,Paid,0,2025-08-20
706597,912662,320,2025-08-19,127.73,Paid,16,2025-09-04
706598,904126,105,2025-08-19,60.6,Paid,24,2025-09-12
706599,902927,71,2025-08-20,57.52,Paid,6,2025-08-26
706600,913407,340,2025-08-20,105.22,Paid,24,2025-09-13
706601,906518,166,2025-08-21,59.79,Paid,16,2025-09-06
706602,903892,100,2025-08-20,126.12,Paid,0,2025-08-20
706603,913981,353,2025-08-20,58.72,Paid,13,2025-09-02
706604,902500,60,2025-08-21,54.76,Paid,4,2025-08-25
706605,913557,343,2025-08-19,79.0,Paid,10,2025-08-29
706606,912896,329,2025-08-20,60.74,Paid,16,2025-09-05
706607,916731,417,2025-08-21,53.81,Paid,12,2025-09-02
706608,905943,149,2025-08-19,94.19,Paid,0,2025-08-19
706609,914928,375,2025-08-21,98.87,Paid,10,2025-08-31
706610,912575,318,2025-08-21,54.25,Paid,9,2025-08-30
706611,916197,404,2025-08-19,58.43,Paid,8,2025-08-27
706612,914323,361,2025-08-20,62.23,Paid,6,2025-08-26
706613,903673,96,2025-08-20,59.77,Paid,15,2025-09-04
706614,904917,124,2025-08-19,83.16,Paid,8,2025-08-27
706615,906310,159,2025-08-19,146.95,Paid,25,2025-09-13
706616,905304,137,2025-08-21,141.8,Paid,5,2025-08-26
706617,915500,388,2025-08-19,56.85,Paid,20,2025-09-08
706618,900021,1,2025-08-21,56.84,Paid,8,2025-08-29
706619,900060,1,2025-08-20,80.75,Paid,0,2025-08-20
706620,914547,366,2025-08-19,80.29,Paid,6,2025-08-25
706621,909678,234,2025-08-21,58.43,Paid,0,2025-08-21
706622,916150,403,2025-08-21,78.51,Paid,14,2025-09-04
706623,905541,142,2025-08-22,91.16,Paid,8,2025-08-30
706624,908720,209,2025-08-20,94.78,Paid,0,2025-08-20
706625,914531,365,2025-08-22,92.82,Paid,2,2025-08-24
706626,900748,18,2025-08-22,98.93,Paid,14,2025-09-05
706627,900114,3,2025-08-22,74.8,Paid,6,2025-08-28
706628,913474,341,2025-08-21,86.58,Paid,6,2025-08-27
706629,915256,383,2025-08-22,58.22,Paid,7,2025-08-29
706630,900550,14,2025-08-21,113.68,Paid,23,2025-09-13
706631,916075,401,2025-08-22,52.93,Paid,13,2025-09-04
706632,909744,235,2025-08-22,52.29,Paid,16,2025-09-07
706633,910601,259,2025-08-20,131.78,Paid,10,2025-08-30
706634,900915,25,2025-08-21,85.22,Paid,14,2025-09-04
706635,911962,302,2025-08-21,127.31,Paid,26,2025-09-16
706636,907966,195,2025-08-20,55.68,Paid,5,2025-08-25
706637,903031,76,2025-08-20,59.31,Paid,13,2025-09-02
706638,915824,394,2025-08-20,110.64,Paid,22,2025-09-11
706639,900216,6,2025-08-20,58.22,Paid,10,2025-08-30
706640,913682,347,2025-08-20,101.3,Paid,16,2025-09-05
706641,912803,324,2025-08-20,100.7,Paid,0,2025-08-20
706642,913642,347,2025-08-22,58.04,Paid,12,2025-09-03
706643,912829,328,2025-08-22,68.48,Paid,20,2025-09-11
706644,908953,215,2025-08-20,115.7,Paid,22,2025-09-11
706645,909849,236,2025-08-20,178.31,Paid,0,2025-08-20
706646,906196,157,2025-08-20,57.08,Paid,11,2025-08-31
706647,905959,150,2025-08-22,61.79,Paid,3,2025-08-25
706648,913616,345,2025-08-21,90.77,Paid,7,2025-08-28
706649,917042,53,2025-08-21,905.78,Paid,34,2025-09-24
706650,916931,5,2025-08-20,6923.93,Paid,11,2025-08-31
706651,912312,312,2025-08-20,140.55,Paid,6,2025-08-26
706652,911520,288,2025-08-22,57.19,Paid,7,2025-08-29
706653,905606,143,2025-08-20,95.63,Paid,11,2025-08-31
706654,902728,66,2025-08-21,84.71,Paid,0,2025-08-21
706655,909096,219,2025-08-20,114.72,Paid,24,2025-09-13
706656,915651,391,2025-08-22,60.94,Paid,21,2025-09-12
706657,901321,34,2025-08-22,68.67,Paid,3,2025-08-25
706658,903844,99,2025-08-20,76.97,Paid,0,2025-08-20
706659,909810,236,2025-08-20,123.71,Paid,9,2025-08-29
706660,915315,384,2025-08-22,114.3,Paid,26,2025-09-17
706661,916171,403,2025-08-21,125.5,Paid,0,2025-08-21
706662,903288,84,2025-08-21,94.38,Paid,25,2025-09-15
706663,913092,333,2025-08-20,82.13,Paid,4,2025-08-24
706664,915379,386,2025-08-22,61.37,Paid,3,2025-08-25
706665,908887,213,2025-08-22,120.27,Paid,12,2025-09-03
706666,917763,395,2025-08-22,385.73,Paid,13,2025-09-04
706667,904060,104,2025-08-20,55.82,Paid,0,2025-08-20
706668,906622,167,2025-08-22,90.28,Paid,1,2025-08-23
706669,908032,196,2025-08-22,57.95,Paid,14,2025-09-05
706670,907260,181,2025-08-21,53.29,Paid,14,2025-09-04
706671,907534,186,2025-08-21,88.66,Paid,0,2025-08-21
706672,904982,125,2025-08-20,73.32,Paid,10,2025-08-30
706673,916546,412,2025-08-22,127.52,Paid,16,2025-09-07
706674,910300,250,2025-08-22,128.41,Paid,4,2025-08-26
706675,913169,334,2025-08-21,93.69,Paid,6,2025-08-27
706676,908345,201,2025-08-22,95.41,Paid,9,2025-08-31
706677,910810,266,2025-08-21,105.7,Paid,5,2025-08-26
706678,915917,397,2025-08-23,57.04,Paid,0,2025-08-23
706679,900851,21,2025-08-21,158.84,Paid,18,2025-09-08
706680,908097,197,2025-08-21,82.67,Paid,1,2025-08-22
706681,913206,335,2025-08-21,92.91,Paid,0,2025-08-21
706682,914992,377,2025-08-23,76.42,Paid,0,2025-08-23
706683,911729,293,2025-08-22,89.91,Paid,8,2025-08-30
706684,906659,169,2025-08-21,114.01,Paid,32,2025-09-22
706685,903070,76,2025-08-22,87.83,Paid,9,2025-08-31
706686,914058,354,2025-08-21,97.74,Paid,15,2025-09-05
706687,902966,71,2025-08-23,91.3,Paid,0,2025-08-23
706688,917196,122,2025-08-23,398.27,Paid,7,2025-08-30
706689,910157,248,2025-08-21,127.34,Paid,9,2025-08-30
706690,908438,204,2025-08-23,51.8,Paid,15,2025-09-07
706691,917146,101,2025-08-23,569.2,Paid,5,2025-08-28
706692,911099,275,2025-08-22,55.8,Paid,0,2025-08-22
706693,910826,267,2025-08-21,117.66,Paid,12,2025-09-02
706694,906034,152,2025-08-23,61.85,Paid,6,2025-08-29
706695,903695,96,2025-08-22,96.95,Paid,0,2025-08-22
706696,914257,359,2025-08-22,84.69,Paid,0,2025-08-22
706697,906583,167,2025-08-23,52.37,Paid,3,2025-08-26
706698,900785,19,2025-08-23,92.81,Paid,5,2025-08-28
706699,902342,55,2025-08-22,87.92,Paid,23,2025-09-14
706700,902901,70,2025-08-22,107.3,Paid,36,2025-09-27
706701,902795,69,2025-08-23,58.71,Paid,10,2025-09-02
706702,900161,4,2025-08-23,78.53,Paid,1,2025-08-24
706703,915604,390,2025-08-22,57.32,Paid,10,2025-09-01
706704,914230,357,2025-08-22,127.45,Paid,13,2025-09-04
706705,912065,304,2025-08-23,96.58,Paid,20,2025-09-12
706706,916020,399,2025-08-23,55.91,Paid,0,2025-08-23
706707,910072,246,2025-08-22,73.45,Paid,27,2025-09-18
706708,912445,314,2025-08-23,63.78,Paid,21,2025-09-13
706709,909511,230,2025-08-23,188.89,Paid,0,2025-08-23
706710,900764,19,2025-08-23,56.15,Paid,6,2025-08-29
706711,908840,212,2025-08-21,66.63,Paid,18,2025-09-08
706712,908608,206,2025-08-21,86.07,Paid,6,2025-08-27
706713,904191,107,2025-08-23,55.55,Paid,5,2025-08-28
706714,901218,31,2025-08-21,120.09,Paid,32,2025-09-22
706715,903145,79,2025-08-21,97.22,Paid,10,2025-08-31
706716,909549,231,2025-08-21,127.67,Paid,15,2025-09-05
706717,911007,270,2025-08-22,56.88,Paid,21,2025-09-12
706718,903124,79,2025-08-23,55.56,Paid,0,2025-08-23
706719,908624,207,2025-08-22,72.27,Paid,22,2025-09-13
706720,900406,11,2025-08-21,57.73,Paid,0,2025-08-21
706721,911147,279,2025-08-23,56.79,Paid,0,2025-08-23
706722,911417,286,2025-08-23,59.82,Paid,4,2025-08-27
706723,907835,192,2025-08-21,180.77,Paid,0,2025-08-21
706724,914465,363,2025-08-21,91.16,Paid,5,2025-08-26
706725,912379,313,2025-08-21,108.36,Paid,14,2025-09-04
706726,908992,215,2025-08-22,178.91,Paid,5,2025-08-27
706727,913878,351,2025-08-22,57.51,Paid,5,2025-08-27
706728,904683,119,2025-08-23,101.08,Paid,0,2025-08-23
706729,905047,126,2025-08-21,84.47,Paid,1,2025-08-22
706730,904709,120,2025-08-22,83.68,Paid,5,2025-08-27
706731,902484,58,2025-08-22,107.44,Paid,21,2025-09-12
706732,905866,148,2025-08-21,54.8,Paid,10,2025-08-31
706733,914492,365,2025-08-23,57.48,Paid,13,2025-09-05
706734,912935,329,2025-08-22,106.64,Paid,9,2025-08-31
706735,915240,382,2025-08-22,114.63,Paid,26,2025-09-17
706736,900982,27,2025-08-21,83.38,Paid,17,2025-09-07
706737,910771,266,2025-08-22,62.25,Paid,20,2025-09-11
706738,906251,158,2025-08-23,67.11,Paid,32,2025-09-24
706739,914594,367,2025-08-23,55.37,Paid,20,2025-09-12
706740,913831,350,2025-08-21,55.45,Paid,0,2025-08-21
706741,913131,333,2025-08-23,121.79,Paid,3,2025-08-26
706742,905086,126,2025-08-21,124.44,Paid,14,2025-09-04
706743,904607,118,2025-08-21,53.83,Paid,17,2025-09-07
706744,907561,187,2025-08-22,57.21,Paid,0,2025-08-22
706745,903524,88,2025-08-22,108.68,Paid,24,2025-09-15
706746,914568,366,2025-08-21,129.94,Paid,0,2025-08-21
706747,912538,317,2025-08-22,79.36,Paid,17,2025-09-08
706748,903968,102,2025-08-23,112.41,Paid,29,2025-09-21
706749,911575,289,2025-08-22,56.8,Paid,10,2025-09-01
706750,911793,295,2025-08-21,70.95,Paid,16,2025-09-06
706751,911897,299,2025-08-23,57.59,Paid,17,2025-09-09
706752,901387,35,2025-08-23,59.95,Paid,0,2025-08-23
706753,910874,268,2025-08-23,58.45,Paid,9,2025-09-01
706754,917375,205,2025-08-22,739.54,Paid,0,2025-08-22
706755,909395,228,2025-08-23,74.28,Paid,6,2025-08-29
706756,902294,54,2025-08-22,59.6,Paid,10,2025-09-01
706757,917484,261,2025-08-24,252.5,Paid,3,2025-08-27
706758,914944,376,2025-08-23,85.23,Paid,0,2025-08-23
706759,900253,7,2025-08-24,60.06,Paid,1,2025-08-25
706760,915717,393,2025-08-24,80.64,Paid,0,2025-08-24
706761,916881,420,2025-08-23,71.95,Paid,0,2025-08-23
706762,914190,357,2025-08-23,76.39,Paid,7,2025-08-30
706763,905905,148,2025-08-23,87.72,Paid,18,2025-09-10
706764,900275,7,2025-08-22,97.55,Paid,13,2025-09-04
706765,900301,9,2025-08-24,60.56,Paid,8,2025-09-01
706766,902104,51,2025-08-24,69.67,Paid,33,2025-09-26
706767,905800,147,2025-08-24,54.39,Paid,6,2025-08-30
706768,902861,70,2025-08-22,68.91,Paid,10,2025-09-01
706769,907427,184,2025-08-23,77.02,Paid,3,2025-08-26
706770,903721,97,2025-08-22,80.26,Paid,0,2025-08-22
706771,906933,175,2025-08-23,155.61,Paid,27,2025-09-19
706772,915058,378,2025-08-24,129.66,Paid,0,2025-08-24
706773,913775,349,2025-08-23,113.71,Paid,0,2025-08-23
706774,904295,110,2025-08-23,68.31,Paid,19,2025-09-11
706775,910393,252,2025-08-24,56.86,Paid,0,2025-08-24
706776,901047,28,2025-08-23,62.41,Paid,0,2025-08-23
706777,905687,145,2025-08-22,114.35,Paid,2,2025-08-24
706778,908645,207,2025-08-23,112.93,Paid,16,2025-09-08
706779,909122,221,2025-08-22,120.75,Paid,7,2025-08-29
706780,907692,190,2025-08-24,91.94,Paid,27,2025-09-20
706781,908784,211,2025-08-22,63.99,Paid,12,2025-09-03
706782,900708,18,2025-08-22,57.7,Paid,5,2025-08-27
706783,903551,92,2025-08-22,77.23,Paid,18,2025-09-09
706784,906741,171,2025-08-23,80.92,Paid,16,2025-09-08
706785,900643,16,2025-08-22,52.74,Paid,5,2025-08-27
706786,901594,39,2025-08-23,54.77,Paid,0,2025-08-23
706787,910940,269,2025-08-24,53.06,Paid,10,2025-09-03
706788,901113,29,2025-08-24,91.47,Paid,31,2025-09-24
706789,909876,238,2025-08-23,56.99,Paid,0,2025-08-23
706790,903314,85,2025-08-22,75.46,Paid,19,2025-09-10
706791,917201,125,2025-08-24,479.05,Paid,0,2025-08-24
706792,908285,200,2025-08-23,66.84,Paid,30,2025-09-22
706793,912017,303,2025-08-23,80.53,Paid,6,2025-08-29
706794,905140,132,2025-08-24,58.16,Paid,12,2025-09-05
706795,907380,183,2025-08-24,82.51,Paid,14,2025-09-07
706796,913233,336,2025-08-22,77.76,Paid,0,2025-08-22
706797,911689,293,2025-08-24,62.02,Paid,22,2025-09-15
706798,910327,251,2025-08-22,61.99,Paid,16,2025-09-07
706799,907758,191,2025-08-24,117.71,Paid,9,2025-09-02
706800,902537,61,2025-08-22,66.72,Paid,31,2025-09-22
706801,907024,177,2025-08-24,57.79,Paid,3,2025-08-27
706802,915445,387,2025-08-24,70.12,Paid,15,2025-09-08
706803,903502,88,2025-08-23,69.26,Paid,43,2025-10-05
706804,902624,64,2025-08-22,78.47,Paid,3,2025-08-25
706805,912131,306,2025-08-22,53.43,Paid,8,2025-08-30
706806,916572,413,2025-08-23,77.24,Paid,4,2025-08-27
706807,907193,180,2025-08-24,78.32,Paid,0,2025-08-24
706808,914812,373,2025-08-22,57.97,Paid,1,2025-08-23
706809,906469,165,2025-08-23,55.32,Paid,11,2025-09-03
706810,903172,81,2025-08-24,99.28,Paid,33,2025-09-26
706811,906685,170,2025-08-24,75.45,Paid,22,2025-09-15
706812,900577,15,2025-08-23,58.11,Paid,0,2025-08-23
706813,906828,173,2025-08-24,74.49,Paid,17,2025-09-10
706814,912961,330,2025-08-25,55.6,Paid,0,2025-08-25
706815,904558,116,2025-08-25,64.07,Paid,8,2025-09-02
706816,911202,280,2025-08-24,62.15,Paid,7,2025-08-31
706817,917708,371,2025-08-25,5101.92,Paid,7,2025-09-01
706818,914906,375,2025-08-23,56.23,Paid,0,2025-08-23
706819,905264,137,2025-08-24,80.25,Paid,13,2025-09-06
706820,916966,22,2025-08-24,2669.97,Paid,20,2025-09-13
706821,900472,13,2025-08-24,59.56,Paid,20,2025-09-13
706822,913708,348,2025-08-24,53.02,Paid,10,2025-09-03
706823,902056,48,2025-08-25,59.86,Paid,14,2025-09-08
706824,913300,339,2025-08-24,64.1,Paid,1,2025-08-25
706825,905102,129,2025-08-23,81.11,Paid,12,2025-09-04
706826,903788,98,2025-08-23,57.51,Paid,4,2025-08-27
706827,916468,411,2025-08-23,124.11,Paid,10,2025-09-02
706828,901698,41,2025-08-24,59.31,Paid,23,2025-09-16
706829,902000,47,2025-08-24,52.26,Paid,0,2025-08-24
706830,905369,139,2025-08-25,64.0,Paid,8,2025-09-02
706831,913434,341,2025-08-24,56.0,Paid,9,2025-09-02
706832,902171,52,2025-08-24,127.0,Paid,13,2025-09-06
706833,914687,370,2025-08-24,75.5,Paid,19,2025-09-12
706834,915784,394,2025-08-25,65.24,Paid,14,2025-09-08
706835,907494,186,2025-08-23,55.31,Paid,7,2025-08-30
706836,914123,356,2025-08-23,82.31,Paid,8,2025-08-31
706837,913501,342,2025-08-23,55.65,Paid,10,2025-09-02
706838,910260,250,2025-08-23,84.29,Paid,0,2025-08-23
706839,911848,298,2025-08-24,55.84,Paid,0,2025-08-24
706840,910667,261,2025-08-25,61.5,Paid,11,2025-09-05
706841,907900,194,2025-08-24,63.47,Paid,23,2025-09-16
706842,915851,395,2025-08-26,59.47,Paid,5,2025-08-31
706843,909979,242,2025-08-25,74.73,Paid,0,2025-08-25
706844,903947,102,2025-08-25,71.96,Paid,18,2025-09-12
706845,916421,410,2025-08-25,88.2,Paid,13,2025-09-07
706846,908736,210,2025-08-25,57.94,Paid,6,2025-08-31
706847,913982,353,2025-08-26,56.0,Paid,12,2025-09-07
706848,911352,283,2025-08-26,120.57,Paid,10,2025-09-05
706849,905735,146,2025-08-24,57.36,Paid,3,2025-08-27
706850,914037,354,2025-08-26,55.57,Paid,10,2025-09-05
706851,906894,175,2025-08-25,91.58,Paid,13,2025-09-07
706852,917523,283,2025-08-25,761.57,Paid,0,2025-08-25
706853,905632,144,2025-08-26,63.65,Paid,0,2025-08-26
706854,916676,416,2025-08-25,81.79,Paid,0,2025-08-25
706855,913027,331,2025-08-24,57.96,Paid,4,2025-08-28
706856,911250,281,2025-08-26,60.05,Paid,3,2025-08-29
706857,908230,199,2025-08-24,77.92,Paid,4,2025-08-28
706858,903618,95,2025-08-24,90.71,Paid,33,2025-09-26
706859,909189,222,2025-08-26,84.91,Paid,1,2025-08-27
706860,904662,119,2025-08-24,57.46,Paid,13,2025-09-06
706861,908372,203,2025-08-24,77.79,Paid,10,2025-09-03
706862,914426,363,2025-08-26,62.05,Paid,15,2025-09-10
706863,911305,282,2025-08-25,116.54,Paid,0,2025-08-25
706864,905436,140,2025-08-25,52.55,Paid,2,2025-08-27
706865,911472,287,2025-08-26,57.22,Paid,0,2025-08-26
706866,908569,206,2025-08-25,61.35,Paid,14,2025-09-08
706867,908699,209,2025-08-25,59.04,Paid,19,2025-09-13
706868,912726,323,2025-08-26,66.9,Paid,30,2025-09-25
706869,917351,194,2025-08-26,1799.16,Paid,15,2025-09-10
706870,901453,36,2025-08-25,75.48,Paid,12,2025-09-06
706871,907090,178,2025-08-26,61.24,Paid,5,2025-08-31
706872,916366,409,2025-08-24,77.48,Paid,0,2025-08-24
706873,907325,182,2025-08-24,56.17,Paid,5,2025-08-29
706874,909330,227,2025-08-24,55.85,Paid,10,2025-09-03
706875,912623,320,2025-08-24,78.66,Paid,10,2025-09-03
706876,902445,58,2025-08-26,68.27,Paid,12,2025-09-07
706877,905567,143,2025-08-25,62.81,Paid,8,2025-09-02
706878,901935,45,2025-08-24,55.1,Paid,2,2025-08-26
706879,905216,135,2025-08-25,57.71,Paid,5,2025-08-30
706880,904362,111,2025-08-26,59.35,Paid,7,2025-09-02
706881,912782,324,2025-08-27,58.34,Paid,0,2025-08-27
706882,900812,21,2025-08-27,90.5,Paid,21,2025-09-17
706883,902576,62,2025-08-27,76.23,Paid,1,2025-08-28
706884,915181,381,2025-08-26,76.48,Paid,3,2025-08-29
706885,916940,13,2025-08-27,3185.89,Paid,0,2025-08-27
706886,916932,6,2025-08-27,474.91,Paid,16,2025-09-12
706887,915549,389,2025-08-25,53.87,Paid,14,2025-09-08
706888,905502,142,2025-08-27,53.12,Paid,5,2025-09-01
706889,913368,340,2025-08-27,69.93,Paid,24,2025-09-20
706890,902398,57,2025-08-25,72.36,Paid,17,2025-09-11
706891,900868,22,2025-08-26,65.2,Paid,24,2025-09-19
706892,913934,352,2025-08-27,109.26,Paid,1,2025-08-28
706893,902239,53,2025-08-25,88.37,Paid,22,2025-09-16
706894,902729,66,2025-08-25,77.57,Paid,17,2025-09-11
706895,908164,198,2025-08-27,136.13,Paid,0,2025-08-27
706896,901651,40,2025-08-26,56.23,Paid,0,2025-08-26
706897,909679,234,2025-08-26,60.21,Paid,0,2025-08-26
706898,913643,347,2025-08-25,59.82,Paid,3,2025-08-28
706899,912830,328,2025-08-26,61.96,Paid,29,2025-09-24
706900,917156,104,2025-08-27,296.86,Paid,3,2025-08-30
706901,903995,103,2025-08-27,80.16,Paid,11,2025-09-07
706902,910460,254,2025-08-25,70.79,Paid,29,2025-09-23
706903,911623,290,2025-08-26,59.9,Paid,11,2025-09-06
706904,912313,312,2025-08-26,144.64,Paid,29,2025-09-24
706905,906414,164,2025-08-26,57.8,Paid,7,2025-09-02
706906,903447,87,2025-08-27,55.0,Paid,9,2025-09-05
706907,907627,188,2025-08-26,74.12,Paid,27,2025-09-22
706908,901870,44,2025-08-27,59.14,Paid,0,2025-08-27
706909,916769,418,2025-08-27,56.4,Paid,11,2025-09-07
706910,904127,105,2025-08-28,59.33,Paid,6,2025-09-03
706911,910554,256,2025-08-27,57.31,Paid,8,2025-09-04
706912,901509,37,2025-08-28,67.46,Paid,6,2025-09-03
706913,905997,151,2025-08-26,56.85,Paid,20,2025-09-15
706914,906519,166,2025-08-27,56.99,Paid,10,2025-09-06
706915,907562,187,2025-08-26,55.34,Paid,0,2025-08-26
706916,915125,379,2025-08-27,53.9,Paid,6,2025-09-02
706917,916960,19,2025-08-27,3556.65,Paid,3,2025-08-30
706918,916198,404,2025-08-26,59.43,Paid,7,2025-09-02
706919,908505,205,2025-08-27,82.81,Paid,11,2025-09-07
706920,911008,270,2025-08-27,56.86,Paid,3,2025-08-30
706921,914993,377,2025-08-28,79.71,Paid,13,2025-09-10
706922,916817,419,2025-08-26,77.33,Paid,17,2025-09-12
706923,906960,176,2025-08-27,86.77,Paid,7,2025-09-03
706924,909745,235,2025-08-26,54.57,Paid,22,2025-09-17
706925,916253,406,2025-08-26,59.85,Paid,0,2025-08-26
706926,901804,43,2025-08-27,58.19,Paid,0,2025-08-27
706927,914075,355,2025-08-27,56.02,Paid,0,2025-08-27
706928,915918,397,2025-08-26,59.26,Paid,0,2025-08-26
706929,900916,25,2025-08-27,78.18,Paid,14,2025-09-10
706930,904851,123,2025-08-26,61.22,Paid,13,2025-09-08
706931,914324,361,2025-08-28,60.82,Paid,11,2025-09-08
706932,916301,408,2025-08-28,56.84,Paid,18,2025-09-15
706933,900358,10,2025-08-28,58.3,Paid,0,2025-08-28
706934,902796,69,2025-08-27,52.64,Paid,7,2025-09-03
706935,912897,329,2025-08-28,69.69,Paid,9,2025-09-06
706936,914726,371,2025-08-27,58.18,Paid,13,2025-09-09
706937,902928,71,2025-08-28,58.65,Paid,1,2025-08-29
706938,909058,219,2025-08-26,66.53,Paid,26,2025-09-21
706939,904918,124,2025-08-27,77.61,Paid,5,2025-09-01
706940,904504,115,2025-08-28,66.76,Paid,20,2025-09-17
706941,901322,34,2025-08-27,77.26,Paid,22,2025-09-18
706942,907759,191,2025-08-28,116.86,Paid,3,2025-08-31
706943,901755,42,2025-08-27,76.59,Paid,0,2025-08-27
706944,915652,391,2025-08-29,67.2,Paid,22,2025-09-20
706945,907146,179,2025-08-29,88.81,Paid,32,2025-09-30
706946,903381,86,2025-08-27,55.6,Paid,9,2025-09-05
706947,908954,215,2025-08-28,114.16,Paid,2,2025-08-30
706948,905048,126,2025-08-27,75.76,Paid,13,2025-09-09
706949,907967,195,2025-08-28,60.66,Paid,10,2025-09-07
706950,911963,302,2025-08-29,120.93,Paid,0,2025-08-29
706951,913093,333,2025-08-29,75.37,Paid,6,2025-09-04
706952,912188,307,2025-08-29,61.73,Paid,6,2025-09-04
706953,906072,153,2025-08-27,77.96,Paid,7,2025-09-03
706954,907025,177,2025-08-29,52.8,Paid,10,2025-09-08
706955,900077,2,2025-08-28,58.93,Paid,5,2025-09-02
706956,906365,163,2025-08-27,81.05,Paid,12,2025-09-08
706957,906780,172,2025-08-28,58.87,Paid,0,2025-08-28
706958,915446,387,2025-08-28,72.27,Paid,27,2025-09-24
706959,906289,159,2025-08-28,99.28,Paid,18,2025-09-15
706960,909811,236,2025-08-29,129.0,Paid,0,2025-08-29
706961,903087,77,2025-08-29,66.0,Paid,15,2025-09-13
706962,903032,76,2025-08-29,59.95,Paid,17,2025-09-15
706963,910602,259,2025-08-28,117.5,Paid,6,2025-09-03
706964,911521,288,2025-08-29,56.94,Paid,10,2025-09-08
706965,906197,157,2025-08-28,57.68,Paid,18,2025-09-15
706966,916113,402,2025-08-28,72.75,Paid,15,2025-09-12
706967,904983,125,2025-08-29,86.01,Paid,11,2025-09-09
706968,904247,109,2025-08-29,56.53,Paid,0,2025-08-29
706969,911746,294,2025-08-29,89.21,Paid,14,2025-09-12
706970,900644,16,2025-08-29,52.41,Paid,0,2025-08-29
706971,904192,107,2025-08-29,60.38,Paid,0,2025-08-29
706972,908033,196,2025-08-29,57.88,Paid,0,2025-08-29
706973,910772,266,2025-08-29,56.38,Paid,15,2025-09-13
706974,914650,368,2025-08-29,53.95,Paid,0,2025-08-29
706975,915380,386,2025-08-27,53.99,Paid,14,2025-09-10
706976,908888,213,2025-08-27,116.71,Paid,10,2025-09-06
706977,915332,385,2025-08-29,72.68,Paid,14,2025-09-12
706978,907261,181,2025-08-29,60.43,Paid,1,2025-08-30
706979,904061,104,2025-08-27,57.7,Paid,17,2025-09-13
706980,912446,314,2025-08-30,70.82,Paid,10,2025-09-09
706981,900162,4,2025-08-30,79.63,Paid,13,2025-09-12
706982,916021,399,2025-08-29,56.87,Paid,7,2025-09-05
706983,914258,359,2025-08-30,78.45,Paid,3,2025-09-02
706984,900022,1,2025-08-28,54.9,Paid,17,2025-09-14
706985,912066,304,2025-08-29,91.68,Paid,21,2025-09-19
706986,905179,133,2025-08-30,56.42,Paid,2,2025-09-01
706987,917443,240,2025-08-28,229.76,Paid,8,2025-09-05
706988,902343,55,2025-08-30,101.61,Paid,21,2025-09-20
706989,904765,121,2025-08-30,68.28,Paid,27,2025-09-26
706990,904456,114,2025-08-28,63.14,Paid,23,2025-09-20
706991,908439,204,2025-08-29,58.07,Paid,5,2025-09-03
706992,908098,197,2025-08-30,75.72,Paid,2,2025-09-01
706993,906584,167,2025-08-28,56.49,Paid,10,2025-09-07
706994,914493,365,2025-08-29,61.89,Paid,21,2025-09-19
706995,909490,230,2025-08-28,127.35,Paid,6,2025-09-03
706996,912380,313,2025-08-28,119.62,Paid,7,2025-09-04
706997,912501,316,2025-08-30,120.39,Paid,20,2025-09-19
706998,900983,27,2025-08-30,80.17,Paid,4,2025-09-03
706999,911898,299,2025-08-28,58.52,Paid,0,2025-08-28
707000,911794,295,2025-08-29,73.37,Paid,14,2025-09-12
707001,917790,407,2025-08-30,278.88,Paid,3,2025-09-02
707002,903893,100,2025-08-30,122.79,Paid,5,2025-09-04
707003,904710,120,2025-08-28,77.16,Paid,4,2025-09-01
707004,900407,11,2025-08-28,58.36,Paid,0,2025-08-28
707005,917388,212,2025-08-29,424.95,Paid,15,2025-09-13
707006,910158,248,2025-08-30,123.77,Paid,10,2025-09-09
707007,914595,367,2025-08-28,57.08,Paid,4,2025-09-01
707008,909576,232,2025-08-28,58.64,Paid,0,2025-08-28
707009,909283,226,2025-08-30,71.79,Paid,9,2025-09-08
707010,910516,255,2025-08-28,54.71,Paid,16,2025-09-13
707011,901219,31,2025-08-28,117.36,Paid,4,2025-09-01
707012,905867,148,2025-08-30,58.3,Paid,1,2025-08-31
707013,911418,286,2025-08-29,57.6,Paid,8,2025-09-06
707014,904608,118,2025-08-29,57.52,Paid,0,2025-08-29
707015,911148,279,2025-08-30,56.51,Paid,10,2025-09-09
707016,913879,351,2025-08-30,60.85,Paid,10,2025-09-09
707017,902625,64,2025-08-30,78.94,Paid,20,2025-09-19
707018,903315,85,2025-08-30,75.64,Paid,13,2025-09-12
707019,906327,161,2025-08-31,59.78,Paid,2,2025-09-02
707020,901547,38,2025-08-31,59.92,Paid,6,2025-09-06
707021,917026,47,2025-08-30,293.17,Paid,9,2025-09-08
707022,914764,372,2025-08-30,114.91,Paid,22,2025-09-21
707023,909123,221,2025-08-29,114.37,Paid,4,2025-09-02
707024,901595,39,2025-08-29,57.88,Paid,14,2025-09-12
707025,914379,362,2025-08-30,60.1,Paid,5,2025-09-04
707026,910328,251,2025-08-30,58.33,Paid,0,2025-08-30
707027,913234,336,2025-08-29,77.99,Paid,26,2025-09-24
707028,904803,122,2025-08-30,94.05,Paid,21,2025-09-20
707029,914813,373,2025-08-31,55.95,Paid,17,2025-09-17
707030,911690,293,2025-08-31,57.1,Paid,21,2025-09-21
707031,910941,269,2025-08-30,58.7,Paid,15,2025-09-14
707032,900709,18,2025-08-30,62.09,Paid,3,2025-09-02
707033,907693,190,2025-08-31,93.95,Paid,16,2025-09-16
707034,908785,211,2025-08-30,71.35,Paid,5,2025-09-04
707035,908324,201,2025-08-30,56.36,Paid,6,2025-09-05
707036,903552,92,2025-08-31,81.68,Paid,12,2025-09-12
707037,916573,413,2025-08-30,76.2,Paid,6,2025-09-05
707038,901114,29,2025-08-30,95.45,Paid,8,2025-09-07
707039,909877,238,2025-08-29,54.78,Paid,2,2025-08-31
707040,915059,378,2025-08-31,123.83,Paid,2,2025-09-02
707041,903229,83,2025-08-29,55.93,Paid,0,2025-08-29
707042,909528,231,2025-08-29,81.36,Paid,10,2025-09-08
707043,910875,268,2025-08-29,56.13,Paid,15,2025-09-13
707044,903722,97,2025-08-31,83.07,Paid,13,2025-09-13
707045,912132,306,2025-08-31,60.56,Paid,5,2025-09-05
707046,908662,208,2025-08-30,119.56,Paid,8,2025-09-07
707047,901048,28,2025-08-29,60.9,Paid,4,2025-09-02
707048,910394,252,2025-08-29,62.29,Paid,10,2025-09-08
707049,901388,35,2025-08-31,59.78,Paid,12,2025-09-12
707050,902105,51,2025-08-29,61.81,Paid,31,2025-09-29
707051,909396,228,2025-08-31,85.02,Paid,3,2025-09-03
707052,913776,349,2025-08-30,107.18,Paid,0,2025-08-30
707053,907428,184,2025-08-29,75.8,Paid,16,2025-09-14
707054,916882,420,2025-08-30,80.06,Paid,10,2025-09-09
707055,905801,147,2025-08-29,57.46,Paid,0,2025-08-29
707056,904296,110,2025-08-31,61.8,Paid,24,2025-09-24
707057,915718,393,2025-08-29,78.6,Paid,10,2025-09-08
707058,917081,71,2025-09-01,2833.09,Paid,23,2025-09-24
707059,910035,245,2025-08-30,83.11,Paid,0,2025-08-30
707060,901170,30,2025-09-01,60.63,Paid,3,2025-09-04
707061,906829,173,2025-09-01,88.2,Paid,5,2025-09-06
707062,902983,72,2025-08-31,80.26,Paid,3,2025-09-03
707063,910110,247,2025-08-31,70.35,Paid,11,2025-09-11
707064,913435,341,2025-08-30,66.0,Paid,0,2025-08-30
707065,906686,170,2025-09-01,75.94,Paid,8,2025-09-09
707066,916469,411,2025-08-30,124.24,Paid,16,2025-09-15
707067,900578,15,2025-08-31,61.8,Paid,8,2025-09-08
707068,903789,98,2025-08-30,58.3,Paid,0,2025-08-30
707069,910724,262,2025-09-01,68.34,Paid,25,2025-09-26
707070,912962,330,2025-09-01,60.56,Paid,0,2025-09-01
707071,910668,261,2025-09-01,50.67,Paid,15,2025-09-16
707072,916525,412,2025-09-01,71.59,Paid,17,2025-09-18
707073,912264,309,2025-08-30,51.16,Paid,0,2025-08-30
707074,909631,233,2025-09-01,86.65,Paid,0,2025-09-01
707075,913709,348,2025-08-30,57.73,Paid,18,2025-09-17
707076,915785,394,2025-09-01,64.03,Paid,17,2025-09-18
707077,903267,84,2025-08-31,57.7,Paid,16,2025-09-16
707078,907194,180,2025-09-01,78.58,Paid,5,2025-09-06
707079,903173,81,2025-08-31,85.94,Paid,3,2025-09-03
707080,902172,52,2025-08-30,124.96,Paid,6,2025-09-05
707081,910261,250,2025-08-31,79.41,Paid,8,2025-09-08
707082,905265,137,2025-08-30,79.28,Paid,0,2025-08-30
707083,902001,47,2025-08-30,58.62,Paid,9,2025-09-08
707084,913301,339,2025-08-31,56.31,Paid,0,2025-08-31
707085,901699,41,2025-09-01,55.22,Paid,14,2025-09-15
707086,907495,186,2025-09-01,56.91,Paid,16,2025-09-17
707087,907901,194,2025-08-30,55.34,Paid,5,2025-09-04
707088,905370,139,2025-09-01,56.05,Paid,17,2025-09-18
707089,910213,249,2025-08-30,80.95,Paid,6,2025-09-05
707090,901274,32,2025-09-01,59.45,Paid,4,2025-09-05
707091,906895,175,2025-09-02,95.98,Paid,25,2025-09-27
707092,901936,45,2025-08-31,56.87,Paid,5,2025-09-05
707093,905736,146,2025-09-01,55.75,Paid,9,2025-09-10
707094,916629,414,2025-09-01,58.46,Paid,17,2025-09-18
707095,913983,353,2025-08-31,63.67,Paid,8,2025-09-08
707096,908373,203,2025-09-02,82.23,Paid,10,2025-09-12
707097,912679,322,2025-09-02,120.4,Paid,0,2025-09-02
707098,911353,283,2025-09-01,113.75,Paid,15,2025-09-16
707099,917239,140,2025-08-31,452.05,Paid,6,2025-09-06
707100,914124,356,2025-09-02,81.13,Paid,21,2025-09-23
707101,905922,149,2025-09-01,58.15,Paid,4,2025-09-05
707102,914191,357,2025-09-02,76.37,Paid,0,2025-09-02
707103,909980,242,2025-09-02,83.46,Paid,1,2025-09-03
707104,905633,144,2025-09-01,57.26,Paid,0,2025-09-01
707105,915294,384,2025-09-02,68.06,Paid,35,2025-10-07
707106,909245,225,2025-09-02,52.95,Paid,7,2025-09-09
707107,915973,398,2025-09-02,67.49,Paid,13,2025-09-15
707108,902862,70,2025-09-02,66.88,Paid,18,2025-09-20
707109,905568,143,2025-09-01,58.08,Paid,0,2025-09-01
707110,917213,130,2025-09-02,3666.81,Paid,6,2025-09-08
707111,900302,9,2025-09-02,59.15,Paid,21,2025-09-23
707112,907814,192,2025-08-31,116.69,Paid,0,2025-08-31
707113,912624,320,2025-09-01,79.85,Paid,2,2025-09-03
707114,913028,331,2025-09-01,60.08,Paid,4,2025-09-05
707115,908570,206,2025-09-02,56.08,Paid,8,2025-09-10
707116,915219,382,2025-08-31,62.66,Paid,22,2025-09-22
707117,907091,178,2025-09-02,54.11,Paid,3,2025-09-05
707118,907326,182,2025-08-31,58.37,Paid,0,2025-08-31
707119,915852,395,2025-09-01,56.49,Paid,15,2025-09-16
707120,905321,138,2025-09-01,57.61,Paid,0,2025-09-01
707121,914869,374,2025-08-31,80.67,Paid,0,2025-08-31
707122,912727,323,2025-09-02,70.79,Paid,32,2025-10-04
707123,908231,199,2025-08-31,75.03,Paid,6,2025-09-06
707124,903619,95,2025-08-31,93.05,Paid,21,2025-09-21
707125,911251,281,2025-09-01,57.48,Paid,4,2025-09-05
707126,905437,140,2025-09-01,60.21,Paid,2,2025-09-03
707127,909190,222,2025-09-02,79.35,Paid,2,2025-09-04
707128,906110,155,2025-09-01,59.68,Paid,12,2025-09-13
707129,917611,323,2025-09-01,916.95,Paid,24,2025-09-25
707130,904418,113,2025-09-02,58.57,Paid,0,2025-09-02
707131,914427,363,2025-09-02,52.51,Paid,11,2025-09-13
707132,916367,409,2025-09-01,77.28,Paid,19,2025-09-20
707133,900473,13,2025-09-03,54.58,Paid,0,2025-09-03
707134,901871,44,2025-09-01,53.64,Paid,1,2025-09-02
707135,907968,195,2025-09-01,61.64,Paid,4,2025-09-05
707136,903674,96,2025-09-03,58.54,Paid,3,2025-09-06
707137,917009,38,2025-09-01,2333.85,Paid,12,2025-09-13
707138,911624,290,2025-09-02,58.37,Paid,14,2025-09-16
707139,915550,389,2025-09-02,58.69,Paid,20,2025-09-22
707140,901454,36,2025-09-03,83.05,Paid,21,2025-09-24
707141,900813,21,2025-09-02,88.13,Paid,26,2025-09-28
707142,908165,198,2025-09-02,137.97,Paid,2,2025-09-04
707143,909331,227,2025-09-01,53.7,Paid,2,2025-09-03
707144,902730,66,2025-09-01,82.76,Paid,0,2025-09-01
707145,909009,216,2025-09-02,58.21,Paid,0,2025-09-02
707146,913595,345,2025-09-01,56.9,Paid,2,2025-09-03
707147,913369,340,2025-09-02,75.08,Paid,22,2025-09-24
707148,913148,334,2025-09-02,54.94,Paid,4,2025-09-06
707149,912831,328,2025-09-02,60.8,Paid,36,2025-10-08
707150,913644,347,2025-09-03,62.29,Paid,8,2025-09-11
707151,907628,188,2025-09-03,67.16,Paid,19,2025-09-22
707152,916677,416,2025-09-01,83.5,Paid,0,2025-09-01
707153,905503,142,2025-09-02,57.83,Paid,0,2025-09-02
707154,901805,43,2025-09-02,55.57,Paid,1,2025-09-03
707155,906415,164,2025-09-03,54.23,Paid,26,2025-09-29
707156,916302,408,2025-09-03,62.36,Paid,1,2025-09-04
707157,907852,193,2025-09-03,55.62,Paid,18,2025-09-21
707158,909680,234,2025-09-02,64.96,Paid,0,2025-09-02
707159,909452,229,2025-09-03,58.06,Paid,15,2025-09-18
707160,913502,342,2025-09-03,58.94,Paid,2,2025-09-05
707161,906148,156,2025-09-03,57.5,Paid,4,2025-09-07
707162,900917,25,2025-09-01,86.38,Paid,0,2025-09-01
707163,917405,225,2025-09-01,609.63,Paid,14,2025-09-15
707164,903448,87,2025-09-03,59.21,Paid,4,2025-09-07
707165,903382,86,2025-09-02,61.36,Paid,3,2025-09-05
707166,900529,14,2025-09-03,62.89,Paid,28,2025-10-01
707167,902240,53,2025-09-03,87.72,Paid,16,2025-09-19
707168,912314,312,2025-09-01,143.53,Paid,25,2025-09-26
707169,915126,379,2025-09-02,58.02,Paid,0,2025-09-02
707170,904852,123,2025-09-01,55.45,Paid,12,2025-09-13
707171,909059,219,2025-09-03,73.54,Paid,27,2025-09-30
707172,910461,254,2025-09-03,66.36,Paid,14,2025-09-17
707173,914325,361,2025-09-02,56.3,Paid,4,2025-09-06
707174,904919,124,2025-09-04,73.55,Paid,18,2025-09-22
707175,909933,241,2025-09-04,56.41,Paid,13,2025-09-17
707176,916732,417,2025-09-04,54.41,Paid,15,2025-09-19
707177,909746,235,2025-09-02,55.84,Paid,1,2025-09-03
707178,904128,105,2025-09-04,60.36,Paid,13,2025-09-17
707179,911063,274,2025-09-02,75.43,Paid,0,2025-09-02
707180,914548,366,2025-09-02,80.14,Paid,0,2025-09-02
707181,908506,205,2025-09-03,76.43,Paid,0,2025-09-03
707182,909577,232,2025-09-03,55.36,Paid,0,2025-09-03
707183,912226,308,2025-09-04,52.68,Paid,9,2025-09-13
707184,902446,58,2025-09-03,66.87,Paid,22,2025-09-25
707185,902681,65,2025-09-03,62.0,Paid,0,2025-09-03
707186,915501,388,2025-09-03,57.1,Paid,9,2025-09-12
707187,915919,397,2025-09-03,56.73,Paid,10,2025-09-13
707188,911009,270,2025-09-03,53.45,Paid,8,2025-09-11
707189,913558,343,2025-09-04,81.97,Paid,1,2025-09-05
707190,902797,69,2025-09-04,58.61,Paid,0,2025-09-04
707191,906639,169,2025-09-03,69.63,Paid,12,2025-09-15
707192,906961,176,2025-09-03,78.68,Paid,16,2025-09-19
707193,900023,1,2025-09-03,55.4,Paid,0,2025-09-03
707194,904363,111,2025-09-04,60.34,Paid,25,2025-09-29
707195,906520,166,2025-09-03,61.35,Paid,0,2025-09-03
707196,904505,115,2025-09-02,67.62,Paid,23,2025-09-25
707197,903894,100,2025-09-02,130.43,Paid,6,2025-09-08
707198,912576,318,2025-09-02,54.95,Paid,9,2025-09-11
707199,907563,187,2025-09-02,57.74,Paid,11,2025-09-13
707200,916818,419,2025-09-02,74.38,Paid,10,2025-09-12
707201,902501,60,2025-09-03,64.07,Paid,17,2025-09-20
707202,912898,329,2025-09-04,70.25,Paid,18,2025-09-22
707203,904193,107,2025-09-03,57.07,Paid,13,2025-09-16
707204,908034,196,2025-09-04,56.61,Paid,13,2025-09-17
707205,903996,103,2025-09-05,80.86,Paid,11,2025-09-16
707206,903125,79,2025-09-03,57.01,Paid,5,2025-09-08
707207,909812,236,2025-09-03,113.86,Paid,0,2025-09-03
707208,907381,183,2025-09-03,82.91,Paid,0,2025-09-03
707209,907760,191,2025-09-04,119.79,Paid,8,2025-09-12
707210,903845,99,2025-09-04,78.83,Paid,12,2025-09-16
707211,901323,34,2025-09-04,62.93,Paid,16,2025-09-20
707212,903033,76,2025-09-05,61.21,Paid,3,2025-09-08
707213,910773,266,2025-09-03,55.57,Paid,7,2025-09-10
707214,904062,104,2025-09-04,50.3,Paid,13,2025-09-17
707215,900645,16,2025-09-05,58.48,Paid,0,2025-09-05
707216,902295,54,2025-09-05,58.94,Paid,0,2025-09-05
707217,908955,215,2025-09-03,125.82,Paid,9,2025-09-12
707218,905049,126,2025-09-05,78.0,Paid,0,2025-09-05
707219,917658,346,2025-09-05,409.9,Paid,5,2025-09-10
707220,906198,157,2025-09-03,61.65,Paid,4,2025-09-07
707221,907026,177,2025-09-05,58.59,Paid,0,2025-09-05
707222,906035,152,2025-09-05,57.51,Paid,0,2025-09-05
707223,915447,387,2025-09-03,71.75,Paid,17,2025-09-20
707224,911522,288,2025-09-04,51.75,Paid,7,2025-09-11
707225,900217,6,2025-09-04,60.11,Paid,3,2025-09-07
707226,911964,302,2025-09-04,125.1,Paid,9,2025-09-13
707227,904984,125,2025-09-04,72.87,Paid,0,2025-09-04
707228,905960,150,2025-09-04,56.92,Paid,0,2025-09-04
707229,915381,386,2025-09-04,57.7,Paid,8,2025-09-12
707230,905688,145,2025-09-03,116.52,Paid,2,2025-09-05
707231,916151,403,2025-09-04,83.61,Paid,13,2025-09-17
707232,915653,391,2025-09-05,69.51,Paid,25,2025-09-30
707233,911100,275,2025-09-03,60.01,Paid,10,2025-09-13
707234,917291,166,2025-09-04,228.67,Paid,1,2025-09-05
707235,905868,148,2025-09-05,58.77,Paid,10,2025-09-15
707236,904609,118,2025-09-05,56.59,Paid,5,2025-09-10
707237,911419,286,2025-09-04,57.55,Paid,20,2025-09-24
707238,912381,313,2025-09-06,121.86,Paid,9,2025-09-15
707239,902929,71,2025-09-05,50.85,Paid,4,2025-09-09
707240,908889,213,2025-09-05,110.12,Paid,9,2025-09-14
707241,904711,120,2025-09-06,78.32,Paid,6,2025-09-12
707242,916022,399,2025-09-04,57.57,Paid,6,2025-09-10
707243,916199,404,2025-09-06,53.9,Paid,4,2025-09-10
707244,913094,333,2025-09-05,79.95,Paid,19,2025-09-24
707245,908099,197,2025-09-05,78.29,Paid,9,2025-09-14
707246,912447,314,2025-09-05,63.53,Paid,33,2025-10-08
707247,902344,55,2025-09-04,100.29,Paid,22,2025-09-26
707248,913832,350,2025-09-04,55.28,Paid,5,2025-09-09
707249,911149,279,2025-09-05,59.75,Paid,6,2025-09-11
707250,900163,4,2025-09-06,80.74,Paid,0,2025-09-06
707251,911576,289,2025-09-04,54.92,Paid,24,2025-09-28
707252,914494,365,2025-09-06,61.64,Paid,0,2025-09-06
707253,906252,158,2025-09-06,70.02,Paid,26,2025-10-02
707254,900408,11,2025-09-05,58.93,Paid,12,2025-09-17
707255,910159,248,2025-09-06,114.64,Paid,5,2025-09-11
707256,913880,351,2025-09-05,60.47,Paid,10,2025-09-15
707257,908625,207,2025-09-04,63.81,Paid,17,2025-09-21
707258,917169,109,2025-09-05,3341.66,Paid,5,2025-09-10
707259,914596,367,2025-09-05,64.63,Paid,0,2025-09-05
707260,913186,335,2025-09-04,63.23,Paid,8,2025-09-12
707261,914994,377,2025-09-06,75.54,Paid,3,2025-09-09
707262,912539,317,2025-09-06,75.3,Paid,9,2025-09-15
707263,914259,359,2025-09-05,81.51,Paid,10,2025-09-15
707264,911899,299,2025-09-06,59.41,Paid,8,2025-09-14
707265,916076,401,2025-09-04,57.03,Paid,1,2025-09-05
707266,910827,267,2025-09-04,113.19,Paid,0,2025-09-04
707267,900984,27,2025-09-05,83.08,Paid,9,2025-09-14
707268,901220,31,2025-09-06,111.47,Paid,26,2025-10-02
707269,915060,378,2025-09-05,128.37,Paid,15,2025-09-20
707270,900303,9,2025-09-05,56.68,Paid,3,2025-09-08
707271,914192,357,2025-09-07,85.54,Paid,4,2025-09-11
707272,912133,306,2025-09-07,57.91,Paid,0,2025-09-07
707273,908786,211,2025-09-06,66.87,Paid,24,2025-09-30
707274,915257,383,2025-09-07,61.84,Paid,0,2025-09-07
707275,908440,204,2025-09-06,57.0,Paid,18,2025-09-24
707276,909124,221,2025-09-05,115.15,Paid,21,2025-09-26
707277,903723,97,2025-09-06,86.67,Paid,11,2025-09-17
707278,902863,70,2025-09-07,56.34,Paid,22,2025-09-29
707279,900254,7,2025-09-06,52.93,Paid,10,2025-09-16
707280,910395,252,2025-09-06,61.06,Paid,13,2025-09-19
707281,910329,251,2025-09-06,59.69,Paid,10,2025-09-16
707282,914945,376,2025-09-05,76.2,Paid,18,2025-09-23
707283,901389,35,2025-09-05,58.2,Paid,0,2025-09-05
707284,901049,28,2025-09-05,53.47,Paid,10,2025-09-15
707285,915719,393,2025-09-06,77.19,Paid,12,2025-09-18
707286,902106,51,2025-09-05,65.99,Paid,19,2025-09-24
707287,905141,132,2025-09-05,59.68,Paid,12,2025-09-17
707288,913777,349,2025-09-06,115.45,Paid,0,2025-09-06
707289,911795,295,2025-09-07,67.31,Paid,26,2025-10-03
707290,907195,180,2025-09-05,77.09,Paid,15,2025-09-20
707291,915605,390,2025-09-05,60.54,Paid,0,2025-09-05
707292,908286,200,2025-09-06,72.86,Paid,26,2025-10-02
707293,909397,228,2025-09-05,73.16,Paid,10,2025-09-15
707294,916574,413,2025-09-07,78.27,Paid,2,2025-09-09
707295,903316,85,2025-09-05,82.87,Paid,5,2025-09-10
707296,913235,336,2025-09-06,73.26,Paid,6,2025-09-12
707297,907429,184,2025-09-05,79.24,Paid,16,2025-09-21
707298,910603,259,2025-09-07,119.25,Paid,0,2025-09-07
707299,900710,18,2025-09-05,59.95,Paid,0,2025-09-05
707300,903503,88,2025-09-05,66.51,Paid,14,2025-09-19
707301,907694,190,2025-09-06,99.85,Paid,31,2025-10-07
707302,907262,181,2025-09-06,54.7,Paid,15,2025-09-21
707303,900115,3,2025-09-06,67.04,Paid,4,2025-09-10
707304,902626,64,2025-09-06,81.77,Paid,0,2025-09-06
707305,912067,304,2025-09-05,93.85,Paid,17,2025-09-22
707306,911691,293,2025-09-05,53.97,Paid,1,2025-09-06
707307,902538,61,2025-09-06,65.74,Paid,26,2025-10-02
707308,906742,171,2025-09-07,86.39,Paid,8,2025-09-15
707309,903553,92,2025-09-07,84.15,Paid,0,2025-09-07
707310,909878,238,2025-09-05,60.43,Paid,0,2025-09-05
707311,910876,268,2025-09-06,59.82,Paid,3,2025-09-09
707312,904297,110,2025-09-07,65.15,Paid,19,2025-09-26
707313,912018,303,2025-09-05,78.07,Paid,9,2025-09-14
707314,901115,29,2025-09-07,92.92,Paid,34,2025-10-11
707315,914814,373,2025-09-06,56.74,Paid,0,2025-09-06
707316,900765,19,2025-09-06,59.22,Paid,0,2025-09-06
707317,905802,147,2025-09-08,58.31,Paid,2,2025-09-10
707318,910262,250,2025-09-08,75.19,Paid,12,2025-09-20
707319,907496,186,2025-09-08,56.99,Paid,4,2025-09-12
707320,914125,356,2025-09-07,75.46,Paid,3,2025-09-10
707321,908841,212,2025-09-06,67.31,Paid,20,2025-09-26
707322,907902,194,2025-09-07,59.06,Paid,10,2025-09-17
707323,903174,81,2025-09-07,97.86,Paid,6,2025-09-13
707324,913710,348,2025-09-08,56.48,Paid,2,2025-09-10
707325,910942,269,2025-09-06,62.31,Paid,16,2025-09-22
707326,906585,167,2025-09-06,58.44,Paid,13,2025-09-19
707327,914688,370,2025-09-06,81.52,Paid,25,2025-10-01
707328,910073,246,2025-09-06,73.71,Paid,24,2025-09-30
707329,905266,137,2025-09-07,78.63,Paid,3,2025-09-10
707330,917005,37,2025-09-08,847.01,Paid,20,2025-09-28
707331,905371,139,2025-09-06,57.26,Paid,0,2025-09-06
707332,906687,170,2025-09-06,76.68,Paid,0,2025-09-06
707333,906830,173,2025-09-07,81.59,Paid,5,2025-09-12
707334,913503,342,2025-09-08,62.01,Paid,5,2025-09-13
707335,902057,48,2025-09-06,56.06,Paid,24,2025-09-30
707336,917269,158,2025-09-07,477.88,Paid,13,2025-09-20
707337,915786,394,2025-09-08,67.51,Paid,21,2025-09-29
707338,913436,341,2025-09-08,55.58,Paid,11,2025-09-19
707339,911849,298,2025-09-06,53.27,Paid,0,2025-09-06
707340,914907,375,2025-09-07,60.86,Paid,9,2025-09-16
707341,900474,13,2025-09-06,59.19,Paid,5,2025-09-11
707342,911203,280,2025-09-06,55.22,Paid,10,2025-09-16
707343,910669,261,2025-09-07,49.38,Paid,4,2025-09-11
707344,900579,15,2025-09-08,59.46,Paid,6,2025-09-14
707345,912728,323,2025-09-09,74.83,Paid,27,2025-10-06
707346,912625,320,2025-09-09,79.82,Paid,0,2025-09-09
707347,913984,353,2025-09-08,59.8,Paid,10,2025-09-18
707348,916422,410,2025-09-08,88.75,Paid,19,2025-09-27
707349,905634,144,2025-09-08,61.3,Paid,8,2025-09-16
707350,908374,203,2025-09-08,70.28,Paid,22,2025-09-30
707351,916883,420,2025-09-07,87.81,Paid,13,2025-09-20
707352,911252,281,2025-09-07,57.41,Paid,15,2025-09-22
707353,908700,209,2025-09-08,58.19,Paid,23,2025-10-01
707354,911306,282,2025-09-08,115.46,Paid,3,2025-09-11
707355,905438,140,2025-09-09,57.55,Paid,6,2025-09-15
707356,917344,190,2025-09-09,491.76,Paid,17,2025-09-26
707357,908232,199,2025-09-09,78.23,Paid,5,2025-09-14
707358,902002,47,2025-09-07,57.77,Paid,6,2025-09-13
707359,903620,95,2025-09-08,92.19,Paid,33,2025-10-11
707360,908571,206,2025-09-09,55.3,Paid,5,2025-09-14
707361,901937,45,2025-09-08,59.35,Paid,15,2025-09-23
707362,909981,242,2025-09-09,78.83,Paid,0,2025-09-09
707363,902173,52,2025-09-09,113.91,Paid,7,2025-09-16
707364,913029,331,2025-09-09,58.33,Paid,0,2025-09-09
707365,915853,395,2025-09-09,55.41,Paid,12,2025-09-21
707366,917672,353,2025-09-09,328.65,Paid,1,2025-09-10
707367,916470,411,2025-09-08,116.51,Paid,19,2025-09-27
707368,914428,363,2025-09-07,55.22,Paid,19,2025-09-26
707369,901596,39,2025-09-09,57.76,Paid,0,2025-09-09
707370,903790,98,2025-09-09,56.84,Paid,5,2025-09-14
707371,911473,287,2025-09-08,62.98,Paid,17,2025-09-25
707372,912963,330,2025-09-09,60.32,Paid,11,2025-09-20
707373,914038,354,2025-09-07,52.0,Paid,8,2025-09-15
707374,905737,146,2025-09-07,58.2,Paid,1,2025-09-08
707375,907327,182,2025-09-08,53.41,Paid,27,2025-10-05
707376,909191,222,2025-09-07,77.86,Paid,8,2025-09-15
707377,907092,178,2025-09-08,61.68,Paid,3,2025-09-11
707378,904559,116,2025-09-08,58.75,Paid,3,2025-09-11
707379,908737,210,2025-09-07,57.71,Paid,0,2025-09-07
707380,906470,165,2025-09-10,53.11,Paid,14,2025-09-24
707381,906416,164,2025-09-09,58.25,Paid,12,2025-09-21
707382,901455,36,2025-09-09,74.13,Paid,12,2025-09-21
707383,901806,43,2025-09-09,58.72,Paid,0,2025-09-09
707384,901872,44,2025-09-10,58.18,Paid,4,2025-09-14
707385,911625,290,2025-09-10,56.41,Paid,3,2025-09-13
707386,905504,142,2025-09-10,56.14,Paid,3,2025-09-13
707387,914727,371,2025-09-08,61.35,Paid,12,2025-09-20
707388,903449,87,2025-09-08,59.27,Paid,2,2025-09-10
707389,903383,86,2025-09-08,55.9,Paid,7,2025-09-15
707390,906366,163,2025-09-10,80.43,Paid,0,2025-09-10
707391,906896,175,2025-09-10,90.46,Paid,11,2025-09-21
707392,902241,53,2025-09-10,89.28,Paid,28,2025-10-08
707393,910462,254,2025-09-09,68.94,Paid,16,2025-09-25
707394,906073,153,2025-09-10,84.07,Paid,1,2025-09-11
707395,905569,143,2025-09-08,60.02,Paid,3,2025-09-11
707396,907629,188,2025-09-09,68.4,Paid,13,2025-09-22
707397,916770,418,2025-09-08,54.64,Paid,16,2025-09-24
707398,901652,40,2025-09-08,57.21,Paid,14,2025-09-22
707399,913935,352,2025-09-09,123.66,Paid,0,2025-09-09
707400,912315,312,2025-09-10,132.87,Paid,16,2025-09-26
707401,901700,41,2025-09-10,56.95,Paid,0,2025-09-10
707402,909332,227,2025-09-10,60.17,Paid,15,2025-09-25
707403,900918,25,2025-09-10,79.73,Paid,8,2025-09-18
707404,915127,379,2025-09-10,53.17,Paid,0,2025-09-10
707405,902577,62,2025-09-09,78.81,Paid,7,2025-09-16
707406,900869,22,2025-09-10,70.13,Paid,22,2025-10-02
707407,909681,234,2025-09-09,57.45,Paid,21,2025-09-30
707408,913302,339,2025-09-08,58.02,Paid,4,2025-09-12
707409,913370,340,2025-09-08,69.45,Paid,26,2025-10-04
707410,915182,381,2025-09-08,84.53,Paid,12,2025-09-20
707411,912832,328,2025-09-10,70.84,Paid,32,2025-10-12
707412,916303,408,2025-09-08,61.71,Paid,5,2025-09-13
707413,915551,389,2025-09-08,58.22,Paid,0,2025-09-08
707414,902399,57,2025-09-09,66.11,Paid,25,2025-10-04
707415,902731,66,2025-09-09,76.7,Paid,4,2025-09-13
707416,905217,135,2025-09-10,57.0,Paid,10,2025-09-20
707417,916368,409,2025-09-09,84.4,Paid,3,2025-09-12
707418,904663,119,2025-09-10,59.93,Paid,16,2025-09-26
707419,913645,347,2025-09-09,57.84,Paid,13,2025-09-22
707420,907969,195,2025-09-10,57.41,Paid,12,2025-09-22
707421,904853,123,2025-09-08,54.55,Paid,11,2025-09-19
707422,905103,129,2025-09-08,83.28,Paid,3,2025-09-11
707423,902447,58,2025-09-10,68.35,Paid,32,2025-10-12
707424,900814,21,2025-09-10,92.68,Paid,21,2025-10-01
707425,912783,324,2025-09-09,61.95,Paid,10,2025-09-19
707426,917064,65,2025-09-08,5152.4,Paid,6,2025-09-14
707427,911354,283,2025-09-10,115.68,Paid,12,2025-09-22
707428,914995,377,2025-09-10,79.65,Paid,18,2025-09-28
707429,903895,100,2025-09-09,122.29,Paid,13,2025-09-22
707430,900359,10,2025-09-09,56.83,Paid,0,2025-09-09
707431,905998,151,2025-09-09,54.06,Paid,4,2025-09-13
707432,904129,105,2025-09-10,57.92,Paid,7,2025-09-17
707433,904920,124,2025-09-11,77.97,Paid,0,2025-09-11
707434,917413,229,2025-09-09,509.7,Paid,9,2025-09-18
707435,917575,307,2025-09-10,420.54,Paid,16,2025-09-26
707436,916254,406,2025-09-11,54.32,Paid,8,2025-09-19
707437,916678,416,2025-09-09,76.35,Paid,20,2025-09-29
707438,916819,419,2025-09-10,77.04,Paid,8,2025-09-18
707439,917499,270,2025-09-09,508.13,Paid,0,2025-09-09
707440,912899,329,2025-09-10,72.33,Paid,17,2025-09-27
707441,917692,362,2025-09-10,3371.12,Paid,15,2025-09-25
707442,904506,115,2025-09-10,66.81,Paid,38,2025-10-18
707443,907147,179,2025-09-10,97.08,Paid,26,2025-10-06
707444,904194,107,2025-09-09,54.82,Paid,14,2025-09-23
707445,901510,37,2025-09-11,67.75,Paid,19,2025-09-30
707446,911010,270,2025-09-10,54.4,Paid,8,2025-09-18
707447,914076,355,2025-09-10,56.78,Paid,6,2025-09-16
707448,903948,102,2025-09-11,69.19,Paid,32,2025-10-13
707449,914326,361,2025-09-09,61.99,Paid,10,2025-09-19
707450,907564,187,2025-09-09,61.83,Paid,2,2025-09-11
707451,915920,397,2025-09-11,60.37,Paid,19,2025-09-30
707452,902930,71,2025-09-09,59.46,Paid,14,2025-09-23
707453,909747,235,2025-09-10,54.28,Paid,0,2025-09-10
707454,904364,111,2025-09-10,53.6,Paid,0,2025-09-10
707455,906521,166,2025-09-11,61.37,Paid,16,2025-09-27
707456,910555,256,2025-09-10,58.83,Paid,15,2025-09-25
707457,908507,205,2025-09-10,84.68,Paid,11,2025-09-21
707458,916200,404,2025-09-10,57.52,Paid,10,2025-09-20
707459,917132,97,2025-09-09,555.56,Paid,10,2025-09-19
707460,906962,176,2025-09-10,87.06,Paid,5,2025-09-15
707461,902798,69,2025-09-09,55.03,Paid,9,2025-09-18
707462,909578,232,2025-09-09,55.63,Paid,6,2025-09-15
707463,909060,219,2025-09-11,67.25,Paid,25,2025-10-06
707464,903088,77,2025-09-10,63.84,Paid,21,2025-10-01
707465,911965,302,2025-09-10,110.05,Paid,0,2025-09-10
707466,907263,181,2025-09-12,56.98,Paid,14,2025-09-26
707467,906290,159,2025-09-12,92.52,Paid,29,2025-10-11
707468,913095,333,2025-09-12,78.71,Paid,3,2025-09-15
707469,911523,288,2025-09-10,59.63,Paid,10,2025-09-20
707470,911747,294,2025-09-12,94.93,Paid,26,2025-10-08
707471,907027,177,2025-09-12,60.67,Paid,10,2025-09-22
707472,906199,157,2025-09-10,57.97,Paid,4,2025-09-14
707473,908890,213,2025-09-10,116.33,Paid,20,2025-09-30
707474,907761,191,2025-09-10,115.83,Paid,6,2025-09-16
707475,901756,42,2025-09-12,73.79,Paid,12,2025-09-24
707476,908956,215,2025-09-10,118.93,Paid,0,2025-09-10
707477,905050,126,2025-09-11,80.74,Paid,10,2025-09-21
707478,904985,125,2025-09-12,81.28,Paid,8,2025-09-20
707479,903997,103,2025-09-11,82.76,Paid,8,2025-09-19
707480,900024,1,2025-09-12,53.81,Paid,13,2025-09-25
707481,903034,76,2025-09-12,56.47,Paid,6,2025-09-18
707482,909813,236,2025-09-10,111.95,Paid,11,2025-09-21
707483,916114,402,2025-09-12,67.94,Paid,30,2025-10-12
707484,906781,172,2025-09-11,57.87,Paid,22,2025-10-03
707485,915448,387,2025-09-10,75.34,Paid,22,2025-10-02
707486,912189,307,2025-09-10,63.3,Paid,11,2025-09-21
707487,915333,385,2025-09-11,72.29,Paid,25,2025-10-06
707488,910774,266,2025-09-10,57.43,Paid,11,2025-09-21
707489,904063,104,2025-09-11,56.88,Paid,12,2025-09-23
707490,901324,34,2025-09-12,67.53,Paid,20,2025-10-02
707491,904248,109,2025-09-10,60.15,Paid,0,2025-09-10
707492,900646,16,2025-09-10,59.84,Paid,16,2025-09-26
707493,915654,391,2025-09-10,66.79,Paid,6,2025-09-16
707494,900078,2,2025-09-11,60.31,Paid,0,2025-09-11
707495,910604,259,2025-09-10,116.19,Paid,22,2025-10-02
707496,914651,368,2025-09-11,53.11,Paid,6,2025-09-17
707497,915382,386,2025-09-11,58.29,Paid,0,2025-09-11
707498,908035,196,2025-09-12,57.84,Paid,5,2025-09-17
707499,908166,198,2025-09-10,108.76,Paid,4,2025-09-14
707500,914597,367,2025-09-11,55.96,Paid,10,2025-09-21
707501,902345,55,2025-09-13,88.28,Paid,5,2025-09-18
707502,912382,313,2025-09-13,116.57,Paid,8,2025-09-21
707503,912068,304,2025-09-12,87.21,Paid,29,2025-10-11
707504,904766,121,2025-09-11,66.11,Paid,21,2025-10-02
707505,900985,27,2025-09-13,73.5,Paid,6,2025-09-19
707506,909284,226,2025-09-12,77.77,Paid,9,2025-09-21
707507,913881,351,2025-09-12,59.18,Paid,0,2025-09-12
707508,909491,230,2025-09-12,101.86,Paid,0,2025-09-12
707509,900164,4,2025-09-13,80.19,Paid,10,2025-09-23
707510,910160,248,2025-09-11,113.22,Paid,14,2025-09-25
707511,901221,31,2025-09-12,123.28,Paid,10,2025-09-22
707512,911150,279,2025-09-12,59.21,Paid,0,2025-09-12
707513,911420,286,2025-09-11,59.92,Paid,7,2025-09-18
707514,917059,62,2025-09-11,501.67,Paid,4,2025-09-15
707515,904610,118,2025-09-12,59.39,Paid,16,2025-09-28
707516,905869,148,2025-09-11,59.16,Paid,2,2025-09-13
707517,911796,295,2025-09-13,68.86,Paid,33,2025-10-16
707518,914260,359,2025-09-13,81.82,Paid,6,2025-09-19
707519,908441,204,2025-09-13,60.29,Paid,0,2025-09-13
707520,908100,197,2025-09-12,75.89,Paid,11,2025-09-23
707521,905180,133,2025-09-12,58.08,Paid,0,2025-09-12
707522,904457,114,2025-09-13,72.52,Paid,27,2025-10-10
707523,911900,299,2025-09-11,56.13,Paid,0,2025-09-11
707524,912502,316,2025-09-13,120.67,Paid,16,2025-09-29
707525,904712,120,2025-09-13,75.69,Paid,0,2025-09-13
707526,916023,399,2025-09-11,63.86,Paid,0,2025-09-11
707527,910517,255,2025-09-12,55.01,Paid,0,2025-09-12
707528,912448,314,2025-09-13,62.66,Paid,19,2025-10-02
707529,914495,365,2025-09-11,60.04,Paid,3,2025-09-14
707530,900409,11,2025-09-11,52.53,Paid,3,2025-09-14
707531,906586,167,2025-09-12,55.53,Paid,8,2025-09-20
707532,901050,28,2025-09-13,57.1,Paid,9,2025-09-22
707533,901116,29,2025-09-13,94.96,Paid,26,2025-10-09
707534,909529,231,2025-09-13,78.31,Paid,1,2025-09-14
707535,910877,268,2025-09-13,57.1,Paid,3,2025-09-16
707536,913778,349,2025-09-14,124.85,Paid,0,2025-09-14
707537,916575,413,2025-09-12,75.67,Paid,0,2025-09-12
707538,900304,9,2025-09-14,56.21,Paid,3,2025-09-17
707539,912134,306,2025-09-13,63.75,Paid,20,2025-10-03
707540,917551,295,2025-09-13,555.34,Paid,7,2025-09-20
707541,910330,251,2025-09-14,57.26,Paid,7,2025-09-21
707542,903230,83,2025-09-12,57.33,Paid,4,2025-09-16
707543,917410,228,2025-09-12,500.0,Paid,5,2025-09-17
707544,911692,293,2025-09-13,60.1,Paid,25,2025-10-08
707545,909398,228,2025-09-13,80.46,Paid,7,2025-09-20
707546,909125,221,2025-09-14,122.23,Paid,13,2025-09-27
707547,903724,97,2025-09-14,80.27,Paid,10,2025-09-24
707548,915061,378,2025-09-14,125.86,Paid,10,2025-09-24
707549,900711,18,2025-09-13,54.39,Paid,0,2025-09-13
707550,914765,372,2025-09-14,131.7,Paid,24,2025-10-08
707551,904298,110,2025-09-13,67.61,Paid,15,2025-09-28
707552,908325,201,2025-09-14,55.5,Paid,7,2025-09-21
707553,913236,336,2025-09-14,92.65,Paid,2,2025-09-16
707554,907695,190,2025-09-12,96.15,Paid,17,2025-09-29
707555,908663,208,2025-09-13,119.59,Paid,8,2025-09-21
707556,906328,161,2025-09-12,64.6,Paid,0,2025-09-12
707557,901597,39,2025-09-12,60.39,Paid,0,2025-09-12
707558,910943,269,2025-09-12,59.87,Paid,0,2025-09-12
707559,903317,85,2025-09-12,78.17,Paid,1,2025-09-13
707560,904804,122,2025-09-12,100.32,Paid,24,2025-10-06
707561,907196,180,2025-09-12,82.04,Paid,26,2025-10-08
707562,907430,184,2025-09-14,76.58,Paid,0,2025-09-14
707563,902627,64,2025-09-13,86.38,Paid,11,2025-09-24
707564,914380,362,2025-09-12,54.91,Paid,7,2025-09-19
707565,915720,393,2025-09-12,75.94,Paid,8,2025-09-20
707566,901275,32,2025-09-13,56.81,Paid,5,2025-09-18
707567,916884,420,2025-09-14,80.95,Paid,0,2025-09-14
707568,903554,92,2025-09-13,85.23,Paid,1,2025-09-14
707569,910396,252,2025-09-13,52.56,Paid,0,2025-09-13
707570,901548,38,2025-09-12,57.22,Paid,8,2025-09-20
707571,914193,357,2025-09-14,78.43,Paid,0,2025-09-14
707572,902107,51,2025-09-12,67.82,Paid,13,2025-09-25
707573,902864,70,2025-09-13,71.13,Paid,19,2025-10-02
707574,901390,35,2025-09-14,51.63,Paid,17,2025-10-01
707575,905803,147,2025-09-13,59.19,Paid,16,2025-09-29
707576,914815,373,2025-09-13,55.82,Paid,5,2025-09-18
707577,913504,342,2025-09-14,56.26,Paid,8,2025-09-22
707578,903791,98,2025-09-13,56.9,Paid,9,2025-09-22
707579,902984,72,2025-09-14,75.26,Paid,11,2025-09-25
707580,903175,81,2025-09-13,93.84,Paid,18,2025-10-01
707581,909879,238,2025-09-14,55.79,Paid,10,2025-09-24
707582,913437,341,2025-09-13,59.32,Paid,17,2025-09-30
707583,916471,411,2025-09-13,122.96,Paid,2,2025-09-15
707584,910670,261,2025-09-13,61.11,Paid,0,2025-09-13
707585,906688,170,2025-09-13,76.96,Paid,5,2025-09-18
707586,916526,412,2025-09-14,79.93,Paid,16,2025-09-30
707587,900580,15,2025-09-15,53.6,Paid,11,2025-09-26
707588,901171,30,2025-09-15,57.92,Paid,10,2025-09-25
707589,917697,364,2025-09-13,859.22,Paid,14,2025-09-27
707590,917231,136,2025-09-14,486.02,Paid,12,2025-09-26
707591,910111,247,2025-09-14,71.46,Paid,12,2025-09-26
707592,903268,84,2025-09-13,57.77,Paid,14,2025-09-27
707593,915787,394,2025-09-15,61.9,Paid,19,2025-10-04
707594,902174,52,2025-09-13,126.59,Paid,0,2025-09-13
707595,912265,309,2025-09-14,60.75,Paid,3,2025-09-17
707596,901701,41,2025-09-14,57.22,Paid,10,2025-09-24
707597,905372,139,2025-09-13,59.77,Paid,1,2025-09-14
707598,907903,194,2025-09-13,53.49,Paid,4,2025-09-17
707599,906831,173,2025-09-13,82.3,Paid,11,2025-09-24
707600,907497,186,2025-09-14,57.5,Paid,12,2025-09-26
707601,913711,348,2025-09-14,52.3,Paid,5,2025-09-19
707602,909632,233,2025-09-14,83.24,Paid,4,2025-09-18
707603,900475,13,2025-09-15,54.46,Paid,17,2025-10-02
707604,910214,249,2025-09-15,85.92,Paid,16,2025-10-01
707605,905267,137,2025-09-14,79.98,Paid,12,2025-09-26
707606,914126,356,2025-09-14,81.5,Paid,10,2025-09-24
707607,910263,250,2025-09-14,66.85,Paid,7,2025-09-21
707608,910725,262,2025-09-15,70.62,Paid,12,2025-09-27
707609,905635,144,2025-09-15,55.39,Paid,12,2025-09-27
707610,904419,113,2025-09-14,60.43,Paid,0,2025-09-14
707611,914429,363,2025-09-14,53.06,Paid,10,2025-09-24
707612,906111,155,2025-09-14,56.35,Paid,2,2025-09-16
707613,908233,199,2025-09-15,79.45,Paid,14,2025-09-29
707614,915854,395,2025-09-15,56.78,Paid,0,2025-09-15
707615,913303,339,2025-09-16,60.45,Paid,2,2025-09-18
707616,913030,331,2025-09-14,56.27,Paid,0,2025-09-14
707617,911355,283,2025-09-14,121.28,Paid,3,2025-09-17
707618,916369,409,2025-09-14,79.97,Paid,5,2025-09-19
707619,909192,222,2025-09-16,78.88,Paid,5,2025-09-21
707620,901938,45,2025-09-14,56.42,Paid,9,2025-09-23
707621,916679,416,2025-09-15,83.31,Paid,1,2025-09-16
707622,915295,384,2025-09-14,70.64,Paid,3,2025-09-17
707623,914870,374,2025-09-14,79.82,Paid,4,2025-09-18
707624,908572,206,2025-09-14,62.97,Paid,8,2025-09-22
707625,903621,95,2025-09-14,96.79,Paid,32,2025-10-16
707626,913985,353,2025-09-16,56.69,Paid,1,2025-09-17
707627,902003,47,2025-09-15,61.38,Paid,0,2025-09-15
707628,905738,146,2025-09-14,63.05,Paid,4,2025-09-18
707629,916630,414,2025-09-16,55.43,Paid,3,2025-09-19
707630,905570,143,2025-09-14,58.39,Paid,10,2025-09-24
707631,915974,398,2025-09-16,69.59,Paid,22,2025-10-08
707632,908375,203,2025-09-15,78.79,Paid,22,2025-10-07
707633,916975,25,2025-09-14,497.22,Paid,0,2025-09-14
707634,912729,323,2025-09-16,75.41,Paid,9,2025-09-25
707635,902682,65,2025-09-16,57.24,Paid,3,2025-09-19
707636,905923,149,2025-09-14,60.54,Paid,10,2025-09-24
707637,912227,308,2025-09-15,58.84,Paid,3,2025-09-18
707638,917548,294,2025-09-16,4424.15,Paid,31,2025-10-17
707639,907093,178,2025-09-15,56.21,Paid,0,2025-09-15
707640,905439,140,2025-09-15,61.88,Paid,0,2025-09-15
707641,910036,245,2025-09-15,87.76,Paid,2,2025-09-17
707642,907328,182,2025-09-15,55.62,Paid,9,2025-09-24
707643,907815,192,2025-09-14,123.0,Paid,11,2025-09-25
707644,912680,322,2025-09-14,111.63,Paid,0,2025-09-14
707645,915220,382,2025-09-14,64.82,Paid,28,2025-10-12
707646,908787,211,2025-09-14,71.63,Paid,8,2025-09-22
707647,909246,225,2025-09-14,57.79,Paid,8,2025-09-22
707648,912626,320,2025-09-15,79.3,Paid,10,2025-09-25
707649,917047,57,2025-09-14,493.02,Paid,42,2025-10-26
707650,909982,242,2025-09-15,87.88,Paid,4,2025-09-19
707651,906897,175,2025-09-16,93.32,Paid,29,2025-10-15
707652,915552,389,2025-09-15,58.88,Paid,0,2025-09-15
707653,917376,205,2025-09-15,8158.22,Paid,12,2025-09-27
707654,913596,345,2025-09-15,54.79,Paid,10,2025-09-25
707655,903384,86,2025-09-17,58.74,Paid,1,2025-09-18
707656,907853,193,2025-09-17,56.73,Paid,9,2025-09-26
707657,904854,123,2025-09-16,58.72,Paid,0,2025-09-16
707658,902242,53,2025-09-17,93.2,Paid,18,2025-10-05
707659,901807,43,2025-09-15,63.51,Paid,11,2025-09-26
707660,905505,142,2025-09-15,59.92,Paid,15,2025-09-30
707661,911253,281,2025-09-16,58.88,Paid,3,2025-09-19
707662,907970,195,2025-09-15,56.07,Paid,17,2025-10-02
707663,913149,334,2025-09-16,55.43,Paid,7,2025-09-23
707664,917471,256,2025-09-16,4654.61,Paid,14,2025-09-30
707665,911626,290,2025-09-16,55.05,Paid,3,2025-09-19
707666,915128,379,2025-09-17,59.09,Paid,15,2025-10-02
707667,908167,198,2025-09-15,123.28,Paid,16,2025-10-01
707668,917445,241,2025-09-17,559.9,Paid,4,2025-09-21
707669,913646,347,2025-09-17,54.11,Paid,13,2025-09-30
707670,912833,328,2025-09-16,71.25,Paid,23,2025-10-09
707671,913371,340,2025-09-17,63.79,Paid,26,2025-10-13
707672,909010,216,2025-09-15,63.6,Paid,0,2025-09-15
707673,904365,111,2025-09-16,57.86,Paid,0,2025-09-16
707674,903450,87,2025-09-17,58.46,Paid,2,2025-09-19
707675,909453,229,2025-09-16,58.17,Paid,7,2025-09-23
707676,906417,164,2025-09-16,61.42,Paid,20,2025-10-06
707677,901873,44,2025-09-15,56.2,Paid,19,2025-10-04
707678,902732,66,2025-09-15,84.47,Paid,11,2025-09-26
707679,917420,232,2025-09-15,339.16,Paid,0,2025-09-15
707680,900815,21,2025-09-16,101.26,Paid,27,2025-10-13
707681,900919,25,2025-09-15,75.16,Paid,10,2025-09-25
707682,910463,254,2025-09-15,65.05,Paid,5,2025-09-20
707683,909333,227,2025-09-17,57.65,Paid,6,2025-09-23
707684,912316,312,2025-09-15,144.64,Paid,19,2025-10-04
707685,903675,96,2025-09-15,61.66,Paid,6,2025-09-21
707686,909682,234,2025-09-16,61.53,Paid,0,2025-09-16
707687,916304,408,2025-09-16,58.05,Paid,10,2025-09-26
707688,903998,103,2025-09-17,80.61,Paid,17,2025-10-04
707689,907630,188,2025-09-16,67.21,Paid,21,2025-10-07
707690,900530,14,2025-09-15,69.91,Paid,16,2025-10-01
707691,917349,193,2025-09-16,646.74,Paid,7,2025-09-23
707692,906149,156,2025-09-17,62.45,Paid,21,2025-10-08
707693,912964,330,2025-09-15,58.49,Paid,11,2025-09-26
707694,916820,419,2025-09-16,72.48,Paid,11,2025-09-27
707695,912577,318,2025-09-16,56.72,Paid,15,2025-10-01
707696,904130,105,2025-09-17,58.03,Paid,6,2025-09-23
707697,914549,366,2025-09-18,77.52,Paid,3,2025-09-21
707698,913559,343,2025-09-17,82.26,Paid,15,2025-10-02
707699,905322,138,2025-09-16,57.07,Paid,26,2025-10-12
707700,914327,361,2025-09-17,56.89,Paid,11,2025-09-28
707701,906963,176,2025-09-16,82.23,Paid,12,2025-09-28
707702,906640,169,2025-09-17,68.74,Paid,17,2025-10-04
707703,911011,270,2025-09-18,57.33,Paid,0,2025-09-18
707704,915502,388,2025-09-16,58.51,Paid,12,2025-09-28
707705,909579,232,2025-09-18,60.45,Paid,6,2025-09-24
707706,907565,187,2025-09-18,53.57,Paid,11,2025-09-29
707707,900025,1,2025-09-16,56.1,Paid,17,2025-10-03
707708,906522,166,2025-09-18,56.71,Paid,8,2025-09-26
707709,903896,100,2025-09-18,112.4,Paid,9,2025-09-27
707710,911064,274,2025-09-17,76.27,Paid,11,2025-09-28
707711,901456,36,2025-09-16,87.49,Paid,0,2025-09-16
707712,908508,205,2025-09-17,80.39,Paid,16,2025-10-03
707713,902448,58,2025-09-18,70.92,Paid,14,2025-10-02
707714,902799,69,2025-09-17,54.63,Paid,0,2025-09-17
707715,904195,107,2025-09-16,59.23,Paid,15,2025-10-01
707716,916201,404,2025-09-18,57.62,Paid,11,2025-09-29
707717,904921,124,2025-09-16,86.85,Paid,15,2025-10-01
707718,915921,397,2025-09-17,54.35,Paid,15,2025-10-02
707719,909061,219,2025-09-17,66.71,Paid,27,2025-10-14
707720,916733,417,2025-09-17,57.27,Paid,12,2025-09-29
707721,904507,115,2025-09-17,67.51,Paid,30,2025-10-17
707722,902502,60,2025-09-17,56.49,Paid,14,2025-10-01
707723,912900,329,2025-09-18,64.91,Paid,21,2025-10-09
707724,909934,241,2025-09-16,53.26,Paid,9,2025-09-25
707725,909748,235,2025-09-18,60.07,Paid,18,2025-10-06
707726,909814,236,2025-09-18,115.2,Paid,11,2025-09-29
707727,911524,288,2025-09-18,58.21,Paid,17,2025-10-05
707728,908036,196,2025-09-17,60.32,Paid,5,2025-09-22
707729,916152,403,2025-09-17,81.01,Paid,8,2025-09-25
707730,915258,383,2025-09-19,61.89,Paid,0,2025-09-19
707731,915655,391,2025-09-19,69.78,Paid,18,2025-10-07
707732,900116,3,2025-09-17,78.45,Paid,4,2025-09-21
707733,907762,191,2025-09-19,119.1,Paid,2,2025-09-21
707734,908957,215,2025-09-19,117.06,Paid,7,2025-09-26
707735,904064,104,2025-09-18,56.88,Paid,3,2025-09-21
707736,901325,34,2025-09-19,66.96,Paid,17,2025-10-06
707737,910775,266,2025-09-18,59.95,Paid,12,2025-09-30
707738,911966,302,2025-09-19,119.93,Paid,0,2025-09-19
707739,907028,177,2025-09-18,56.98,Paid,7,2025-09-25
707740,904986,125,2025-09-17,82.51,Paid,8,2025-09-25
707741,907382,183,2025-09-18,85.26,Paid,6,2025-09-24
707742,906200,157,2025-09-17,61.83,Paid,11,2025-09-28
707743,906036,152,2025-09-18,60.99,Paid,24,2025-10-12
707744,908891,213,2025-09-17,123.86,Paid,10,2025-09-27
707745,900218,6,2025-09-19,55.78,Paid,4,2025-09-23
707746,902931,71,2025-09-17,55.35,Paid,3,2025-09-20
707747,917283,163,2025-09-19,625.56,Paid,0,2025-09-19
707748,910605,259,2025-09-18,119.07,Paid,16,2025-10-04
707749,905689,145,2025-09-19,109.24,Paid,23,2025-10-12
707750,916077,401,2025-09-18,56.12,Paid,24,2025-10-12
707751,905961,150,2025-09-19,57.17,Paid,11,2025-09-30
707752,903846,99,2025-09-17,75.85,Paid,10,2025-09-27
707753,903126,79,2025-09-19,53.19,Paid,6,2025-09-25
707754,907264,181,2025-09-19,58.91,Paid,0,2025-09-19
707755,905051,126,2025-09-18,80.27,Paid,20,2025-10-08
707756,915449,387,2025-09-19,66.55,Paid,13,2025-10-02
707757,913096,333,2025-09-17,75.55,Paid,10,2025-09-27
707758,902296,54,2025-09-19,55.36,Paid,22,2025-10-11
707759,903035,76,2025-09-19,56.06,Paid,0,2025-09-19
707760,915383,386,2025-09-17,60.61,Paid,7,2025-09-24
707761,911101,275,2025-09-19,59.96,Paid,5,2025-09-24
707762,900647,16,2025-09-19,56.4,Paid,0,2025-09-19
707763,914261,359,2025-09-20,75.43,Paid,7,2025-09-27
707764,917699,365,2025-09-19,323.35,Paid,11,2025-09-30
707765,908101,197,2025-09-18,70.89,Paid,9,2025-09-27
707766,917521,280,2025-09-20,2136.06,Paid,4,2025-09-24
707767,900986,27,2025-09-19,76.1,Paid,6,2025-09-25
707768,908842,212,2025-09-20,69.87,Paid,27,2025-10-17
707769,905870,148,2025-09-20,55.52,Paid,7,2025-09-27
707770,906587,167,2025-09-20,61.73,Paid,12,2025-10-02
707771,911421,286,2025-09-19,65.08,Paid,2,2025-09-21
707772,900410,11,2025-09-18,56.6,Paid,0,2025-09-18
707773,906253,158,2025-09-19,69.94,Paid,17,2025-10-06
707774,910828,267,2025-09-19,111.74,Paid,0,2025-09-19
707775,900766,19,2025-09-20,60.62,Paid,20,2025-10-10
707776,911901,299,2025-09-19,59.01,Paid,17,2025-10-06
707777,912069,304,2025-09-18,92.5,Paid,27,2025-10-15
707778,912540,317,2025-09-19,85.07,Paid,7,2025-09-26
707779,912383,313,2025-09-19,122.23,Paid,1,2025-09-20
707780,913187,335,2025-09-20,54.46,Paid,0,2025-09-20
707781,914496,365,2025-09-19,59.13,Paid,0,2025-09-19
707782,914996,377,2025-09-18,87.11,Paid,1,2025-09-19
707783,916024,399,2025-09-18,60.87,Paid,6,2025-09-24
707784,902346,55,2025-09-18,93.42,Paid,18,2025-10-06
707785,914598,367,2025-09-20,57.26,Paid,22,2025-10-12
707786,911577,289,2025-09-20,59.21,Paid,0,2025-09-20
707787,913882,351,2025-09-19,58.47,Paid,15,2025-10-04
707788,904713,120,2025-09-19,78.48,Paid,23,2025-10-12
707789,913833,350,2025-09-20,58.62,Paid,8,2025-09-28
707790,917759,394,2025-09-20,479.56,Paid,14,2025-10-04
707791,900165,4,2025-09-20,75.64,Paid,0,2025-09-20
707792,901222,31,2025-09-18,116.61,Paid,0,2025-09-18
707793,910161,248,2025-09-20,117.63,Paid,8,2025-09-28
707794,911797,295,2025-09-20,68.22,Paid,13,2025-10-03
707795,908287,200,2025-09-21,64.19,Paid,22,2025-10-13
707796,902539,61,2025-09-21,67.61,Paid,29,2025-10-20
707797,901391,35,2025-09-20,54.53,Paid,12,2025-10-02
707798,901598,39,2025-09-20,54.72,Paid,3,2025-09-23
707799,915721,393,2025-09-19,82.9,Paid,11,2025-09-30
707800,914816,373,2025-09-21,52.64,Paid,11,2025-10-02
707801,902865,70,2025-09-19,68.73,Paid,23,2025-10-12
707802,902108,51,2025-09-19,68.27,Paid,16,2025-10-05
707803,914946,376,2025-09-19,76.08,Paid,0,2025-09-19
707804,915062,378,2025-09-20,120.18,Paid,6,2025-09-26
707805,902628,64,2025-09-21,70.94,Paid,11,2025-10-02
707806,910331,251,2025-09-21,59.18,Paid,2,2025-09-23
707807,910397,252,2025-09-21,56.96,Paid,16,2025-10-07
707808,910074,246,2025-09-20,69.3,Paid,17,2025-10-07
707809,907197,180,2025-09-19,79.09,Paid,5,2025-09-24
707810,900305,9,2025-09-21,60.79,Paid,6,2025-09-27
707811,905804,147,2025-09-20,58.19,Paid,15,2025-10-05
707812,903504,88,2025-09-20,62.09,Paid,22,2025-10-12
707813,901117,29,2025-09-21,104.15,Paid,16,2025-10-07
707814,903555,92,2025-09-21,74.37,Paid,1,2025-09-22
707815,905142,132,2025-09-20,59.01,Paid,2,2025-09-22
707816,903725,97,2025-09-21,73.79,Paid,1,2025-09-22
707817,908788,211,2025-09-21,62.3,Paid,12,2025-10-03
707818,914194,357,2025-09-21,83.17,Paid,0,2025-09-21
707819,900712,18,2025-09-20,57.61,Paid,9,2025-09-29
707820,908626,207,2025-09-21,71.35,Paid,23,2025-10-14
707821,909399,228,2025-09-19,75.93,Paid,1,2025-09-20
707822,909126,221,2025-09-20,117.22,Paid,0,2025-09-20
707823,910944,269,2025-09-20,56.24,Paid,15,2025-10-05
707824,916967,22,2025-09-19,483.09,Paid,38,2025-10-27
707825,913779,349,2025-09-19,120.65,Paid,7,2025-09-26
707826,916944,14,2025-09-20,497.1,Paid,25,2025-10-15
707827,907431,184,2025-09-19,85.15,Paid,7,2025-09-26
707828,910878,268,2025-09-21,61.37,Paid,18,2025-10-09
707829,900255,7,2025-09-21,55.98,Paid,2,2025-09-23
707830,912135,306,2025-09-21,52.65,Paid,0,2025-09-21
707831,916885,420,2025-09-19,72.63,Paid,17,2025-10-06
707832,903318,85,2025-09-19,77.91,Paid,3,2025-09-22
707833,911693,293,2025-09-21,60.5,Paid,8,2025-09-29
707834,916576,413,2025-09-19,79.29,Paid,0,2025-09-19
707835,912019,303,2025-09-20,79.55,Paid,0,2025-09-20
707836,909880,238,2025-09-21,57.76,Paid,14,2025-10-05
707837,906743,171,2025-09-21,80.08,Paid,22,2025-10-13
707838,900581,15,2025-09-20,59.7,Paid,7,2025-09-27
707839,911151,279,2025-09-21,60.05,Paid,4,2025-09-25
707840,905104,129,2025-09-21,79.38,Paid,0,2025-09-21
707841,903792,98,2025-09-21,57.55,Paid,5,2025-09-26
707842,901051,28,2025-09-20,62.72,Paid,6,2025-09-26
707843,906689,170,2025-09-21,82.29,Paid,13,2025-10-04
707844,912965,330,2025-09-20,60.01,Paid,0,2025-09-20
707845,911204,280,2025-09-21,56.18,Paid,0,2025-09-21
707846,910264,250,2025-09-22,85.71,Paid,23,2025-10-15
707847,905268,137,2025-09-20,80.54,Paid,0,2025-09-20
707848,900476,13,2025-09-21,57.92,Paid,0,2025-09-21
707849,917208,127,2025-09-21,4739.69,Paid,5,2025-09-26
707850,913304,339,2025-09-22,54.22,Paid,2,2025-09-24
707851,907904,194,2025-09-21,54.58,Paid,10,2025-10-01
707852,914908,375,2025-09-21,58.03,Paid,10,2025-10-01
707853,914127,356,2025-09-21,84.46,Paid,1,2025-09-22
707854,917103,78,2025-09-22,588.35,Paid,28,2025-10-20
707855,914689,370,2025-09-20,82.91,Paid,11,2025-10-01
707856,904611,118,2025-09-20,58.39,Paid,10,2025-09-30
707857,913505,342,2025-09-20,53.8,Paid,13,2025-10-03
707858,911850,298,2025-09-20,58.81,Paid,14,2025-10-04
707859,904560,116,2025-09-22,58.42,Paid,12,2025-10-04
707860,908442,204,2025-09-22,57.99,Paid,2,2025-09-24
707861,907498,186,2025-09-21,57.75,Paid,4,2025-09-25
707862,913712,348,2025-09-21,59.7,Paid,8,2025-09-29
707863,904299,110,2025-09-21,69.28,Paid,20,2025-10-11
707864,906471,165,2025-09-22,54.49,Paid,2,2025-09-24
707865,917129,95,2025-09-20,527.48,Paid,33,2025-10-23
707866,905373,139,2025-09-21,54.72,Paid,7,2025-09-28
707867,916472,411,2025-09-20,123.4,Paid,0,2025-09-20
707868,901702,41,2025-09-22,55.2,Paid,0,2025-09-22
707869,902058,48,2025-09-20,62.65,Paid,8,2025-09-28
707870,915788,394,2025-09-20,71.45,Paid,22,2025-10-12
707871,915606,390,2025-09-20,59.88,Paid,2,2025-09-22
707872,906832,173,2025-09-21,77.94,Paid,10,2025-10-01
707873,907696,190,2025-09-22,92.42,Paid,19,2025-10-11
707874,917723,377,2025-09-22,808.9,Paid,5,2025-09-27
707875,902175,52,2025-09-20,125.0,Paid,18,2025-10-08
707876,902004,47,2025-09-21,56.91,Paid,7,2025-09-28
707877,912449,314,2025-09-20,65.96,Paid,15,2025-10-05
707878,911356,283,2025-09-23,115.02,Paid,15,2025-10-08
707879,908376,203,2025-09-22,75.6,Paid,14,2025-10-06
707880,916680,416,2025-09-22,82.5,Paid,9,2025-10-01
707881,904664,119,2025-09-22,60.58,Paid,8,2025-09-30
707882,903949,102,2025-09-23,74.36,Paid,11,2025-10-04
707883,913438,341,2025-09-22,53.69,Paid,6,2025-09-28
707884,908573,206,2025-09-22,55.28,Paid,13,2025-10-05
707885,917125,92,2025-09-23,2892.46,Paid,0,2025-09-23
707886,909334,227,2025-09-23,56.51,Paid,0,2025-09-23
707887,907329,182,2025-09-21,57.4,Paid,13,2025-10-04
707888,901457,36,2025-09-23,83.34,Paid,4,2025-09-27
707889,908701,209,2025-09-23,59.0,Paid,0,2025-09-23
707890,914039,354,2025-09-22,57.76,Paid,8,2025-09-30
707891,913986,353,2025-09-23,58.91,Paid,9,2025-10-02
707892,916423,410,2025-09-21,90.32,Paid,9,2025-09-30
707893,911474,287,2025-09-23,58.3,Paid,11,2025-10-04
707894,906898,175,2025-09-23,95.1,Paid,17,2025-10-10
707895,901939,45,2025-09-23,54.48,Paid,8,2025-10-01
707896,908738,210,2025-09-21,58.98,Paid,0,2025-09-21
707897,913237,336,2025-09-22,72.08,Paid,13,2025-10-05
707898,909193,222,2025-09-23,71.46,Paid,0,2025-09-23
707899,905218,135,2025-09-21,57.35,Paid,5,2025-09-26
707900,907094,178,2025-09-23,56.17,Paid,6,2025-09-29
707901,903622,95,2025-09-22,83.61,Paid,40,2025-11-01
707902,914430,363,2025-09-23,56.17,Paid,6,2025-09-29
707903,905440,140,2025-09-22,54.87,Paid,10,2025-10-02
707904,911307,282,2025-09-21,116.17,Paid,14,2025-10-05
707905,902449,58,2025-09-21,63.17,Paid,8,2025-09-29
707906,909983,242,2025-09-22,79.57,Paid,0,2025-09-22
707907,915855,395,2025-09-23,57.09,Paid,8,2025-10-01
707908,916370,409,2025-09-22,79.04,Paid,8,2025-09-30
707909,912627,320,2025-09-22,84.16,Paid,0,2025-09-22
707910,913031,331,2025-09-22,59.19,Paid,4,2025-09-26
707911,905571,143,2025-09-21,55.75,Paid,13,2025-10-04
707912,911254,281,2025-09-21,57.27,Paid,13,2025-10-04
707913,903176,81,2025-09-21,93.81,Paid,16,2025-10-07
707914,901808,43,2025-09-23,59.23,Paid,0,2025-09-23
707915,915553,389,2025-09-22,57.91,Paid,22,2025-10-14
707916,907971,195,2025-09-23,60.24,Paid,22,2025-10-15
707917,905506,142,2025-09-22,53.06,Paid,11,2025-10-03
707918,904366,111,2025-09-23,56.91,Paid,0,2025-09-23
707919,915129,379,2025-09-24,57.9,Paid,0,2025-09-24
707920,911627,290,2025-09-23,59.71,Paid,2,2025-09-25
707921,901874,44,2025-09-24,56.4,Paid,0,2025-09-24
707922,912784,324,2025-09-23,55.97,Paid,7,2025-09-30
707923,912317,312,2025-09-24,136.63,Paid,28,2025-10-22
707924,908234,199,2025-09-23,77.44,Paid,0,2025-09-23
707925,900816,21,2025-09-24,94.42,Paid,8,2025-10-02
707926,909683,234,2025-09-23,55.99,Paid,0,2025-09-23
707927,902400,57,2025-09-22,68.18,Paid,14,2025-10-06
707928,917031,49,2025-09-23,507.78,Paid,15,2025-10-08
707929,906418,164,2025-09-22,56.09,Paid,6,2025-09-28
707930,917282,163,2025-09-24,2944.95,Paid,0,2025-09-24
707931,902578,62,2025-09-22,78.95,Paid,19,2025-10-11
707932,902243,53,2025-09-24,85.4,Paid,17,2025-10-11
707933,917510,275,2025-09-23,3492.45,Paid,14,2025-10-07
707934,916305,408,2025-09-24,56.81,Paid,18,2025-10-12
707935,906367,163,2025-09-24,79.87,Paid,6,2025-09-30
707936,913372,340,2025-09-22,71.45,Paid,27,2025-10-19
707937,905636,144,2025-09-22,54.31,Paid,1,2025-09-23
707938,908168,198,2025-09-23,109.45,Paid,0,2025-09-23
707939,901653,40,2025-09-24,53.61,Paid,4,2025-09-28
707940,904855,123,2025-09-24,62.17,Paid,6,2025-09-30
707941,915183,381,2025-09-23,76.69,Paid,18,2025-10-11
707942,906074,153,2025-09-22,82.54,Paid,18,2025-10-10
707943,914728,371,2025-09-22,54.27,Paid,0,2025-09-22
707944,910464,254,2025-09-23,65.98,Paid,31,2025-10-24
707945,907631,188,2025-09-24,66.67,Paid,30,2025-10-24
707946,916771,418,2025-09-23,66.85,Paid,5,2025-09-28
707947,903385,86,2025-09-23,60.95,Paid,23,2025-10-16
707948,910671,261,2025-09-22,54.75,Paid,9,2025-10-01
707949,903451,87,2025-09-24,56.22,Paid,0,2025-09-24
707950,903999,103,2025-09-22,88.18,Paid,14,2025-10-06
707951,913936,352,2025-09-23,110.1,Paid,0,2025-09-23
707952,914328,361,2025-09-25,62.76,Paid,19,2025-10-14
707953,913647,347,2025-09-23,58.29,Paid,0,2025-09-23
707954,902733,66,2025-09-23,80.08,Paid,1,2025-09-24
707955,916202,404,2025-09-24,60.55,Paid,11,2025-10-05
707956,901511,37,2025-09-23,69.23,Paid,25,2025-10-18
707957,917011,41,2025-09-25,497.38,Paid,5,2025-09-30
707958,917306,172,2025-09-25,1930.88,Paid,4,2025-09-29
707959,912730,323,2025-09-23,69.31,Paid,19,2025-10-12
707960,909580,232,2025-09-23,61.63,Paid,14,2025-10-07
707961,912901,329,2025-09-24,66.56,Paid,30,2025-10-24
707962,909062,219,2025-09-23,71.37,Paid,10,2025-10-03
707963,907148,179,2025-09-25,97.15,Paid,22,2025-10-17
707964,904922,124,2025-09-23,74.78,Paid,5,2025-09-28
707965,916255,406,2025-09-23,59.6,Paid,0,2025-09-23
707966,917142,100,2025-09-24,932.69,Paid,0,2025-09-24
707967,902932,71,2025-09-24,55.05,Paid,6,2025-09-30
707968,903897,100,2025-09-25,117.3,Paid,1,2025-09-26
707969,907566,187,2025-09-23,60.99,Paid,12,2025-10-05
707970,916821,419,2025-09-23,79.41,Paid,10,2025-10-03
707971,914077,355,2025-09-23,56.7,Paid,2,2025-09-25
707972,914997,377,2025-09-25,80.79,Paid,5,2025-09-30
707973,909749,235,2025-09-25,58.13,Paid,11,2025-10-06
707974,906964,176,2025-09-25,76.87,Paid,5,2025-09-30
707975,904508,115,2025-09-25,71.19,Paid,18,2025-10-13
707976,911012,270,2025-09-25,54.45,Paid,0,2025-09-25
707977,906523,166,2025-09-24,57.64,Paid,0,2025-09-24
707978,904196,107,2025-09-23,53.38,Paid,6,2025-09-29
707979,900360,10,2025-09-24,61.82,Paid,0,2025-09-24
707980,917478,260,2025-09-23,815.68,Paid,10,2025-10-03
707981,908509,205,2025-09-25,81.6,Paid,11,2025-10-06
707982,905739,146,2025-09-23,56.5,Paid,2,2025-09-25
707983,904131,105,2025-09-24,59.89,Paid,0,2025-09-24
707984,900026,1,2025-09-24,58.46,Paid,21,2025-10-15
707985,905999,151,2025-09-24,51.6,Paid,20,2025-10-14
707986,902800,69,2025-09-24,61.49,Paid,11,2025-10-05
707987,910556,256,2025-09-23,60.27,Paid,12,2025-10-05
707988,915922,397,2025-09-25,56.5,Paid,18,2025-10-13
707989,911967,302,2025-09-26,123.58,Paid,4,2025-09-30
707990,906291,159,2025-09-26,102.8,Paid,10,2025-10-06
707991,900648,16,2025-09-24,58.65,Paid,23,2025-10-17
707992,908037,196,2025-09-24,56.29,Paid,7,2025-10-01
707993,900079,2,2025-09-25,60.88,Paid,13,2025-10-08
707994,904987,125,2025-09-26,83.86,Paid,23,2025-10-19
707995,911748,294,2025-09-26,94.18,Paid,22,2025-10-18
707996,907265,181,2025-09-24,61.25,Paid,4,2025-09-28
707997,915334,385,2025-09-24,71.3,Paid,8,2025-10-02
707998,913097,333,2025-09-26,79.83,Paid,7,2025-10-03
707999,901326,34,2025-09-26,68.44,Paid,28,2025-10-24
708000,905052,126,2025-09-24,78.13,Paid,0,2025-09-24
708001,903089,77,2025-09-25,64.46,Paid,23,2025-10-18
708002,917424,233,2025-09-26,373.63,Paid,14,2025-10-10
708003,910606,259,2025-09-25,114.42,Paid,0,2025-09-25
708004,907029,177,2025-09-25,55.46,Paid,6,2025-10-01
708005,908892,213,2025-09-24,111.42,Paid,13,2025-10-07
708006,912834,328,2025-09-26,69.34,Paid,19,2025-10-15
708007,911525,288,2025-09-24,57.32,Paid,7,2025-10-01
708008,916115,402,2025-09-25,74.56,Paid,27,2025-10-22
708009,907763,191,2025-09-26,119.53,Paid,1,2025-09-27
708010,903036,76,2025-09-25,57.5,Paid,3,2025-09-28
708011,909815,236,2025-09-24,120.57,Paid,0,2025-09-24
708012,906201,157,2025-09-24,61.46,Paid,10,2025-10-04
708013,915450,387,2025-09-26,70.06,Paid,12,2025-10-08
708014,915656,391,2025-09-26,64.1,Paid,31,2025-10-27
708015,906782,172,2025-09-25,55.99,Paid,6,2025-10-01
708016,914652,368,2025-09-24,56.41,Paid,8,2025-10-02
708017,900870,22,2025-09-24,67.36,Paid,16,2025-10-10
708018,910776,266,2025-09-25,58.45,Paid,20,2025-10-15
708019,900920,25,2025-09-25,82.08,Paid,7,2025-10-02
708020,904065,104,2025-09-24,58.85,Paid,1,2025-09-25
708021,904249,109,2025-09-25,62.83,Paid,3,2025-09-28
708022,908102,197,2025-09-26,80.32,Paid,20,2025-10-16
708023,914497,365,2025-09-27,58.69,Paid,18,2025-10-15
708024,908443,204,2025-09-25,59.17,Paid,8,2025-10-03
708025,905181,133,2025-09-27,57.2,Paid,0,2025-09-27
708026,900987,27,2025-09-27,78.8,Paid,11,2025-10-08
708027,901757,42,2025-09-27,76.4,Paid,12,2025-10-09
708028,909285,226,2025-09-27,73.83,Paid,16,2025-10-13
708029,916025,399,2025-09-25,52.63,Paid,5,2025-09-30
708030,912503,316,2025-09-26,119.52,Paid,15,2025-10-11
708031,911798,295,2025-09-25,67.05,Paid,16,2025-10-11
708032,911422,286,2025-09-26,54.1,Paid,8,2025-10-04
708033,917761,394,2025-09-25,8384.77,Paid,11,2025-10-06
708034,901223,31,2025-09-26,115.27,Paid,5,2025-10-01
708035,912384,313,2025-09-26,120.91,Paid,0,2025-09-26
708036,904458,114,2025-09-25,69.98,Paid,14,2025-10-09
708037,914262,359,2025-09-27,81.38,Paid,6,2025-10-03
708038,912450,314,2025-09-26,68.26,Paid,29,2025-10-25
708039,912070,304,2025-09-26,92.63,Paid,19,2025-10-15
708040,910162,248,2025-09-27,123.68,Paid,8,2025-10-05
708041,905871,148,2025-09-27,56.6,Paid,0,2025-09-27
708042,911152,279,2025-09-27,54.51,Paid,3,2025-09-30
708043,917343,189,2025-09-25,420.41,Paid,2,2025-09-27
708044,902347,55,2025-09-25,90.56,Paid,20,2025-10-15
708045,900411,11,2025-09-25,58.51,Paid,3,2025-09-28
708046,906588,167,2025-09-26,52.8,Paid,13,2025-10-09
708047,913883,351,2025-09-26,54.82,Paid,4,2025-09-30
708048,904714,120,2025-09-26,76.85,Paid,3,2025-09-29
708049,908958,215,2025-09-27,116.1,Paid,4,2025-10-01
708050,914599,367,2025-09-25,60.95,Paid,6,2025-10-01
708051,900166,4,2025-09-27,83.05,Paid,18,2025-10-15
708052,910518,255,2025-09-27,60.78,Paid,0,2025-09-27
708053,911902,299,2025-09-25,60.13,Paid,3,2025-09-28
708054,909492,230,2025-09-26,119.42,Paid,20,2025-10-16
708055,917304,171,2025-09-25,650.15,Paid,4,2025-09-29
708056,904767,121,2025-09-25,67.91,Paid,16,2025-10-11
708057,904612,118,2025-09-27,57.37,Paid,0,2025-09-27
708058,914381,362,2025-09-28,62.79,Paid,4,2025-10-02
708059,901599,39,2025-09-26,59.9,Paid,0,2025-09-26
708060,907432,184,2025-09-27,88.55,Paid,0,2025-09-27
708061,917485,261,2025-09-27,1976.47,Paid,0,2025-09-27
708062,910879,268,2025-09-28,61.64,Paid,3,2025-10-01
708063,903319,85,2025-09-26,86.34,Paid,8,2025-10-04
708064,917729,381,2025-09-27,3783.14,Paid,11,2025-10-08
708065,903726,97,2025-09-26,89.18,Paid,0,2025-09-26
708066,915063,378,2025-09-26,108.85,Paid,6,2025-10-02
708067,908789,211,2025-09-26,68.4,Paid,21,2025-10-17
708068,909400,228,2025-09-27,81.75,Paid,11,2025-10-08
708069,901118,29,2025-09-26,91.18,Paid,23,2025-10-19
708070,902866,70,2025-09-27,74.46,Paid,23,2025-10-20
708071,903556,92,2025-09-26,85.87,Paid,0,2025-09-26
708072,908326,201,2025-09-26,62.15,Paid,9,2025-10-05
708073,910945,269,2025-09-26,59.31,Paid,0,2025-09-26
708074,916577,413,2025-09-26,85.1,Paid,23,2025-10-19
708075,907697,190,2025-09-27,94.57,Paid,18,2025-10-15
708076,901052,28,2025-09-27,56.88,Paid,4,2025-10-01
708077,906329,161,2025-09-27,58.06,Paid,0,2025-09-27
708078,912190,307,2025-09-27,58.1,Paid,0,2025-09-27
708079,916886,420,2025-09-28,75.96,Paid,0,2025-09-28
708080,912136,306,2025-09-27,54.36,Paid,8,2025-10-05
708081,900713,18,2025-09-28,57.58,Paid,4,2025-10-02
708082,904805,122,2025-09-28,99.12,Paid,27,2025-10-25
708083,902109,51,2025-09-28,69.03,Paid,18,2025-10-16
708084,909127,221,2025-09-28,114.05,Paid,9,2025-10-07
708085,909530,231,2025-09-26,78.13,Paid,20,2025-10-16
708086,908664,208,2025-09-26,119.64,Paid,0,2025-09-26
708087,914195,357,2025-09-28,78.17,Paid,1,2025-09-29
708088,917505,273,2025-09-27,286.59,Paid,0,2025-09-27
708089,914817,373,2025-09-26,58.34,Paid,14,2025-10-10
708090,901276,32,2025-09-26,57.22,Paid,4,2025-09-30
708091,901549,38,2025-09-27,62.43,Paid,5,2025-10-02
708092,910332,251,2025-09-26,58.76,Paid,0,2025-09-26
708093,913238,336,2025-09-26,80.25,Paid,7,2025-10-03
708094,917808,415,2025-09-26,231.45,Paid,17,2025-10-13
708095,907198,180,2025-09-27,73.62,Paid,7,2025-10-04
708096,903231,83,2025-09-26,58.54,Paid,6,2025-10-02
708097,910398,252,2025-09-27,55.74,Paid,3,2025-09-30
708098,915384,386,2025-09-26,59.99,Paid,14,2025-10-10
708099,900306,9,2025-09-28,57.17,Paid,1,2025-09-29
708100,902629,64,2025-09-26,79.76,Paid,18,2025-10-14
708101,911694,293,2025-09-27,56.7,Paid,0,2025-09-27
708102,905805,147,2025-09-26,58.14,Paid,17,2025-10-13
708103,915722,393,2025-09-27,80.42,Paid,2,2025-09-29
708104,909881,238,2025-09-27,54.19,Paid,0,2025-09-27
708105,914766,372,2025-09-28,131.81,Paid,1,2025-09-29
708106,904300,110,2025-09-26,64.62,Paid,23,2025-10-19
708107,913780,349,2025-09-27,130.45,Paid,3,2025-09-30
708108,901392,35,2025-09-28,55.57,Paid,0,2025-09-28
708109,917612,323,2025-09-29,2024.19,Paid,16,2025-10-15
708110,915789,394,2025-09-28,67.04,Paid,27,2025-10-25
708111,902176,52,2025-09-28,116.92,Paid,20,2025-10-18
708112,912266,309,2025-09-27,59.09,Paid,21,2025-10-18
708113,906833,173,2025-09-29,76.21,Paid,0,2025-09-29
708114,917433,235,2025-09-27,338.95,Paid,9,2025-10-06
708115,907499,186,2025-09-28,59.46,Paid,4,2025-10-02
708116,916527,412,2025-09-28,76.72,Paid,5,2025-10-03
708117,910215,249,2025-09-28,77.4,Paid,7,2025-10-05
708118,901703,41,2025-09-29,62.86,Paid,13,2025-10-12
708119,913713,348,2025-09-28,53.77,Paid,0,2025-09-28
708120,901172,30,2025-09-28,60.29,Paid,5,2025-10-03
708121,905374,139,2025-09-29,57.28,Paid,11,2025-10-10
708122,902005,47,2025-09-29,57.61,Paid,6,2025-10-05
708123,917104,78,2025-09-27,2324.64,Paid,25,2025-10-22
708124,910112,247,2025-09-29,71.26,Paid,10,2025-10-09
708125,906690,170,2025-09-28,82.46,Paid,0,2025-09-28
708126,903793,98,2025-09-29,54.48,Paid,10,2025-10-09
708127,910265,250,2025-09-27,82.14,Paid,12,2025-10-09
708128,902985,72,2025-09-29,79.0,Paid,10,2025-10-09
708129,917292,166,2025-09-28,456.33,Paid,0,2025-09-28
708130,910672,261,2025-09-29,58.09,Paid,9,2025-10-08
708131,916473,411,2025-09-28,123.08,Paid,13,2025-10-11
708132,903177,81,2025-09-27,94.03,Paid,24,2025-10-21
708133,917756,393,2025-09-27,437.54,Paid,19,2025-10-16
708134,903269,84,2025-09-27,52.76,Paid,7,2025-10-04
708135,909633,233,2025-09-29,75.61,Paid,22,2025-10-21
708136,905269,137,2025-09-27,73.07,Paid,1,2025-09-28
708137,910726,262,2025-09-27,73.18,Paid,20,2025-10-17
708138,900582,15,2025-09-28,59.59,Paid,15,2025-10-13
708139,913439,341,2025-09-28,54.45,Paid,12,2025-10-10
708140,910037,245,2025-09-28,75.73,Paid,8,2025-10-06
708141,900477,13,2025-09-28,60.69,Paid,7,2025-10-05
708142,907905,194,2025-09-28,54.49,Paid,7,2025-10-05
708143,914128,356,2025-09-27,75.89,Paid,5,2025-10-02
708144,913305,339,2025-09-28,57.18,Paid,0,2025-09-28
708145,912966,330,2025-09-27,60.34,Paid,14,2025-10-11
708146,913506,342,2025-09-29,57.89,Paid,0,2025-09-29
708147,905740,146,2025-09-30,52.53,Paid,16,2025-10-16
708148,914871,374,2025-09-29,82.22,Paid,2,2025-10-01
708149,911357,283,2025-09-28,118.54,Paid,11,2025-10-09
708150,902683,65,2025-09-30,53.78,Paid,4,2025-10-04
708151,909984,242,2025-09-28,75.0,Paid,18,2025-10-16
708152,915296,384,2025-09-30,66.63,Paid,36,2025-11-05
708153,907816,192,2025-09-28,122.02,Paid,12,2025-10-10
708154,907330,182,2025-09-30,52.57,Paid,3,2025-10-03
708155,906899,175,2025-09-29,92.3,Paid,23,2025-10-22
708156,908235,199,2025-09-30,78.78,Paid,0,2025-09-30
708157,916631,414,2025-09-30,59.26,Paid,10,2025-10-10
708158,915975,398,2025-09-28,64.85,Paid,4,2025-10-02
708159,915221,382,2025-09-29,69.38,Paid,18,2025-10-17
708160,917623,328,2025-09-28,239.63,Paid,31,2025-10-29
708161,906112,155,2025-09-29,59.55,Paid,10,2025-10-09
708162,913032,331,2025-09-29,59.23,Paid,11,2025-10-10
708163,917542,291,2025-09-30,1771.15,Paid,3,2025-10-03
708164,905924,149,2025-09-30,58.67,Paid,1,2025-10-01
708165,909335,227,2025-09-30,54.28,Paid,21,2025-10-21
708166,905323,138,2025-09-30,57.02,Paid,10,2025-10-10
708167,905441,140,2025-09-29,55.0,Paid,11,2025-10-10
708168,903623,95,2025-09-30,95.76,Paid,11,2025-10-11
708169,911255,281,2025-09-30,52.83,Paid,10,2025-10-10
708170,914431,363,2025-09-30,54.22,Paid,13,2025-10-13
708171,909194,222,2025-09-28,77.47,Paid,3,2025-10-01
708172,909247,225,2025-09-30,55.72,Paid,25,2025-10-25
708173,912628,320,2025-09-29,72.03,Paid,14,2025-10-13
708174,912731,323,2025-09-28,65.44,Paid,21,2025-10-19
708175,912681,322,2025-09-28,128.43,Paid,17,2025-10-15
708176,905572,143,2025-09-28,58.15,Paid,0,2025-09-28
708177,913987,353,2025-09-29,56.71,Paid,13,2025-10-12
708178,916371,409,2025-09-29,79.52,Paid,10,2025-10-09
708179,907095,178,2025-09-29,55.42,Paid,5,2025-10-04
708180,905637,144,2025-09-30,57.37,Paid,2,2025-10-02
708181,908377,203,2025-09-29,85.77,Paid,15,2025-10-14
708182,904420,113,2025-09-30,57.98,Paid,2,2025-10-02
708183,909454,229,2025-09-30,54.61,Paid,1,2025-10-01
708184,913373,340,2025-10-01,67.73,Paid,26,2025-10-27
708185,913597,345,2025-10-01,58.57,Paid,12,2025-10-13
708186,911628,290,2025-09-30,57.89,Paid,0,2025-09-30
708187,915554,389,2025-10-01,57.31,Paid,5,2025-10-06
708188,904856,123,2025-10-01,58.71,Paid,10,2025-10-11
708189,912318,312,2025-09-30,135.52,Paid,10,2025-10-10
708190,901809,43,2025-09-29,58.35,Paid,12,2025-10-11
708191,910465,254,2025-10-01,68.13,Paid,17,2025-10-18
708192,907632,188,2025-09-29,59.1,Paid,26,2025-10-25
708193,902450,58,2025-09-30,70.73,Paid,15,2025-10-15
708194,903452,87,2025-09-30,59.95,Paid,8,2025-10-08
708195,916681,416,2025-09-29,73.86,Paid,9,2025-10-08
708196,908169,198,2025-09-29,124.63,Paid,3,2025-10-02
708197,907972,195,2025-09-30,54.83,Paid,7,2025-10-07
708198,903676,96,2025-09-30,57.48,Paid,6,2025-10-06
708199,901458,36,2025-10-01,82.39,Paid,20,2025-10-21
708200,900531,14,2025-10-01,69.67,Paid,30,2025-10-31
708201,913648,347,2025-09-30,60.82,Paid,0,2025-09-30
708202,900921,25,2025-10-01,82.51,Paid,23,2025-10-24
708203,907854,193,2025-09-29,59.41,Paid,4,2025-10-03
708204,905507,142,2025-10-01,56.93,Paid,19,2025-10-20
708205,909684,234,2025-09-29,59.89,Paid,0,2025-09-29
708206,902244,53,2025-09-29,94.34,Paid,26,2025-10-25
708207,906419,164,2025-09-29,53.07,Paid,13,2025-10-12
708208,915130,379,2025-09-30,59.81,Paid,7,2025-10-07
708209,902801,69,2025-09-30,60.8,Paid,7,2025-10-07
708210,906641,169,2025-10-01,68.95,Paid,0,2025-10-01
708211,915923,397,2025-09-30,57.89,Paid,18,2025-10-18
708212,900027,1,2025-10-02,62.5,Paid,5,2025-10-07
708213,901940,45,2025-10-01,53.9,Paid,4,2025-10-05
708214,904197,107,2025-09-30,55.66,Paid,13,2025-10-13
708215,904132,105,2025-10-01,61.65,Paid,0,2025-10-01
708216,908510,205,2025-10-01,81.88,Paid,10,2025-10-11
708217,901875,44,2025-10-01,56.36,Paid,3,2025-10-04
708218,906524,166,2025-10-02,60.36,Paid,9,2025-10-11
708219,915856,395,2025-09-30,52.84,Paid,10,2025-10-10
708220,906150,156,2025-09-30,59.89,Paid,7,2025-10-07
708221,912578,318,2025-09-30,52.49,Paid,0,2025-09-30
708222,912835,328,2025-10-02,68.14,Paid,29,2025-10-31
708223,916734,417,2025-09-30,57.63,Paid,4,2025-10-04
708224,909750,235,2025-10-02,54.68,Paid,14,2025-10-16
708225,902734,66,2025-10-01,84.98,Paid,18,2025-10-19
708226,916203,404,2025-10-01,58.83,Paid,5,2025-10-06
708227,909063,219,2025-10-02,70.01,Paid,14,2025-10-16
708228,912902,329,2025-10-02,70.58,Paid,16,2025-10-18
708229,913560,343,2025-10-01,74.84,Paid,2,2025-10-03
708230,902503,60,2025-10-01,55.28,Paid,27,2025-10-28
708231,913188,335,2025-09-30,52.33,Paid,7,2025-10-07
708232,904923,124,2025-10-01,74.41,Paid,14,2025-10-15
708233,904000,103,2025-10-02,81.69,Paid,0,2025-10-02
708234,917154,103,2025-10-01,3074.33,Paid,9,2025-10-10
708235,911065,274,2025-09-30,81.48,Paid,0,2025-09-30
708236,902933,71,2025-10-01,55.17,Paid,4,2025-10-05
708237,903898,100,2025-09-30,119.25,Paid,0,2025-09-30
708238,916822,419,2025-10-01,83.4,Paid,15,2025-10-16
708239,914998,377,2025-10-01,73.28,Paid,0,2025-10-01
708240,908574,206,2025-09-30,60.77,Paid,0,2025-09-30
708241,906965,176,2025-10-01,72.55,Paid,9,2025-10-10
708242,909581,232,2025-10-02,57.69,Paid,3,2025-10-05
708243,911013,270,2025-10-01,55.33,Paid,13,2025-10-14
708244,909935,241,2025-10-02,60.55,Paid,6,2025-10-08
708245,912228,308,2025-10-02,54.89,Paid,8,2025-10-10
708246,914550,366,2025-10-01,81.4,Paid,22,2025-10-23
708247,905053,126,2025-10-02,77.28,Paid,4,2025-10-06
708248,903127,79,2025-10-01,63.09,Paid,10,2025-10-11
708249,913098,333,2025-10-02,81.85,Paid,0,2025-10-02
708250,916153,403,2025-10-01,73.88,Paid,12,2025-10-13
708251,904988,125,2025-10-02,81.2,Paid,19,2025-10-21
708252,913150,334,2025-10-02,54.42,Paid,8,2025-10-10
708253,915385,386,2025-10-01,58.38,Paid,7,2025-10-08
708254,907764,191,2025-10-03,120.71,Paid,6,2025-10-09
708255,900817,21,2025-10-03,86.72,Paid,35,2025-11-07
708256,917569,305,2025-10-01,292.08,Paid,3,2025-10-04
708257,915657,391,2025-10-03,67.98,Paid,9,2025-10-12
708258,916078,401,2025-10-03,58.56,Paid,0,2025-10-03
708259,916306,408,2025-10-03,52.83,Paid,0,2025-10-03
708260,900649,16,2025-10-02,56.55,Paid,9,2025-10-11
708261,903847,99,2025-10-02,84.21,Paid,0,2025-10-02
708262,908038,196,2025-10-03,59.71,Paid,0,2025-10-03
708263,905962,150,2025-10-01,61.78,Paid,11,2025-10-12
708264,907266,181,2025-10-02,61.7,Paid,26,2025-10-28
708265,909011,216,2025-10-01,61.0,Paid,0,2025-10-01
708266,906037,152,2025-10-02,63.58,Paid,0,2025-10-02
708267,900219,6,2025-10-02,60.03,Paid,0,2025-10-02
708268,915259,383,2025-10-01,59.62,Paid,0,2025-10-01
708269,911102,275,2025-10-02,65.09,Paid,0,2025-10-02
708270,910777,266,2025-10-02,59.64,Paid,10,2025-10-12
708271,915451,387,2025-10-01,69.96,Paid,12,2025-10-13
708272,908893,213,2025-10-01,115.35,Paid,7,2025-10-08
708273,904367,111,2025-10-02,54.53,Paid,5,2025-10-07
708274,906202,157,2025-10-03,52.41,Paid,27,2025-10-30
708275,908959,215,2025-10-03,117.32,Paid,6,2025-10-09
708276,911968,302,2025-10-03,119.11,Paid,18,2025-10-21
708277,907383,183,2025-10-01,87.37,Paid,3,2025-10-04
708278,911526,288,2025-10-01,57.49,Paid,12,2025-10-13
708279,902297,54,2025-10-03,56.94,Paid,13,2025-10-16
708280,900117,3,2025-10-01,77.82,Paid,17,2025-10-18
708281,907030,177,2025-10-01,56.18,Paid,13,2025-10-14
708282,904066,104,2025-10-01,51.12,Paid,7,2025-10-08
708283,917750,390,2025-10-01,5643.95,Paid,6,2025-10-07
708284,903386,86,2025-10-02,59.38,Paid,13,2025-10-15
708285,901327,34,2025-10-03,67.08,Paid,13,2025-10-16
708286,910607,259,2025-10-01,112.98,Paid,11,2025-10-12
708287,903037,76,2025-10-02,56.88,Paid,28,2025-10-30
708288,917732,382,2025-10-02,509.13,Paid,21,2025-10-23
708289,905690,145,2025-10-03,119.62,Paid,12,2025-10-15
708290,915503,388,2025-10-02,60.53,Paid,1,2025-10-03
708291,900767,19,2025-10-04,58.61,Paid,6,2025-10-10
708292,916954,17,2025-10-04,359.23,Paid,25,2025-10-29
708293,900412,11,2025-10-02,55.44,Paid,0,2025-10-02
708294,916026,399,2025-10-03,58.73,Paid,7,2025-10-10
708295,908843,212,2025-10-03,72.75,Paid,18,2025-10-21
708296,900988,27,2025-10-02,78.21,Paid,15,2025-10-17
708297,900167,4,2025-10-02,83.55,Paid,11,2025-10-13
708298,909816,236,2025-10-04,112.61,Paid,0,2025-10-04
708299,908444,204,2025-10-02,60.23,Paid,11,2025-10-13
708300,917386,212,2025-10-04,607.57,Paid,10,2025-10-14
708301,901224,31,2025-10-03,126.78,Paid,0,2025-10-03
708302,906589,167,2025-10-02,56.73,Paid,22,2025-10-24
708303,914329,361,2025-10-02,59.61,Paid,16,2025-10-18
708304,908103,197,2025-10-04,75.45,Paid,11,2025-10-15
708305,910163,248,2025-10-04,116.46,Paid,20,2025-10-24
708306,911799,295,2025-10-03,57.76,Paid,13,2025-10-16
708307,914498,365,2025-10-03,58.51,Paid,12,2025-10-15
708308,902348,55,2025-10-03,94.06,Paid,17,2025-10-20
708309,912071,304,2025-10-04,100.78,Paid,17,2025-10-21
708310,904715,120,2025-10-04,73.49,Paid,17,2025-10-21
708311,915607,390,2025-10-04,56.0,Paid,0,2025-10-04
708312,911578,289,2025-10-03,63.63,Paid,10,2025-10-13
708313,910075,246,2025-10-03,68.37,Paid,1,2025-10-04
708314,913834,350,2025-10-04,58.58,Paid,7,2025-10-11
708315,913884,351,2025-10-03,60.1,Paid,14,2025-10-17
708316,911903,299,2025-10-03,63.03,Paid,9,2025-10-12
708317,906254,158,2025-10-03,70.97,Paid,38,2025-11-10
708318,914600,367,2025-10-04,54.79,Paid,8,2025-10-12
708319,907567,187,2025-10-03,57.88,Paid,8,2025-10-11
708320,904509,115,2025-10-02,61.81,Paid,21,2025-10-23
708321,914263,359,2025-10-03,86.34,Paid,11,2025-10-14
708322,911423,286,2025-10-02,59.15,Paid,23,2025-10-25
708323,904613,118,2025-10-02,51.97,Paid,4,2025-10-06
708324,905872,148,2025-10-03,51.63,Paid,2,2025-10-05
708325,912385,313,2025-10-03,120.96,Paid,0,2025-10-03
708326,912541,317,2025-10-04,80.04,Paid,11,2025-10-15
708327,911153,279,2025-10-04,56.27,Paid,12,2025-10-16
708328,910829,267,2025-10-02,125.05,Paid,2,2025-10-04
708329,912451,314,2025-10-02,72.4,Paid,13,2025-10-15
708330,903320,85,2025-10-05,80.06,Paid,0,2025-10-05
708331,914196,357,2025-10-03,75.58,Paid,0,2025-10-03
708332,916578,413,2025-10-05,78.52,Paid,16,2025-10-21
708333,912137,306,2025-10-05,63.49,Paid,19,2025-10-24
708334,902867,70,2025-10-04,66.42,Paid,19,2025-10-23
708335,915723,393,2025-10-03,73.71,Paid,0,2025-10-03
708336,909128,221,2025-10-04,112.68,Paid,14,2025-10-18
708337,910333,251,2025-10-05,56.99,Paid,9,2025-10-14
708338,916887,420,2025-10-04,83.85,Paid,0,2025-10-04
708339,900307,9,2025-10-04,58.9,Paid,5,2025-10-09
708340,910399,252,2025-10-03,59.51,Paid,10,2025-10-13
708341,902630,64,2025-10-05,79.52,Paid,6,2025-10-11
708342,900256,7,2025-10-05,61.44,Paid,11,2025-10-16
708343,906744,171,2025-10-04,82.38,Paid,4,2025-10-08
708344,900714,18,2025-10-05,53.84,Paid,7,2025-10-12
708345,915064,378,2025-10-03,111.1,Paid,8,2025-10-11
708346,901393,35,2025-10-03,62.07,Paid,0,2025-10-03
708347,910946,269,2025-10-03,59.05,Paid,11,2025-10-14
708348,901600,39,2025-10-05,58.27,Paid,2,2025-10-07
708349,902540,61,2025-10-05,71.75,Paid,28,2025-11-02
708350,914947,376,2025-10-05,76.54,Paid,17,2025-10-22
708351,909882,238,2025-10-05,55.48,Paid,7,2025-10-12
708352,914818,373,2025-10-03,57.92,Paid,0,2025-10-03
708353,905806,147,2025-10-03,53.46,Paid,4,2025-10-07
708354,917287,165,2025-10-05,640.1,Paid,20,2025-10-25
708355,909401,228,2025-10-03,80.64,Paid,0,2025-10-03
708356,907433,184,2025-10-04,69.37,Paid,2,2025-10-06
708357,913781,349,2025-10-03,118.51,Paid,0,2025-10-03
708358,903505,88,2025-10-05,70.88,Paid,26,2025-10-31
708359,908790,211,2025-10-05,69.0,Paid,22,2025-10-27
708360,901119,29,2025-10-04,92.55,Paid,28,2025-11-01
708361,907698,190,2025-10-03,96.84,Paid,28,2025-10-31
708362,903557,92,2025-10-03,72.68,Paid,3,2025-10-06
708363,913239,336,2025-10-04,88.99,Paid,9,2025-10-13
708364,907199,180,2025-10-04,75.27,Paid,9,2025-10-13
708365,904301,110,2025-10-04,71.96,Paid,19,2025-10-23
708366,911695,293,2025-10-05,54.04,Paid,14,2025-10-19
708367,917236,139,2025-10-03,460.94,Paid,0,2025-10-03
708368,908288,200,2025-10-04,64.59,Paid,9,2025-10-13
708369,917211,130,2025-10-03,314.56,Paid,10,2025-10-13
708370,901053,28,2025-10-04,57.29,Paid,5,2025-10-09
708371,905143,132,2025-10-04,62.13,Paid,5,2025-10-09
708372,912020,303,2025-10-04,78.93,Paid,6,2025-10-10
708373,910880,268,2025-10-03,55.29,Paid,12,2025-10-15
708374,902110,51,2025-10-05,71.58,Paid,4,2025-10-09
708375,917274,159,2025-10-05,3805.06,Paid,16,2025-10-21
708376,903727,97,2025-10-05,88.01,Paid,11,2025-10-16
708377,905105,129,2025-10-04,83.39,Paid,11,2025-10-15
708378,902177,52,2025-10-04,119.7,Paid,10,2025-10-14
708379,911205,280,2025-10-06,57.53,Paid,0,2025-10-06
708380,907906,194,2025-10-05,60.71,Paid,23,2025-10-28
708381,914129,356,2025-10-05,86.26,Paid,10,2025-10-15
708382,913306,339,2025-10-04,58.72,Paid,0,2025-10-04
708383,910673,261,2025-10-05,56.31,Paid,11,2025-10-16
708384,906834,173,2025-10-04,79.06,Paid,11,2025-10-15
708385,908627,207,2025-10-06,68.94,Paid,35,2025-11-10
708386,917816,420,2025-10-05,3034.07,Paid,1,2025-10-06
708387,900583,15,2025-10-05,55.67,Paid,8,2025-10-13
708388,904561,116,2025-10-05,50.38,Paid,7,2025-10-12
708389,917029,49,2025-10-06,400.48,Paid,23,2025-10-29
708390,913507,342,2025-10-04,62.32,Paid,7,2025-10-11
708391,903794,98,2025-10-05,57.53,Paid,0,2025-10-05
708392,913440,341,2025-10-04,57.46,Paid,0,2025-10-04
708393,917056,61,2025-10-05,572.89,Paid,12,2025-10-17
708394,906691,170,2025-10-06,75.08,Paid,12,2025-10-18
708395,907500,186,2025-10-06,62.59,Paid,6,2025-10-12
708396,910266,250,2025-10-05,77.04,Paid,0,2025-10-05
708397,911851,298,2025-10-05,58.61,Paid,3,2025-10-08
708398,915790,394,2025-10-05,65.25,Paid,13,2025-10-18
708399,900478,13,2025-10-06,55.03,Paid,3,2025-10-09
708400,912967,330,2025-10-04,58.26,Paid,16,2025-10-20
708401,902059,48,2025-10-06,60.42,Paid,8,2025-10-14
708402,905375,139,2025-10-06,59.63,Paid,7,2025-10-13
708403,903178,81,2025-10-06,104.99,Paid,16,2025-10-22
708404,914690,370,2025-10-06,83.36,Paid,0,2025-10-06
708405,901704,41,2025-10-04,58.22,Paid,0,2025-10-04
708406,902006,47,2025-10-04,55.98,Paid,9,2025-10-13
708407,916474,411,2025-10-06,127.63,Paid,10,2025-10-16
708408,914909,375,2025-10-06,59.89,Paid,9,2025-10-15
708409,906472,165,2025-10-05,52.26,Paid,9,2025-10-14
708410,913714,348,2025-10-06,57.73,Paid,1,2025-10-07
708411,905270,137,2025-10-06,80.6,Paid,2,2025-10-08
708412,904665,119,2025-10-05,54.94,Paid,10,2025-10-15
708413,909653,233,2025-10-05,139.83,Paid,23,2025-10-28
708414,916372,409,2025-10-06,78.25,Paid,3,2025-10-09
708415,907096,178,2025-10-06,58.77,Paid,0,2025-10-06
708416,906900,175,2025-10-05,93.44,Paid,28,2025-11-02
708417,905741,146,2025-10-07,56.84,Paid,8,2025-10-15
708418,910538,255,2025-10-06,97.46,Paid,7,2025-10-13
708419,908739,210,2025-10-05,53.47,Paid,10,2025-10-15
708420,917315,174,2025-10-06,455.69,Paid,8,2025-10-14
708421,905573,143,2025-10-06,54.75,Paid,2,2025-10-08
708422,907874,193,2025-10-05,94.18,Paid,11,2025-10-16
708423,909850,236,2025-10-06,198.02,Paid,7,2025-10-13
708424,912523,316,2025-10-07,187.77,Paid,7,2025-10-14
708425,911308,282,2025-10-07,121.12,Paid,20,2025-10-27
708426,912732,323,2025-10-05,62.37,Paid,15,2025-10-20
708427,909195,222,2025-10-07,82.61,Paid,3,2025-10-10
708428,917503,272,2025-10-07,800.12,Paid,0,2025-10-07
708429,911256,281,2025-10-07,58.64,Paid,3,2025-10-10
708430,905638,144,2025-10-06,57.92,Paid,13,2025-10-19
708431,905219,135,2025-10-06,55.43,Paid,0,2025-10-06
708432,914432,363,2025-10-07,55.48,Paid,10,2025-10-17
708433,903950,102,2025-10-07,69.32,Paid,10,2025-10-17
708434,916424,410,2025-10-06,101.84,Paid,34,2025-11-09
708435,904647,118,2025-10-06,83.65,Paid,5,2025-10-11
708436,911358,283,2025-10-06,123.82,Paid,6,2025-10-12
708437,913033,331,2025-10-06,61.49,Paid,19,2025-10-25
708438,905442,140,2025-10-07,56.71,Paid,11,2025-10-18
708439,916682,416,2025-10-06,75.83,Paid,1,2025-10-07
708440,917517,279,2025-10-05,340.19,Paid,0,2025-10-05
708441,903624,95,2025-10-05,87.72,Paid,21,2025-10-26
708442,913207,335,2025-10-06,91.08,Paid,0,2025-10-06
708443,913988,353,2025-10-07,58.98,Paid,0,2025-10-07
708444,908072,196,2025-10-06,102.49,Paid,1,2025-10-07
708445,915857,395,2025-10-05,58.58,Paid,0,2025-10-05
708446,914040,354,2025-10-05,54.72,Paid,0,2025-10-05
708447,901635,39,2025-10-07,85.64,Paid,0,2025-10-07
708448,907365,182,2025-10-06,87.11,Paid,0,2025-10-06
708449,916922,420,2025-10-06,138.33,Paid,2,2025-10-08
708450,906170,156,2025-10-07,96.7,Paid,14,2025-10-21
708451,908236,199,2025-10-07,81.27,Paid,17,2025-10-24
708452,906623,167,2025-10-07,100.41,Paid,22,2025-10-29
708453,916856,419,2025-10-06,144.4,Paid,10,2025-10-16
708454,909097,219,2025-10-06,114.93,Paid,13,2025-10-19
708455,909985,242,2025-10-05,77.84,Paid,9,2025-10-14
708456,913749,348,2025-10-06,83.58,Paid,2,2025-10-08
708457,902451,58,2025-10-07,67.07,Paid,16,2025-10-23
708458,909336,227,2025-10-05,61.85,Paid,2,2025-10-07
708459,911475,287,2025-10-06,55.22,Paid,2,2025-10-08
708460,901459,36,2025-10-06,70.95,Paid,0,2025-10-06
708461,907331,182,2025-10-07,58.05,Paid,5,2025-10-12
708462,901654,40,2025-10-06,60.95,Paid,0,2025-10-06
708463,915691,391,2025-10-06,120.79,Paid,20,2025-10-26
708464,908170,198,2025-10-06,119.71,Paid,0,2025-10-06
708465,916772,418,2025-10-06,57.38,Paid,24,2025-10-30
708466,902245,53,2025-10-08,91.72,Paid,15,2025-10-23
708467,911560,288,2025-10-07,94.77,Paid,0,2025-10-07
708468,914729,371,2025-10-08,55.65,Paid,5,2025-10-13
708469,912836,328,2025-10-06,67.87,Paid,22,2025-10-28
708470,915555,389,2025-10-07,62.04,Paid,12,2025-10-19
708471,912785,324,2025-10-08,58.57,Paid,13,2025-10-21
708472,900446,11,2025-10-06,93.71,Paid,5,2025-10-11
708473,913374,340,2025-10-06,69.17,Paid,23,2025-10-29
708474,915758,393,2025-10-07,127.31,Paid,11,2025-10-18
708475,915184,381,2025-10-08,79.17,Paid,0,2025-10-08
708476,911937,299,2025-10-06,92.05,Paid,8,2025-10-14
708477,911629,290,2025-10-07,60.14,Paid,0,2025-10-07
708478,909031,216,2025-10-07,85.26,Paid,12,2025-10-19
708479,901876,44,2025-10-07,52.83,Paid,12,2025-10-19
708480,904368,111,2025-10-07,58.22,Paid,0,2025-10-07
708481,908575,206,2025-10-08,57.9,Paid,16,2025-10-24
708482,901810,43,2025-10-08,55.92,Paid,11,2025-10-19
708483,901777,42,2025-10-06,126.58,Paid,0,2025-10-06
708484,911187,279,2025-10-07,83.14,Paid,4,2025-10-11
708485,901941,45,2025-10-06,61.28,Paid,5,2025-10-11
708486,907633,188,2025-10-06,68.24,Paid,15,2025-10-21
708487,906454,164,2025-10-06,95.98,Paid,0,2025-10-06
708488,906420,164,2025-10-08,56.46,Paid,0,2025-10-08
708489,903453,87,2025-10-07,63.49,Paid,9,2025-10-16
708490,909370,227,2025-10-06,98.01,Paid,0,2025-10-06
708491,906368,163,2025-10-08,77.68,Paid,13,2025-10-21
708492,904857,123,2025-10-06,56.55,Paid,15,2025-10-21
708493,906075,153,2025-10-08,76.36,Paid,4,2025-10-12
708494,905201,133,2025-10-06,84.57,Paid,1,2025-10-07
708495,908702,209,2025-10-07,60.53,Paid,15,2025-10-22
708496,903387,86,2025-10-07,58.09,Paid,11,2025-10-18
708497,916237,404,2025-10-07,91.48,Paid,0,2025-10-07
708498,900818,21,2025-10-06,95.06,Paid,16,2025-10-22
708499,915131,379,2025-10-07,62.28,Paid,7,2025-10-14
708500,911327,282,2025-10-06,183.8,Paid,8,2025-10-14
708501,912629,320,2025-10-08,76.4,Paid,14,2025-10-22
708502,909685,234,2025-10-06,56.68,Paid,31,2025-11-06
708503,908646,207,2025-10-07,121.22,Paid,11,2025-10-18
708504,916275,406,2025-10-06,91.31,Paid,0,2025-10-06
708505,910434,252,2025-10-07,91.02,Paid,0,2025-10-07
708506,910466,254,2025-10-07,71.98,Paid,36,2025-11-12
708507,905944,149,2025-10-06,93.23,Paid,0,2025-10-06
708508,916307,408,2025-10-08,57.32,Paid,2,2025-10-10
708509,905508,142,2025-10-06,59.71,Paid,2,2025-10-08
708510,902735,66,2025-10-06,78.12,Paid,9,2025-10-15
708511,913937,352,2025-10-07,120.59,Paid,11,2025-10-18
708512,907973,195,2025-10-08,57.31,Paid,18,2025-10-26
708513,912701,322,2025-10-08,172.46,Paid,18,2025-10-26
708514,902401,57,2025-10-07,61.29,Paid,8,2025-10-15
708515,902579,62,2025-10-07,75.87,Paid,2,2025-10-09
708516,904001,103,2025-10-08,77.65,Paid,21,2025-10-29
708517,912319,312,2025-10-06,145.84,Paid,36,2025-11-11
708518,917243,142,2025-10-09,271.32,Paid,11,2025-10-20
708519,904133,105,2025-10-09,57.36,Paid,0,2025-10-09
708520,914078,355,2025-10-07,55.42,Paid,12,2025-10-19
708521,908927,213,2025-10-07,176.72,Paid,4,2025-10-11
708522,901512,37,2025-10-08,72.36,Paid,19,2025-10-27
708523,906000,151,2025-10-09,56.7,Paid,21,2025-10-30
708524,900342,9,2025-10-07,92.21,Paid,16,2025-10-23
708525,900551,14,2025-10-09,113.51,Paid,30,2025-11-08
708526,909751,235,2025-10-07,56.0,Paid,7,2025-10-14
708527,900028,1,2025-10-07,58.51,Paid,10,2025-10-17
708528,917794,410,2025-10-09,806.34,Paid,21,2025-10-30
708529,908270,199,2025-10-08,120.96,Paid,9,2025-10-17
708530,915924,397,2025-10-09,54.78,Paid,20,2025-10-29
708531,906525,166,2025-10-09,58.47,Paid,9,2025-10-18
708532,910708,261,2025-10-09,94.72,Paid,0,2025-10-09
708533,902835,69,2025-10-08,93.27,Paid,8,2025-10-16
708534,916060,399,2025-10-09,90.65,Paid,2,2025-10-11
708535,907149,179,2025-10-08,97.79,Paid,27,2025-11-04
708536,916823,419,2025-10-08,82.92,Paid,0,2025-10-08
708537,902802,69,2025-10-07,57.0,Paid,1,2025-10-08
708538,904924,124,2025-10-08,78.9,Paid,5,2025-10-13
708539,914330,361,2025-10-07,60.35,Paid,14,2025-10-21
708540,910132,247,2025-10-09,108.98,Paid,24,2025-11-02
708541,902934,71,2025-10-07,59.89,Paid,0,2025-10-07
708542,911014,270,2025-10-07,57.7,Paid,2,2025-10-09
708543,908378,203,2025-10-07,73.49,Paid,6,2025-10-13
708544,903899,100,2025-10-09,115.65,Paid,0,2025-10-09
708545,910235,249,2025-10-09,126.23,Paid,12,2025-10-21
708546,905343,138,2025-10-09,104.21,Paid,0,2025-10-09
708547,917663,348,2025-10-08,394.02,Paid,11,2025-10-19
708548,906966,176,2025-10-08,87.46,Paid,6,2025-10-14
708549,909582,232,2025-10-08,60.92,Paid,18,2025-10-26
708550,904510,115,2025-10-07,69.01,Paid,45,2025-11-21
708551,907568,187,2025-10-09,60.57,Paid,17,2025-10-26
708552,906726,170,2025-10-09,122.61,Paid,8,2025-10-17
708553,903289,84,2025-10-09,90.25,Paid,9,2025-10-18
708554,910557,256,2025-10-09,54.48,Paid,9,2025-10-18
708555,909064,219,2025-10-08,72.27,Paid,18,2025-10-26
708556,908825,211,2025-10-07,107.68,Paid,9,2025-10-16
708557,913918,351,2025-10-09,96.75,Paid,3,2025-10-12
708558,914231,357,2025-10-07,116.23,Paid,14,2025-10-21
708559,914999,377,2025-10-07,72.3,Paid,13,2025-10-20
708560,900361,10,2025-10-07,57.88,Paid,0,2025-10-07
708561,900099,2,2025-10-07,94.79,Paid,3,2025-10-10
708562,904198,107,2025-10-07,54.51,Paid,4,2025-10-11
708563,917412,229,2025-10-08,5870.62,Paid,0,2025-10-08
708564,917370,203,2025-10-09,2937.3,Paid,0,2025-10-09
708565,908511,205,2025-10-09,81.5,Paid,5,2025-10-14
708566,912903,329,2025-10-08,71.98,Paid,27,2025-11-04
708567,900871,22,2025-10-09,71.08,Paid,26,2025-11-04
708568,916204,404,2025-10-08,60.82,Paid,2,2025-10-10
708569,906019,151,2025-10-09,97.86,Paid,12,2025-10-21
708570,912002,302,2025-10-09,191.62,Paid,0,2025-10-09
708571,916256,406,2025-10-08,53.22,Paid,1,2025-10-09
708572,907267,181,2025-10-10,53.32,Paid,9,2025-10-19
708573,909817,236,2025-10-10,122.33,Paid,0,2025-10-10
708574,913408,340,2025-10-10,104.29,Paid,12,2025-10-22
708575,913579,343,2025-10-10,131.95,Paid,2,2025-10-12
708576,904067,104,2025-10-10,62.57,Paid,15,2025-10-25
708577,910848,267,2025-10-09,185.87,Paid,9,2025-10-18
708578,900786,19,2025-10-09,93.13,Paid,8,2025-10-17
708579,908721,209,2025-10-08,93.76,Paid,3,2025-10-11
708580,913649,347,2025-10-08,57.79,Paid,16,2025-10-24
708581,900650,16,2025-10-09,55.77,Paid,14,2025-10-23
708582,904250,109,2025-10-09,55.59,Paid,1,2025-10-10
708583,900922,25,2025-10-09,76.7,Paid,11,2025-10-20
708584,910778,266,2025-10-09,58.63,Paid,14,2025-10-23
708585,917377,206,2025-10-10,440.14,Paid,1,2025-10-11
708586,913099,333,2025-10-09,76.13,Paid,11,2025-10-20
708587,917549,294,2025-10-08,715.95,Paid,27,2025-11-04
708588,905305,137,2025-10-08,116.43,Paid,0,2025-10-08
708589,914786,372,2025-10-08,196.29,Paid,11,2025-10-19
708590,907031,177,2025-10-10,59.03,Paid,20,2025-10-30
708591,906056,152,2025-10-09,86.6,Paid,15,2025-10-24
708592,903090,77,2025-10-10,72.62,Paid,8,2025-10-18
708593,901328,34,2025-10-08,72.17,Paid,12,2025-10-20
708594,908960,215,2025-10-09,114.62,Paid,9,2025-10-18
708595,903038,76,2025-10-09,55.85,Paid,5,2025-10-14
708596,917654,344,2025-10-08,411.67,Paid,5,2025-10-13
708597,912485,314,2025-10-09,115.9,Paid,23,2025-11-01
708598,915386,386,2025-10-09,53.61,Paid,14,2025-10-23
708599,909954,241,2025-10-10,99.9,Paid,0,2025-10-10
708600,912191,307,2025-10-10,56.86,Paid,9,2025-10-19
708601,908894,213,2025-10-08,131.3,Paid,6,2025-10-14
708602,905981,150,2025-10-10,93.63,Paid,0,2025-10-10
708603,915452,387,2025-10-09,72.4,Paid,34,2025-11-12
708604,915658,391,2025-10-08,70.52,Paid,14,2025-10-22
708605,907798,191,2025-10-10,191.06,Paid,0,2025-10-10
708606,901758,42,2025-10-08,76.78,Paid,18,2025-10-26
708607,905054,126,2025-10-09,74.67,Paid,14,2025-10-23
708608,915995,398,2025-10-09,110.02,Paid,24,2025-11-02
708609,911749,294,2025-10-10,100.9,Paid,33,2025-11-12
708610,910608,259,2025-10-08,120.65,Paid,6,2025-10-14
708611,903355,85,2025-10-10,129.92,Paid,9,2025-10-19
708612,906349,161,2025-10-10,99.36,Paid,11,2025-10-21
708613,916116,402,2025-10-09,70.62,Paid,17,2025-10-26
708614,916341,408,2025-10-09,97.74,Paid,0,2025-10-09
708615,900080,2,2025-10-10,56.69,Paid,5,2025-10-15
708616,906292,159,2025-10-10,82.27,Paid,24,2025-11-03
708617,907765,191,2025-10-09,117.38,Paid,3,2025-10-12
708618,916027,399,2025-10-11,53.45,Paid,4,2025-10-15
708619,909493,230,2025-10-10,120.45,Paid,28,2025-11-07
708620,915354,385,2025-10-09,128.41,Paid,9,2025-10-18
708621,911969,302,2025-10-09,123.65,Paid,3,2025-10-12
708622,913683,347,2025-10-11,95.1,Paid,6,2025-10-17
708623,910164,248,2025-10-10,123.43,Paid,0,2025-10-10
708624,911800,295,2025-10-09,72.48,Paid,29,2025-11-07
708625,906783,172,2025-10-09,59.64,Paid,6,2025-10-15
708626,904440,113,2025-10-11,99.11,Paid,6,2025-10-17
708627,900061,1,2025-10-11,95.99,Paid,9,2025-10-20
708628,906203,157,2025-10-10,57.7,Paid,10,2025-10-20
708629,910057,245,2025-10-10,122.26,Paid,2,2025-10-12
708630,900168,4,2025-10-09,79.87,Paid,22,2025-10-31
708631,912072,304,2025-10-10,103.16,Paid,17,2025-10-27
708632,908104,197,2025-10-09,80.32,Paid,3,2025-10-12
708633,904459,114,2025-10-10,69.77,Paid,20,2025-10-30
708634,913885,351,2025-10-11,53.29,Paid,12,2025-10-23
708635,911424,286,2025-10-11,56.08,Paid,21,2025-11-01
708636,900989,27,2025-10-09,74.43,Paid,0,2025-10-09
708637,903592,92,2025-10-11,122.69,Paid,25,2025-11-05
708638,911154,279,2025-10-11,52.6,Paid,0,2025-10-11
708639,901154,29,2025-10-11,157.7,Paid,28,2025-11-08
708640,913274,336,2025-10-10,120.96,Paid,0,2025-10-10
708641,914601,367,2025-10-09,57.42,Paid,8,2025-10-17
708642,901225,31,2025-10-11,108.36,Paid,3,2025-10-14
708643,914653,368,2025-10-11,59.22,Paid,23,2025-11-03
708644,904716,120,2025-10-09,81.31,Paid,0,2025-10-09
708645,906590,167,2025-10-10,59.72,Paid,0,2025-10-10
708646,910519,255,2025-10-10,55.19,Paid,0,2025-10-10
708647,912504,316,2025-10-10,120.31,Paid,0,2025-10-10
708648,909286,226,2025-10-10,82.97,Paid,13,2025-10-23
708649,916443,410,2025-10-11,157.05,Paid,13,2025-10-24
708650,912452,314,2025-10-11,65.32,Paid,16,2025-10-27
708651,908445,204,2025-10-09,59.24,Paid,11,2025-10-20
708652,912353,312,2025-10-10,246.21,Paid,33,2025-11-12
708653,912138,306,2025-10-10,52.83,Paid,6,2025-10-16
708654,905182,133,2025-10-11,58.22,Paid,14,2025-10-25
708655,904543,115,2025-10-11,108.43,Paid,21,2025-11-01
708656,913240,336,2025-10-10,77.6,Paid,0,2025-10-10
708657,909402,228,2025-10-11,75.25,Paid,5,2025-10-16
708658,909129,221,2025-10-12,120.54,Paid,0,2025-10-12
708659,908791,211,2025-10-11,64.51,Paid,42,2025-11-22
708660,900276,7,2025-10-10,98.9,Paid,7,2025-10-17
708661,911696,293,2025-10-10,65.12,Paid,10,2025-10-20
708662,907200,180,2025-10-12,74.74,Paid,1,2025-10-13
708663,905873,148,2025-10-10,58.69,Paid,32,2025-11-11
708664,905022,125,2025-10-11,124.7,Paid,0,2025-10-11
708665,904336,110,2025-10-12,108.64,Paid,21,2025-11-02
708666,917785,404,2025-10-11,353.19,Paid,0,2025-10-11
708667,912936,329,2025-10-12,108.87,Paid,16,2025-10-28
708668,906330,161,2025-10-10,56.93,Paid,10,2025-10-20
708669,905672,144,2025-10-12,91.27,Paid,0,2025-10-12
708670,917667,351,2025-10-10,399.89,Paid,21,2025-10-31
708671,910947,269,2025-10-12,54.64,Paid,4,2025-10-16
708672,906999,176,2025-10-11,125.76,Paid,5,2025-10-16
708673,900715,18,2025-10-10,59.06,Paid,4,2025-10-14
708674,912386,313,2025-10-10,111.75,Paid,6,2025-10-16
708675,900308,9,2025-10-12,57.88,Paid,3,2025-10-15
708676,904806,122,2025-10-12,98.58,Paid,26,2025-11-07
708677,904749,120,2025-10-11,122.05,Paid,3,2025-10-14
708678,905807,147,2025-10-11,58.03,Paid,20,2025-10-31
708679,911527,288,2025-10-11,59.7,Paid,0,2025-10-11
708680,904768,121,2025-10-11,74.04,Paid,28,2025-11-08
708681,900513,13,2025-10-12,95.47,Paid,17,2025-10-29
708682,911904,299,2025-10-10,57.96,Paid,20,2025-10-30
708683,900238,6,2025-10-12,93.51,Paid,3,2025-10-15
708684,904989,125,2025-10-12,73.4,Paid,15,2025-10-27
708685,909531,231,2025-10-11,81.86,Paid,0,2025-10-11
708686,916888,420,2025-10-10,72.93,Paid,6,2025-10-16
708687,914363,361,2025-10-10,99.47,Paid,9,2025-10-19
708688,915335,385,2025-10-10,77.17,Paid,5,2025-10-15
708689,914197,357,2025-10-10,75.69,Paid,0,2025-10-10
708690,908039,196,2025-10-11,59.33,Paid,14,2025-10-25
708691,909883,238,2025-10-11,60.88,Paid,7,2025-10-18
708692,903232,83,2025-10-11,57.91,Paid,2,2025-10-13
708693,908007,195,2025-10-10,93.29,Paid,4,2025-10-14
708694,910334,251,2025-10-12,51.44,Paid,8,2025-10-20
708695,914767,372,2025-10-10,111.6,Paid,11,2025-10-21
708696,915099,378,2025-10-11,167.24,Paid,0,2025-10-11
708697,902868,70,2025-10-11,69.64,Paid,26,2025-11-06
708698,910400,252,2025-10-12,60.64,Paid,14,2025-10-26
708699,901394,35,2025-10-11,54.93,Paid,0,2025-10-11
708700,903146,79,2025-10-11,97.01,Paid,8,2025-10-19
708701,903005,72,2025-10-11,127.17,Paid,20,2025-10-31
708702,909917,238,2025-10-11,92.57,Paid,20,2025-10-31
708703,901277,32,2025-10-12,63.44,Paid,17,2025-10-29
708704,910881,268,2025-10-12,57.49,Paid,6,2025-10-18
708705,914819,373,2025-10-12,59.39,Paid,0,2025-10-12
708706,901601,39,2025-10-12,59.62,Paid,1,2025-10-13
708707,901550,38,2025-10-10,60.69,Paid,9,2025-10-19
708708,903728,97,2025-10-11,83.18,Paid,0,2025-10-11
708709,903558,92,2025-10-10,78.68,Paid,6,2025-10-16
708710,908327,201,2025-10-12,57.77,Paid,0,2025-10-12
708711,907699,190,2025-10-12,91.77,Paid,20,2025-11-01
708712,901120,29,2025-10-11,93.22,Paid,30,2025-11-10
708713,904302,110,2025-10-12,69.82,Paid,31,2025-11-12
708714,916135,402,2025-10-10,115.89,Paid,17,2025-10-27
708715,901054,28,2025-10-11,56.66,Paid,15,2025-10-26
708716,913782,349,2025-10-10,118.68,Paid,0,2025-10-10
708717,914499,365,2025-10-10,58.46,Paid,11,2025-10-21
708718,914264,359,2025-10-10,76.92,Paid,16,2025-10-26
708719,915724,393,2025-10-12,82.09,Paid,0,2025-10-12
708720,900956,25,2025-10-10,123.51,Paid,10,2025-10-20
708721,907434,184,2025-10-12,83.98,Paid,2,2025-10-14
708722,902212,52,2025-10-11,180.3,Paid,2,2025-10-13
708723,908665,208,2025-10-11,99.71,Paid,3,2025-10-14
708724,916933,6,2025-10-12,438.84,Paid,7,2025-10-19
708725,912968,330,2025-10-11,58.98,Paid,7,2025-10-18
708726,903270,84,2025-10-11,56.76,Paid,0,2025-10-11
708727,903179,81,2025-10-11,97.35,Paid,26,2025-11-06
708728,905376,139,2025-10-13,55.52,Paid,17,2025-10-30
708729,900479,13,2025-10-12,53.1,Paid,11,2025-10-23
708730,901173,30,2025-10-13,54.84,Paid,10,2025-10-23
708731,909634,233,2025-10-11,76.46,Paid,7,2025-10-18
708732,910576,256,2025-10-11,96.71,Paid,2,2025-10-13
708733,916528,412,2025-10-11,77.87,Paid,8,2025-10-19
708734,916613,413,2025-10-12,138.02,Paid,0,2025-10-12
708735,903421,86,2025-10-13,89.7,Paid,11,2025-10-24
708736,913715,348,2025-10-13,57.99,Paid,17,2025-10-30
708737,905542,142,2025-10-13,97.01,Paid,0,2025-10-13
708738,917791,410,2025-10-13,685.64,Paid,24,2025-11-06
708739,902007,47,2025-10-11,56.96,Paid,6,2025-10-17
708740,910038,245,2025-10-13,82.71,Paid,23,2025-11-05
708741,908346,201,2025-10-12,88.16,Paid,0,2025-10-12
708742,902111,51,2025-10-13,66.38,Paid,21,2025-11-03
708743,901705,41,2025-10-11,58.42,Paid,17,2025-10-28
708744,902178,52,2025-10-11,127.41,Paid,17,2025-10-28
708745,910216,249,2025-10-12,81.18,Paid,31,2025-11-12
708746,900136,3,2025-10-11,137.12,Paid,11,2025-10-22
708747,902349,55,2025-10-13,100.73,Paid,15,2025-10-28
708748,916475,411,2025-10-11,122.86,Paid,5,2025-10-16
708749,910267,250,2025-10-12,77.31,Paid,8,2025-10-20
708750,900201,4,2025-10-13,110.08,Paid,13,2025-10-26
708751,901531,37,2025-10-12,110.52,Paid,17,2025-10-29
708752,917579,309,2025-10-12,383.35,Paid,2,2025-10-14
708753,911457,286,2025-10-13,91.67,Paid,14,2025-10-27
708754,912267,309,2025-10-13,56.38,Paid,6,2025-10-19
708755,912286,309,2025-10-12,95.44,Paid,6,2025-10-18
708756,906869,173,2025-10-12,117.34,Paid,0,2025-10-12
708757,900584,15,2025-10-11,64.85,Paid,3,2025-10-14
708758,917451,244,2025-10-11,2505.5,Paid,7,2025-10-18
708759,902986,72,2025-10-11,73.77,Paid,11,2025-10-22
708760,915419,386,2025-10-12,91.87,Paid,12,2025-10-24
708761,915065,378,2025-10-12,113.53,Paid,6,2025-10-18
708762,900413,11,2025-10-12,60.94,Paid,0,2025-10-12
708763,903795,98,2025-10-11,65.11,Paid,9,2025-10-20
708764,913441,341,2025-10-13,59.67,Paid,7,2025-10-20
708765,916999,34,2025-10-12,2910.48,Paid,6,2025-10-18
708766,904614,118,2025-10-13,55.56,Paid,11,2025-10-24
708767,907501,186,2025-10-12,60.08,Paid,2,2025-10-14
708768,913307,339,2025-10-11,58.94,Paid,12,2025-10-23
708769,914130,356,2025-10-11,81.74,Paid,7,2025-10-18
708770,914097,355,2025-10-11,95.67,Paid,7,2025-10-18
708771,903696,96,2025-10-13,97.69,Paid,6,2025-10-19
708772,900683,16,2025-10-12,93.93,Paid,8,2025-10-20
708773,904478,114,2025-10-11,115.23,Paid,30,2025-11-10
708774,913508,342,2025-10-12,55.88,Paid,18,2025-10-30
708775,910674,261,2025-10-13,55.27,Paid,10,2025-10-23
708776,904035,103,2025-10-11,119.09,Paid,10,2025-10-21
708777,914853,373,2025-10-12,99.71,Paid,0,2025-10-12
708778,916509,411,2025-10-13,191.77,Paid,13,2025-10-26
708779,911257,281,2025-10-12,52.2,Paid,4,2025-10-16
708780,913989,353,2025-10-12,58.69,Paid,10,2025-10-22
708781,905443,140,2025-10-12,61.17,Paid,0,2025-10-12
708782,910301,250,2025-10-14,124.38,Paid,3,2025-10-17
708783,912229,308,2025-10-12,62.89,Paid,0,2025-10-12
708784,907817,192,2025-10-12,116.99,Paid,1,2025-10-13
708785,917649,342,2025-10-13,332.46,Paid,5,2025-10-18
708786,905324,138,2025-10-14,57.94,Paid,0,2025-10-14
708787,902452,58,2025-10-12,73.62,Paid,30,2025-11-11
708788,909986,242,2025-10-13,79.79,Paid,14,2025-10-27
708789,906113,155,2025-10-13,57.39,Paid,18,2025-10-31
708790,909784,235,2025-10-12,87.57,Paid,0,2025-10-12
708791,912733,323,2025-10-12,70.09,Paid,11,2025-10-23
708792,914872,374,2025-10-14,85.9,Paid,0,2025-10-14
708793,905742,146,2025-10-13,57.98,Paid,6,2025-10-19
708794,915316,384,2025-10-12,121.2,Paid,29,2025-11-10
708795,906901,175,2025-10-13,95.39,Paid,18,2025-10-31
708796,905709,145,2025-10-13,190.82,Paid,12,2025-10-25
708797,911359,283,2025-10-14,117.61,Paid,11,2025-10-25
708798,916373,409,2025-10-13,78.46,Paid,6,2025-10-19
708799,909196,222,2025-10-14,70.21,Paid,0,2025-10-14
708800,912419,313,2025-10-13,181.02,Paid,14,2025-10-27
708801,907907,194,2025-10-12,53.43,Paid,4,2025-10-16
708802,901361,34,2025-10-12,109.88,Paid,6,2025-10-18
708803,908478,204,2025-10-13,90.02,Paid,19,2025-11-01
708804,912682,322,2025-10-14,117.99,Paid,3,2025-10-17
708805,905639,144,2025-10-14,59.12,Paid,0,2025-10-14
708806,905574,143,2025-10-13,59.01,Paid,23,2025-11-05
708807,901460,36,2025-10-12,75.48,Paid,23,2025-11-04
708808,903969,102,2025-10-14,104.3,Paid,25,2025-11-08
708809,915222,382,2025-10-12,69.68,Paid,28,2025-11-09
708810,902684,65,2025-10-13,56.19,Paid,6,2025-10-19
708811,912630,320,2025-10-13,76.0,Paid,17,2025-10-30
708812,907332,182,2025-10-13,58.24,Paid,1,2025-10-14
708813,905925,149,2025-10-14,53.7,Paid,0,2025-10-14
708814,902631,64,2025-10-13,76.35,Paid,2,2025-10-15
708815,912597,318,2025-10-12,91.76,Paid,13,2025-10-25
708816,915297,384,2025-10-13,64.49,Paid,12,2025-10-25
708817,908379,203,2025-10-13,78.79,Paid,6,2025-10-19
708818,914466,363,2025-10-13,86.39,Paid,19,2025-11-01
708819,908237,199,2025-10-13,77.05,Paid,3,2025-10-16
708820,909337,227,2025-10-14,54.05,Paid,3,2025-10-17
708821,915858,395,2025-10-14,60.97,Paid,20,2025-11-03
708822,914433,363,2025-10-14,55.26,Paid,9,2025-10-23
708823,916683,416,2025-10-12,82.96,Paid,6,2025-10-18
708824,913034,331,2025-10-14,55.86,Paid,2,2025-10-16
708825,907667,188,2025-10-12,120.38,Paid,29,2025-11-10
708826,903625,95,2025-10-14,88.2,Paid,4,2025-10-18
708827,914382,362,2025-10-12,59.52,Paid,16,2025-10-28
708828,908576,206,2025-10-14,55.38,Paid,12,2025-10-26
708829,908684,208,2025-10-13,186.95,Paid,9,2025-10-22
708830,910113,247,2025-10-12,60.05,Paid,12,2025-10-24
708831,901942,45,2025-10-12,59.3,Paid,9,2025-10-21
708832,916716,416,2025-10-13,128.94,Paid,13,2025-10-26
708833,911768,294,2025-10-13,142.32,Paid,23,2025-11-05
708834,901910,44,2025-10-13,93.37,Paid,4,2025-10-17
708835,915976,398,2025-10-12,69.06,Paid,21,2025-11-02
708836,911730,293,2025-10-12,89.27,Paid,10,2025-10-22
708837,900618,15,2025-10-13,95.3,Paid,7,2025-10-20
708838,917171,110,2025-10-12,377.89,Paid,14,2025-10-26
708839,903658,95,2025-10-14,149.24,Paid,19,2025-11-02
708840,915791,394,2025-10-14,75.86,Paid,18,2025-11-01
708841,914532,365,2025-10-13,98.82,Paid,4,2025-10-17
708842,904581,116,2025-10-12,98.18,Paid,19,2025-10-31
708843,904269,109,2025-10-12,91.19,Paid,11,2025-10-23
708844,914297,359,2025-10-12,131.29,Paid,15,2025-10-27
708845,909455,229,2025-10-12,60.36,Paid,9,2025-10-21
708846,904421,113,2025-10-13,53.08,Paid,0,2025-10-13
708847,903321,85,2025-10-14,79.54,Paid,13,2025-10-27
708848,909248,225,2025-10-14,53.14,Paid,10,2025-10-24
708849,916632,414,2025-10-14,60.84,Paid,0,2025-10-14
708850,913816,349,2025-10-14,189.3,Paid,13,2025-10-27
708851,905238,135,2025-10-14,100.74,Paid,13,2025-10-27
708852,906273,158,2025-10-14,109.06,Paid,8,2025-10-22
708853,907097,178,2025-10-12,56.71,Paid,0,2025-10-12
708854,916579,413,2025-10-12,79.96,Paid,21,2025-11-02
708855,908171,198,2025-10-14,116.82,Paid,0,2025-10-14
708856,913853,350,2025-10-15,88.18,Paid,0,2025-10-15
708857,904002,103,2025-10-15,79.72,Paid,2,2025-10-17
708858,901811,43,2025-10-15,55.4,Paid,7,2025-10-22
708859,909012,216,2025-10-13,53.73,Paid,7,2025-10-20
708860,913598,345,2025-10-15,57.06,Paid,11,2025-10-26
708861,902246,53,2025-10-15,91.89,Paid,27,2025-11-11
708862,911630,290,2025-10-13,58.98,Paid,18,2025-10-31
708863,907974,195,2025-10-14,56.33,Paid,4,2025-10-18
708864,900890,22,2025-10-14,111.59,Paid,22,2025-11-05
708865,906692,170,2025-10-15,80.39,Paid,22,2025-11-06
708866,910197,248,2025-10-14,213.31,Paid,7,2025-10-21
708867,912320,312,2025-10-13,150.42,Paid,13,2025-10-26
708868,906421,164,2025-10-13,60.5,Paid,9,2025-10-22
708869,901569,38,2025-10-13,90.02,Paid,0,2025-10-13
708870,908412,203,2025-10-13,130.82,Paid,17,2025-10-30
708871,906835,173,2025-10-13,78.41,Paid,3,2025-10-16
708872,909686,234,2025-10-13,57.21,Paid,0,2025-10-13
708873,900749,18,2025-10-13,93.97,Paid,11,2025-10-24
708874,908204,198,2025-10-15,185.18,Paid,18,2025-11-02
708875,917735,384,2025-10-13,579.29,Paid,28,2025-11-10
708876,902041,47,2025-10-15,96.46,Paid,2,2025-10-17
708877,904369,111,2025-10-15,55.66,Paid,16,2025-10-31
708878,913650,347,2025-10-15,59.58,Paid,3,2025-10-18
708879,902736,66,2025-10-13,79.24,Paid,18,2025-10-31
708880,915556,389,2025-10-14,54.42,Paid,6,2025-10-20
708881,901844,43,2025-10-15,90.96,Paid,17,2025-11-01
708882,916547,412,2025-10-13,119.5,Paid,17,2025-10-30
708883,908544,205,2025-10-13,130.78,Paid,0,2025-10-13
708884,917389,213,2025-10-14,1338.8,Paid,0,2025-10-14
708885,910467,254,2025-10-14,67.45,Paid,22,2025-11-05
708886,900532,14,2025-10-15,66.39,Paid,25,2025-11-09
708887,904858,123,2025-10-15,58.87,Paid,18,2025-11-02
708888,905509,142,2025-10-13,56.92,Paid,10,2025-10-23
708889,903454,87,2025-10-13,60.93,Paid,0,2025-10-13
708890,916651,414,2025-10-13,95.03,Paid,4,2025-10-17
708891,914891,374,2025-10-15,121.68,Paid,4,2025-10-19
708892,914634,367,2025-10-15,93.17,Paid,8,2025-10-23
708893,907634,188,2025-10-15,69.23,Paid,14,2025-10-29
708894,917427,234,2025-10-15,2220.2,Paid,11,2025-10-26
708895,905271,137,2025-10-14,80.97,Paid,16,2025-10-30
708896,907855,193,2025-10-13,53.66,Paid,0,2025-10-13
708897,900923,25,2025-10-14,79.16,Paid,1,2025-10-15
708898,913375,340,2025-10-14,70.56,Paid,29,2025-11-12
708899,912837,328,2025-10-14,62.67,Paid,35,2025-11-18
708900,903677,96,2025-10-15,57.61,Paid,1,2025-10-16
708901,917487,262,2025-10-13,4700.46,Paid,21,2025-11-03
708902,910727,262,2025-10-13,74.06,Paid,23,2025-11-05
708903,917475,258,2025-10-14,586.41,Paid,0,2025-10-14
708904,908512,205,2025-10-14,79.99,Paid,15,2025-10-29
708905,910746,262,2025-10-15,114.6,Paid,27,2025-11-11
708906,915485,387,2025-10-16,117.51,Paid,5,2025-10-21
708907,904134,105,2025-10-16,58.7,Paid,0,2025-10-16
708908,904231,107,2025-10-16,84.01,Paid,0,2025-10-16
708909,915504,388,2025-10-16,62.34,Paid,6,2025-10-22
708910,914710,370,2025-10-14,133.33,Paid,0,2025-10-14
708911,904199,107,2025-10-16,59.11,Paid,0,2025-10-16
708912,916205,404,2025-10-16,56.83,Paid,21,2025-11-06
708913,902145,51,2025-10-16,117.69,Paid,21,2025-11-06
708914,911066,274,2025-10-16,78.64,Paid,15,2025-10-31
708915,907601,187,2025-10-14,89.23,Paid,4,2025-10-18
708916,904925,124,2025-10-14,78.21,Paid,10,2025-10-24
708917,913189,335,2025-10-14,59.38,Paid,4,2025-10-18
708918,910094,246,2025-10-15,108.04,Paid,27,2025-11-11
708919,901877,44,2025-10-15,55.07,Paid,13,2025-10-28
708920,906526,166,2025-10-14,57.77,Paid,0,2025-10-14
708921,914331,361,2025-10-14,60.36,Paid,0,2025-10-14
708922,915925,397,2025-10-16,59.99,Paid,1,2025-10-17
708923,900029,1,2025-10-15,51.87,Paid,2,2025-10-17
708924,901088,28,2025-10-15,94.71,Paid,0,2025-10-15
708925,901975,45,2025-10-14,92.17,Paid,3,2025-10-17
708926,900819,21,2025-10-14,88.24,Paid,19,2025-11-02
708927,917784,403,2025-10-16,2906.38,Paid,13,2025-10-29
708928,906642,169,2025-10-14,70.75,Paid,22,2025-11-05
708929,916097,401,2025-10-16,97.84,Paid,5,2025-10-21
708930,906660,169,2025-10-14,125.68,Paid,22,2025-11-05
708931,916735,417,2025-10-16,53.23,Paid,0,2025-10-16
708932,902079,48,2025-10-15,88.9,Paid,10,2025-10-25
708933,902504,60,2025-10-15,56.08,Paid,21,2025-11-05
708934,914551,366,2025-10-15,80.41,Paid,0,2025-10-15
708935,912904,329,2025-10-15,62.69,Paid,34,2025-11-18
708936,909065,219,2025-10-14,75.67,Paid,24,2025-11-07
708937,909936,241,2025-10-14,56.7,Paid,12,2025-10-26
708938,906967,176,2025-10-14,78.35,Paid,10,2025-10-24
708939,901493,36,2025-10-15,116.92,Paid,22,2025-11-06
708940,903932,100,2025-10-15,196.38,Paid,19,2025-11-03
708941,912579,318,2025-10-15,57.94,Paid,8,2025-10-23
708942,915203,381,2025-10-15,134.07,Paid,1,2025-10-16
708943,915000,377,2025-10-15,80.7,Paid,0,2025-10-15
708944,902803,69,2025-10-15,61.79,Paid,0,2025-10-15
708945,909752,235,2025-10-16,61.08,Paid,4,2025-10-20
708946,902935,71,2025-10-16,60.13,Paid,5,2025-10-21
708947,913561,343,2025-10-14,77.98,Paid,26,2025-11-09
708948,916824,419,2025-10-14,76.93,Paid,10,2025-10-24
708949,913542,342,2025-10-14,90.53,Paid,13,2025-10-27
708950,905410,139,2025-10-16,101.34,Paid,9,2025-10-25
708951,914164,356,2025-10-15,130.9,Paid,23,2025-11-07
708952,911392,283,2025-10-15,184.88,Paid,18,2025-11-02
708953,902902,70,2025-10-15,120.06,Paid,14,2025-10-29
708954,917461,251,2025-10-16,383.14,Paid,5,2025-10-21
708955,901428,35,2025-10-15,90.14,Paid,8,2025-10-23
708956,904511,115,2025-10-14,68.16,Paid,18,2025-11-01
708957,907569,187,2025-10-16,61.87,Paid,18,2025-11-03
708958,915241,382,2025-10-15,113.77,Paid,20,2025-11-04
708959,913132,333,2025-10-17,119.23,Paid,0,2025-10-17
708960,915957,397,2025-10-15,93.31,Paid,0,2025-10-15
708961,917080,70,2025-10-16,3277.02,Paid,7,2025-10-23
708962,910609,259,2025-10-17,116.12,Paid,2,2025-10-19
708963,900651,16,2025-10-17,55.71,Paid,0,2025-10-17
708964,911121,275,2025-10-17,103.45,Paid,10,2025-10-27
708965,903525,88,2025-10-15,107.43,Paid,38,2025-11-22
708966,901739,41,2025-10-17,88.35,Paid,3,2025-10-20
708967,910368,251,2025-10-17,94.19,Paid,4,2025-10-21
708968,910779,266,2025-10-16,57.11,Paid,24,2025-11-09
708969,909550,231,2025-10-17,128.9,Paid,19,2025-11-05
708970,905055,126,2025-10-17,80.38,Paid,14,2025-10-31
708971,902703,65,2025-10-16,91.94,Paid,0,2025-10-16
708972,916079,401,2025-10-16,60.02,Paid,7,2025-10-23
708973,904990,125,2025-10-15,79.92,Paid,6,2025-10-21
708974,905691,145,2025-10-16,121.88,Paid,13,2025-10-29
708975,915165,379,2025-10-16,91.29,Paid,6,2025-10-22
708976,915132,379,2025-10-17,60.65,Paid,22,2025-11-08
708977,908895,213,2025-10-17,129.1,Paid,6,2025-10-23
708978,913151,334,2025-10-17,50.84,Paid,1,2025-10-18
708979,911103,275,2025-10-16,59.64,Paid,5,2025-10-21
708980,913100,333,2025-10-15,73.65,Paid,0,2025-10-15
708981,903848,99,2025-10-15,79.2,Paid,14,2025-10-29
708982,916308,408,2025-10-17,54.7,Paid,11,2025-10-28
708983,903829,98,2025-10-16,89.57,Paid,5,2025-10-21
708984,904068,104,2025-10-17,57.93,Paid,2,2025-10-19
708985,915387,386,2025-10-17,58.33,Paid,25,2025-11-11
708986,907268,181,2025-10-17,63.06,Paid,16,2025-11-02
708987,911494,287,2025-10-17,95.48,Paid,9,2025-10-26
708988,900220,6,2025-10-17,58.39,Paid,19,2025-11-05
708989,903900,100,2025-10-17,123.82,Paid,4,2025-10-21
708990,908040,196,2025-10-15,55.45,Paid,6,2025-10-21
708991,903128,79,2025-10-15,57.28,Paid,10,2025-10-25
708992,906802,172,2025-10-17,91.36,Paid,6,2025-10-23
708993,906151,156,2025-10-15,59.06,Paid,0,2025-10-15
708994,902298,54,2025-10-17,59.98,Paid,12,2025-10-29
708995,917341,187,2025-10-15,455.45,Paid,19,2025-11-03
708996,905963,150,2025-10-17,59.71,Paid,0,2025-10-17
708997,906204,157,2025-10-15,59.18,Paid,0,2025-10-15
708998,912248,308,2025-10-16,89.0,Paid,17,2025-11-02
708999,908961,215,2025-10-17,119.36,Paid,0,2025-10-17
709000,906038,152,2025-10-16,60.35,Paid,3,2025-10-19
709001,901329,34,2025-10-16,64.22,Paid,22,2025-11-07
709002,915260,383,2025-10-16,59.38,Paid,15,2025-10-31
709003,903388,86,2025-10-15,59.58,Paid,11,2025-10-26
709004,914022,353,2025-10-15,101.06,Paid,8,2025-10-23
709005,903039,76,2025-10-17,61.28,Paid,0,2025-10-17
709006,900118,3,2025-10-15,67.96,Paid,1,2025-10-16
709007,911528,288,2025-10-15,55.45,Paid,0,2025-10-15
709008,916154,403,2025-10-17,73.9,Paid,6,2025-10-23
709009,901673,40,2025-10-15,94.03,Paid,11,2025-10-26
709010,911970,302,2025-10-17,119.45,Paid,2,2025-10-19
709011,912663,320,2025-10-17,135.89,Paid,0,2025-10-17
709012,915659,391,2025-10-16,64.05,Paid,17,2025-11-02
709013,907766,191,2025-10-15,108.13,Paid,11,2025-10-26
709014,909818,236,2025-10-15,121.79,Paid,0,2025-10-15
709015,909305,226,2025-10-17,124.61,Paid,14,2025-10-31
709016,904615,118,2025-10-17,58.37,Paid,9,2025-10-26
709017,915608,390,2025-10-18,53.84,Paid,0,2025-10-18
709018,915032,377,2025-10-16,126.82,Paid,5,2025-10-21
709019,906558,166,2025-10-16,93.56,Paid,5,2025-10-21
709020,911579,289,2025-10-16,58.51,Paid,17,2025-11-02
709021,902560,61,2025-10-18,106.22,Paid,20,2025-11-07
709022,911425,286,2025-10-17,61.28,Paid,14,2025-10-31
709023,902382,55,2025-10-16,145.99,Paid,22,2025-11-07
709024,911871,298,2025-10-16,92.53,Paid,9,2025-10-25
709025,902350,55,2025-10-17,95.82,Paid,31,2025-11-17
709026,911225,280,2025-10-18,90.31,Paid,14,2025-11-01
709027,911155,279,2025-10-16,58.93,Paid,14,2025-10-30
709028,907168,179,2025-10-17,159.58,Paid,16,2025-11-02
709029,911084,274,2025-10-17,132.68,Paid,4,2025-10-21
709030,911015,270,2025-10-16,57.03,Paid,7,2025-10-23
709031,910981,269,2025-10-18,93.93,Paid,10,2025-10-28
709032,907032,177,2025-10-16,55.19,Paid,0,2025-10-16
709033,916028,399,2025-10-17,58.34,Paid,7,2025-10-24
709034,911905,299,2025-10-18,57.79,Paid,3,2025-10-21
709035,912040,303,2025-10-16,122.11,Paid,5,2025-10-21
709036,904891,123,2025-10-18,90.1,Paid,27,2025-11-14
709037,904717,120,2025-10-18,81.27,Paid,0,2025-10-18
709038,913835,350,2025-10-16,57.88,Paid,7,2025-10-23
709039,913886,351,2025-10-16,54.18,Paid,0,2025-10-16
709040,914265,359,2025-10-18,80.82,Paid,11,2025-10-29
709041,914401,362,2025-10-17,84.9,Paid,11,2025-10-28
709042,906255,158,2025-10-16,68.08,Paid,34,2025-11-19
709043,912542,317,2025-10-17,78.55,Paid,14,2025-10-31
709044,912387,313,2025-10-16,114.06,Paid,14,2025-10-30
709045,903487,87,2025-10-17,90.71,Paid,14,2025-10-31
709046,905841,147,2025-10-18,95.81,Paid,24,2025-11-11
709047,905874,148,2025-10-18,63.43,Paid,9,2025-10-27
709048,914500,365,2025-10-18,57.41,Paid,7,2025-10-25
709049,912073,304,2025-10-16,103.35,Paid,19,2025-11-04
709050,912453,314,2025-10-17,66.74,Paid,29,2025-11-15
709051,907384,183,2025-10-18,81.05,Paid,8,2025-10-26
709052,904825,122,2025-10-16,155.26,Paid,23,2025-11-08
709053,907402,183,2025-10-17,114.58,Paid,1,2025-10-18
709054,907941,194,2025-10-16,85.08,Paid,13,2025-10-29
709055,917339,186,2025-10-16,372.91,Paid,4,2025-10-20
709056,910915,268,2025-10-16,92.92,Paid,9,2025-10-25
709057,908105,197,2025-10-18,82.21,Paid,4,2025-10-22
709058,908137,197,2025-10-18,131.03,Paid,6,2025-10-24
709059,910165,248,2025-10-18,115.89,Paid,1,2025-10-19
709060,910076,246,2025-10-18,63.3,Paid,24,2025-11-11
709061,910019,242,2025-10-17,119.97,Paid,27,2025-11-13
709062,917547,294,2025-10-16,456.81,Paid,28,2025-11-13
709063,908446,204,2025-10-17,63.31,Paid,0,2025-10-17
709064,908628,207,2025-10-18,67.84,Paid,9,2025-10-27
709065,917601,318,2025-10-16,386.38,Paid,0,2025-10-16
709066,908758,210,2025-10-17,92.64,Paid,11,2025-10-28
709067,909583,232,2025-10-16,56.22,Paid,11,2025-10-27
709068,917788,406,2025-10-16,502.11,Paid,14,2025-10-30
709069,917044,55,2025-10-18,584.92,Paid,10,2025-10-28
709070,900768,19,2025-10-16,50.18,Paid,13,2025-10-29
709071,900414,11,2025-10-17,54.17,Paid,10,2025-10-27
709072,901226,31,2025-10-16,122.65,Paid,4,2025-10-20
709073,907836,192,2025-10-17,189.95,Paid,9,2025-10-26
709074,900990,27,2025-10-18,77.94,Paid,19,2025-11-06
709075,910830,267,2025-10-16,119.89,Paid,0,2025-10-16
709076,915453,387,2025-10-19,67.51,Paid,14,2025-11-02
709077,902112,51,2025-10-17,71.38,Paid,13,2025-10-30
709078,900257,7,2025-10-19,53.6,Paid,7,2025-10-26
709079,915825,394,2025-10-17,103.37,Paid,16,2025-11-02
709080,903506,88,2025-10-18,65.08,Paid,21,2025-11-08
709081,903559,92,2025-10-17,82.27,Paid,9,2025-10-26
709082,916580,413,2025-10-18,85.47,Paid,0,2025-10-18
709083,903729,97,2025-10-19,79.46,Paid,0,2025-10-19
709084,903762,97,2025-10-17,124.87,Paid,9,2025-10-26
709085,914198,357,2025-10-17,67.91,Paid,19,2025-11-05
709086,914059,354,2025-10-19,95.87,Paid,1,2025-10-20
709087,900169,4,2025-10-17,74.01,Paid,4,2025-10-21
709088,917772,398,2025-10-19,395.06,Paid,16,2025-11-04
709089,913783,349,2025-10-18,121.33,Paid,19,2025-11-06
709090,904303,110,2025-10-18,59.3,Paid,23,2025-11-10
709091,909130,221,2025-10-19,128.18,Paid,2,2025-10-21
709092,901395,35,2025-10-18,56.08,Paid,5,2025-10-23
709093,901602,39,2025-10-17,57.01,Paid,0,2025-10-17
709094,915891,395,2025-10-17,88.97,Paid,6,2025-10-23
709095,900309,9,2025-10-17,54.82,Paid,29,2025-11-15
709096,901121,29,2025-10-17,91.11,Paid,26,2025-11-12
709097,903322,85,2025-10-19,75.47,Paid,0,2025-10-19
709098,902485,58,2025-10-17,112.87,Paid,27,2025-11-13
709099,902541,61,2025-10-17,69.44,Paid,18,2025-11-04
709100,900716,18,2025-10-18,61.46,Paid,14,2025-11-01
709101,902598,62,2025-10-17,122.28,Paid,4,2025-10-21
709102,902632,64,2025-10-17,84.72,Paid,7,2025-10-24
709103,916889,420,2025-10-19,78.06,Paid,4,2025-10-23
709104,915278,383,2025-10-17,100.95,Paid,30,2025-11-16
709105,902869,70,2025-10-18,64.4,Paid,13,2025-10-31
709106,915066,378,2025-10-17,114.21,Paid,3,2025-10-20
709107,904787,121,2025-10-17,110.43,Paid,7,2025-10-24
709108,902967,71,2025-10-17,95.11,Paid,0,2025-10-17
709109,915626,390,2025-10-18,96.86,Paid,1,2025-10-19
709110,901055,28,2025-10-19,55.79,Paid,3,2025-10-22
709111,914948,376,2025-10-19,79.0,Paid,21,2025-11-09
709112,914820,373,2025-10-19,58.63,Paid,4,2025-10-23
709113,915725,393,2025-10-19,78.32,Paid,10,2025-10-29
709114,900380,10,2025-10-18,94.9,Paid,1,2025-10-19
709115,914748,371,2025-10-18,99.41,Paid,4,2025-10-22
709116,903251,83,2025-10-18,92.35,Paid,0,2025-10-18
709117,902420,57,2025-10-17,130.76,Paid,22,2025-11-08
709118,909474,229,2025-10-17,92.47,Paid,2,2025-10-19
709119,909229,222,2025-10-17,117.13,Paid,23,2025-11-09
709120,911697,293,2025-10-17,56.28,Paid,13,2025-10-30
709121,910948,269,2025-10-19,56.44,Paid,16,2025-11-04
709122,905808,147,2025-10-19,59.54,Paid,0,2025-10-19
709123,910882,268,2025-10-19,59.28,Paid,7,2025-10-26
709124,912560,317,2025-10-19,129.82,Paid,17,2025-11-05
709125,907435,184,2025-10-17,74.92,Paid,9,2025-10-26
709126,912139,306,2025-10-18,54.88,Paid,0,2025-10-18
709127,907201,180,2025-10-17,74.94,Paid,11,2025-10-28
709128,905163,132,2025-10-18,103.51,Paid,1,2025-10-19
709129,910641,259,2025-10-18,188.03,Paid,6,2025-10-24
709130,907300,181,2025-10-17,98.68,Paid,5,2025-10-22
709131,910500,254,2025-10-18,116.26,Paid,8,2025-10-26
709132,905144,132,2025-10-18,60.3,Paid,9,2025-10-27
709133,912021,303,2025-10-19,81.03,Paid,9,2025-10-28
709134,910401,252,2025-10-19,56.66,Paid,8,2025-10-27
709135,908844,212,2025-10-17,62.7,Paid,24,2025-11-10
709136,909403,228,2025-10-19,86.1,Paid,9,2025-10-28
709137,908792,211,2025-10-17,65.7,Paid,17,2025-11-03
709138,909884,238,2025-10-19,58.1,Paid,0,2025-10-19
709139,908308,200,2025-10-17,121.47,Paid,17,2025-11-03
709140,908289,200,2025-10-19,67.15,Paid,32,2025-11-20
709141,906745,171,2025-10-19,83.44,Paid,7,2025-10-26
709142,913241,336,2025-10-18,79.81,Paid,6,2025-10-24
709143,910335,251,2025-10-18,51.67,Paid,0,2025-10-18
709144,911047,270,2025-10-17,93.88,Paid,8,2025-10-25
709145,902179,52,2025-10-19,116.07,Paid,12,2025-10-31
709146,911206,280,2025-10-19,58.92,Paid,0,2025-10-19
709147,906934,175,2025-10-18,151.65,Paid,27,2025-11-14
709148,915792,394,2025-10-18,66.69,Paid,17,2025-11-04
709149,902060,48,2025-10-20,55.85,Paid,1,2025-10-21
709150,906693,170,2025-10-19,81.82,Paid,11,2025-10-30
709151,902279,53,2025-10-19,155.72,Paid,27,2025-11-15
709152,906836,173,2025-10-18,75.39,Paid,0,2025-10-18
709153,911290,281,2025-10-19,90.25,Paid,0,2025-10-19
709154,913308,339,2025-10-18,57.82,Paid,3,2025-10-21
709155,907468,184,2025-10-18,119.54,Paid,9,2025-10-27
709156,906591,167,2025-10-20,63.31,Paid,8,2025-10-28
709157,910811,266,2025-10-20,95.35,Paid,20,2025-11-09
709158,916753,417,2025-10-19,98.02,Paid,3,2025-10-22
709159,910675,261,2025-10-18,60.12,Paid,9,2025-10-27
709160,901022,27,2025-10-19,125.92,Paid,0,2025-10-19
709161,907700,190,2025-10-19,86.86,Paid,22,2025-11-10
709162,917022,44,2025-10-19,354.67,Paid,21,2025-11-09
709163,907908,194,2025-10-20,56.74,Paid,0,2025-10-20
709164,900585,15,2025-10-18,57.04,Paid,0,2025-10-18
709165,900480,13,2025-10-19,58.93,Paid,0,2025-10-19
709166,910268,250,2025-10-19,76.55,Paid,0,2025-10-19
709167,917528,285,2025-10-18,3905.6,Paid,5,2025-10-23
709168,916476,411,2025-10-19,117.46,Paid,0,2025-10-19
709169,907502,186,2025-10-20,52.2,Paid,0,2025-10-20
709170,904684,119,2025-10-20,89.33,Paid,15,2025-11-04
709171,905377,139,2025-10-18,56.18,Paid,6,2025-10-24
709172,902769,66,2025-10-19,119.08,Paid,0,2025-10-19
709173,913716,348,2025-10-19,58.72,Paid,14,2025-11-02
709174,912870,328,2025-10-18,115.14,Paid,34,2025-11-21
709175,904402,111,2025-10-18,93.1,Paid,10,2025-10-28
709176,905607,143,2025-10-19,96.39,Paid,0,2025-10-19
709177,913617,345,2025-10-20,105.46,Paid,12,2025-11-01
709178,905906,148,2025-10-20,93.37,Paid,1,2025-10-21
709179,904562,116,2025-10-20,56.01,Paid,12,2025-11-01
709180,914131,356,2025-10-19,78.52,Paid,0,2025-10-19
709181,914602,367,2025-10-20,56.27,Paid,0,2025-10-20
709182,912210,307,2025-10-19,98.0,Paid,12,2025-10-31
709183,914691,370,2025-10-20,79.37,Paid,0,2025-10-20
709184,905106,129,2025-10-20,76.16,Paid,11,2025-10-31
709185,912105,304,2025-10-19,156.16,Paid,19,2025-11-07
709186,913509,342,2025-10-20,54.26,Paid,5,2025-10-25
709187,913475,341,2025-10-19,90.47,Paid,3,2025-10-22
709188,914910,375,2025-10-20,61.36,Paid,19,2025-11-08
709189,913956,352,2025-10-18,186.33,Paid,0,2025-10-18
709190,913442,341,2025-10-18,56.16,Paid,3,2025-10-21
709191,903796,98,2025-10-18,55.15,Paid,8,2025-10-26
709192,905272,137,2025-10-18,82.77,Paid,10,2025-10-28
709193,911852,298,2025-10-19,58.36,Paid,7,2025-10-26
709194,913341,339,2025-10-18,83.76,Paid,0,2025-10-18
709195,911801,295,2025-10-19,68.61,Paid,31,2025-11-19
709196,906473,165,2025-10-18,62.06,Paid,8,2025-10-26
709197,903180,81,2025-10-19,85.64,Paid,17,2025-11-05
709198,912969,330,2025-10-20,54.92,Paid,6,2025-10-26
709199,916961,20,2025-10-19,3688.49,Paid,2,2025-10-21
709200,917440,238,2025-10-20,391.73,Paid,12,2025-11-01
709201,913067,331,2025-10-21,95.18,Paid,10,2025-10-31
709202,909987,242,2025-10-21,74.57,Paid,8,2025-10-29
709203,909719,234,2025-10-21,93.49,Paid,0,2025-10-21
709204,909436,228,2025-10-20,138.23,Paid,3,2025-10-23
709205,913170,334,2025-10-21,95.92,Paid,5,2025-10-26
709206,913035,331,2025-10-19,57.12,Paid,13,2025-11-01
709207,913990,353,2025-10-20,58.85,Paid,7,2025-10-27
709208,911663,290,2025-10-20,90.43,Paid,2,2025-10-22
709209,909267,225,2025-10-21,90.7,Paid,16,2025-11-06
709210,911833,295,2025-10-21,101.58,Paid,11,2025-11-01
709211,911360,283,2025-10-21,119.74,Paid,0,2025-10-21
709212,914967,376,2025-10-19,132.68,Paid,3,2025-10-22
709213,911309,282,2025-10-20,119.18,Paid,14,2025-11-03
709214,915589,389,2025-10-20,90.32,Paid,0,2025-10-20
709215,914929,375,2025-10-21,85.89,Paid,17,2025-11-07
709216,911258,281,2025-10-20,56.1,Paid,0,2025-10-20
709217,909338,227,2025-10-19,56.07,Paid,9,2025-10-28
709218,914041,354,2025-10-20,60.72,Paid,5,2025-10-25
709219,915859,395,2025-10-21,53.4,Paid,12,2025-11-02
709220,916172,403,2025-10-19,126.87,Paid,8,2025-10-27
709221,916374,409,2025-10-19,75.02,Paid,8,2025-10-27
709222,916406,409,2025-10-21,125.85,Paid,0,2025-10-21
709223,916425,410,2025-10-20,95.89,Paid,21,2025-11-10
709224,914434,363,2025-10-19,58.35,Paid,16,2025-11-04
709225,912631,320,2025-10-21,79.7,Paid,3,2025-10-24
709226,912734,323,2025-10-20,66.11,Paid,21,2025-11-10
709227,916684,416,2025-10-21,79.73,Paid,7,2025-10-28
709228,914569,366,2025-10-19,129.77,Paid,3,2025-10-22
709229,911476,287,2025-10-19,61.57,Paid,0,2025-10-19
709230,917817,420,2025-10-19,344.42,Paid,11,2025-10-30
709231,904957,124,2025-10-19,125.93,Paid,10,2025-10-29
709232,902453,58,2025-10-19,65.0,Paid,27,2025-11-15
709233,908577,206,2025-10-19,55.33,Paid,7,2025-10-26
709234,906387,163,2025-10-19,123.43,Paid,0,2025-10-19
709235,903951,102,2025-10-21,75.47,Paid,18,2025-11-08
709236,901461,36,2025-10-21,84.33,Paid,7,2025-10-28
709237,908609,206,2025-10-19,85.63,Paid,10,2025-10-29
709238,908703,209,2025-10-21,61.06,Paid,13,2025-11-03
709239,909197,222,2025-10-19,74.28,Paid,15,2025-11-03
709240,908740,210,2025-10-21,52.97,Paid,0,2025-10-21
709241,904100,104,2025-10-19,85.39,Paid,11,2025-10-30
709242,902316,54,2025-10-19,87.48,Paid,1,2025-10-20
709243,905640,144,2025-10-20,57.76,Paid,6,2025-10-26
709244,901192,30,2025-10-19,96.76,Paid,4,2025-10-23
709245,907064,177,2025-10-19,95.82,Paid,14,2025-11-02
709246,907733,190,2025-10-19,150.79,Paid,24,2025-11-12
709247,905444,140,2025-10-20,59.08,Paid,0,2025-10-20
709248,901258,31,2025-10-19,190.31,Paid,0,2025-10-19
709249,905575,143,2025-10-19,57.57,Paid,8,2025-10-27
709250,908993,215,2025-10-19,174.01,Paid,0,2025-10-19
709251,901943,45,2025-10-19,50.65,Paid,13,2025-11-01
709252,906902,175,2025-10-20,88.76,Paid,17,2025-11-06
709253,902008,47,2025-10-19,57.9,Paid,9,2025-10-28
709254,907098,178,2025-10-20,56.96,Paid,11,2025-10-31
709255,905743,146,2025-10-20,59.1,Paid,20,2025-11-09
709256,903626,95,2025-10-21,89.4,Paid,26,2025-11-16
709257,906132,155,2025-10-21,95.44,Paid,10,2025-10-31
709258,904166,105,2025-10-20,95.9,Paid,0,2025-10-20
709259,908238,199,2025-10-20,82.16,Paid,5,2025-10-25
709260,908380,203,2025-10-19,74.29,Paid,7,2025-10-26
709261,901706,41,2025-10-20,60.76,Paid,25,2025-11-14
709262,905220,135,2025-10-20,58.4,Paid,14,2025-11-03
709263,907333,182,2025-10-20,56.95,Paid,6,2025-10-26
709264,904666,119,2025-10-21,58.13,Paid,15,2025-11-05
709265,900852,21,2025-10-21,171.57,Paid,30,2025-11-20
709266,902522,60,2025-10-21,100.63,Paid,16,2025-11-06
709267,903389,86,2025-10-21,54.43,Paid,25,2025-11-15
709268,904859,123,2025-10-22,55.72,Paid,26,2025-11-17
709269,913938,352,2025-10-20,121.73,Paid,1,2025-10-21
709270,900924,25,2025-10-21,89.34,Paid,8,2025-10-29
709271,914672,368,2025-10-21,92.5,Paid,19,2025-11-09
709272,902402,57,2025-10-20,67.01,Paid,29,2025-11-18
709273,906764,171,2025-10-20,135.37,Paid,8,2025-10-28
709274,900820,21,2025-10-22,89.13,Paid,24,2025-11-15
709275,915133,379,2025-10-22,58.63,Paid,0,2025-10-22
709276,912838,328,2025-10-22,69.85,Paid,32,2025-11-23
709277,912786,324,2025-10-21,64.0,Paid,3,2025-10-24
709278,904003,103,2025-10-21,80.09,Paid,8,2025-10-29
709279,917564,302,2025-10-21,4442.99,Paid,7,2025-10-28
709280,906236,157,2025-10-21,97.83,Paid,5,2025-10-26
709281,901296,32,2025-10-22,94.18,Paid,0,2025-10-22
709282,902580,62,2025-10-20,80.47,Paid,8,2025-10-28
709283,913376,340,2025-10-20,68.15,Paid,7,2025-10-27
709284,913651,347,2025-10-20,55.48,Paid,3,2025-10-23
709285,917530,286,2025-10-20,252.77,Paid,8,2025-10-28
709286,908172,198,2025-10-21,111.36,Paid,1,2025-10-22
709287,916791,418,2025-10-20,92.58,Paid,11,2025-10-31
709288,912321,312,2025-10-20,138.52,Paid,9,2025-10-29
709289,915185,381,2025-10-22,85.2,Paid,14,2025-11-05
709290,906422,164,2025-10-22,59.62,Paid,5,2025-10-27
709291,916773,418,2025-10-20,64.25,Paid,0,2025-10-20
709292,915557,389,2025-10-21,53.63,Paid,8,2025-10-29
709293,906076,153,2025-10-21,76.3,Paid,6,2025-10-27
709294,911631,290,2025-10-21,56.08,Paid,3,2025-10-24
709295,905087,126,2025-10-22,140.55,Paid,4,2025-10-26
709296,910468,254,2025-10-20,66.69,Paid,27,2025-11-16
709297,901812,43,2025-10-20,52.07,Paid,10,2025-10-30
709298,907975,195,2025-10-20,59.42,Paid,0,2025-10-20
709299,903455,87,2025-10-22,61.74,Paid,21,2025-11-12
709300,914730,371,2025-10-21,59.79,Paid,17,2025-11-07
709301,907130,178,2025-10-22,91.92,Paid,5,2025-10-27
709302,901655,40,2025-10-20,56.76,Paid,8,2025-10-28
709303,902247,53,2025-10-22,91.38,Paid,38,2025-11-29
709304,902737,66,2025-10-21,73.11,Paid,11,2025-11-01
709305,916309,408,2025-10-21,54.39,Paid,5,2025-10-26
709306,901878,44,2025-10-20,54.94,Paid,7,2025-10-27
709307,915522,388,2025-10-22,94.76,Paid,8,2025-10-30
709308,909687,234,2025-10-22,56.36,Paid,3,2025-10-25
709309,904370,111,2025-10-20,57.47,Paid,0,2025-10-20
709310,906094,153,2025-10-21,131.82,Paid,16,2025-11-06
709311,917744,388,2025-10-20,6641.63,Paid,19,2025-11-08
709312,900872,22,2025-10-22,70.69,Paid,22,2025-11-13
709313,917746,389,2025-10-22,289.97,Paid,0,2025-10-22
709314,906492,165,2025-10-21,96.3,Paid,4,2025-10-25
709315,903866,99,2025-10-22,116.35,Paid,6,2025-10-28
709316,905510,142,2025-10-20,60.54,Paid,6,2025-10-26
709317,907635,188,2025-10-21,62.09,Paid,21,2025-11-11
709318,905476,140,2025-10-22,93.86,Paid,7,2025-10-29
709319,906369,163,2025-10-22,84.49,Paid,19,2025-11-10
709320,917796,410,2025-10-21,413.47,Paid,22,2025-11-12
709321,912804,324,2025-10-21,96.39,Paid,9,2025-10-30
709322,909615,232,2025-10-21,90.37,Paid,0,2025-10-21
709323,904926,124,2025-10-21,85.02,Paid,13,2025-11-03
709324,909584,232,2025-10-23,57.23,Paid,9,2025-11-01
709325,915001,377,2025-10-22,77.94,Paid,18,2025-11-09
709326,908862,212,2025-10-21,107.13,Paid,9,2025-10-30
709327,911597,289,2025-10-23,91.74,Paid,15,2025-11-07
709328,904512,115,2025-10-21,66.27,Paid,20,2025-11-10
709329,903109,77,2025-10-21,116.82,Paid,14,2025-11-04
709330,917557,298,2025-10-22,312.96,Paid,0,2025-10-22
709331,903901,100,2025-10-23,116.09,Paid,10,2025-11-02
709332,904200,107,2025-10-21,54.8,Paid,5,2025-10-26
709333,906001,151,2025-10-22,61.8,Paid,0,2025-10-22
709334,909512,230,2025-10-22,193.22,Paid,0,2025-10-22
709335,907535,186,2025-10-23,90.37,Paid,14,2025-11-06
709336,907570,187,2025-10-21,61.07,Paid,7,2025-10-28
709337,902665,64,2025-10-22,124.76,Paid,0,2025-10-22
709338,905125,129,2025-10-22,131.68,Paid,2,2025-10-24
709339,915926,397,2025-10-23,56.97,Paid,8,2025-10-31
709340,902936,71,2025-10-23,56.56,Paid,11,2025-11-03
709341,909163,221,2025-10-22,182.86,Paid,2,2025-10-24
709342,910558,256,2025-10-21,57.39,Paid,7,2025-10-28
709343,900362,10,2025-10-22,59.12,Paid,7,2025-10-29
709344,907234,180,2025-10-23,128.1,Paid,0,2025-10-23
709345,914332,361,2025-10-21,56.73,Paid,8,2025-10-29
709346,905775,146,2025-10-22,93.92,Paid,3,2025-10-25
709347,916825,419,2025-10-21,81.37,Paid,0,2025-10-21
709348,908513,205,2025-10-23,78.58,Paid,8,2025-10-31
709349,917250,145,2025-10-22,1144.01,Paid,2,2025-10-24
709350,914079,355,2025-10-21,52.49,Paid,0,2025-10-21
709351,903213,81,2025-10-23,141.98,Paid,17,2025-11-09
709352,911016,270,2025-10-23,57.99,Paid,9,2025-11-01
709353,907150,179,2025-10-21,95.64,Paid,26,2025-11-16
709354,917745,388,2025-10-22,370.43,Paid,0,2025-10-22
709355,916206,404,2025-10-23,54.81,Paid,0,2025-10-23
709356,902804,69,2025-10-22,58.31,Paid,9,2025-10-31
709357,909753,235,2025-10-21,56.15,Paid,6,2025-10-27
709358,906311,159,2025-10-21,155.82,Paid,20,2025-11-10
709359,912172,306,2025-10-21,101.02,Paid,0,2025-10-21
709360,912905,329,2025-10-23,69.49,Paid,16,2025-11-08
709361,904135,105,2025-10-22,53.75,Paid,0,2025-10-22
709362,913002,330,2025-10-22,92.6,Paid,0,2025-10-22
709363,912766,323,2025-10-23,110.67,Paid,13,2025-11-05
709364,909066,219,2025-10-23,74.08,Paid,18,2025-11-10
709365,901513,37,2025-10-21,64.77,Paid,20,2025-11-10
709366,916257,406,2025-10-23,56.63,Paid,5,2025-10-28
709367,906968,176,2025-10-21,81.63,Paid,0,2025-10-21
709368,906527,166,2025-10-21,56.87,Paid,1,2025-10-22
709369,900030,1,2025-10-22,57.3,Paid,4,2025-10-26
709370,906784,172,2025-10-24,55.41,Paid,5,2025-10-29
709371,917258,151,2025-10-23,366.55,Paid,2,2025-10-25
709372,915388,386,2025-10-22,54.81,Paid,6,2025-10-28
709373,915454,387,2025-10-22,65.64,Paid,18,2025-11-09
709374,908041,196,2025-10-24,55.78,Paid,0,2025-10-24
709375,906293,159,2025-10-24,95.08,Paid,27,2025-11-20
709376,904991,125,2025-10-23,79.09,Paid,0,2025-10-23
709377,911750,294,2025-10-23,91.4,Paid,29,2025-11-21
709378,912192,307,2025-10-24,56.82,Paid,1,2025-10-25
709379,908962,215,2025-10-23,123.66,Paid,19,2025-11-11
709380,916117,402,2025-10-24,66.03,Paid,25,2025-11-18
709381,907767,191,2025-10-24,120.75,Paid,4,2025-10-28
709382,904069,104,2025-10-23,54.18,Paid,5,2025-10-28
709383,911971,302,2025-10-23,117.01,Paid,9,2025-11-01
709384,901759,42,2025-10-24,81.98,Paid,5,2025-10-29
709385,917767,396,2025-10-24,400.72,Paid,16,2025-11-09
709386,906205,157,2025-10-23,54.89,Paid,8,2025-10-31
709387,911529,288,2025-10-24,56.47,Paid,0,2025-10-24
709388,908896,213,2025-10-23,119.68,Paid,0,2025-10-23
709389,914654,368,2025-10-23,56.02,Paid,5,2025-10-28
709390,910610,259,2025-10-23,126.37,Paid,0,2025-10-23
709391,903091,77,2025-10-22,63.42,Paid,34,2025-11-25
709392,917797,410,2025-10-24,553.67,Paid,7,2025-10-31
709393,904251,109,2025-10-24,54.86,Paid,9,2025-11-02
709394,910780,266,2025-10-24,57.1,Paid,7,2025-10-31
709395,901330,34,2025-10-22,65.85,Paid,26,2025-11-17
709396,903040,76,2025-10-22,66.37,Paid,7,2025-10-29
709397,915336,385,2025-10-23,80.49,Paid,14,2025-11-06
709398,915660,391,2025-10-22,64.51,Paid,26,2025-11-17
709399,913101,333,2025-10-23,76.29,Paid,4,2025-10-27
709400,909819,236,2025-10-22,110.92,Paid,0,2025-10-22
709401,906592,167,2025-10-23,60.38,Paid,0,2025-10-23
709402,908106,197,2025-10-25,86.95,Paid,6,2025-10-31
709403,901227,31,2025-10-25,125.4,Paid,20,2025-11-14
709404,900991,27,2025-10-25,77.79,Paid,7,2025-11-01
709405,900415,11,2025-10-23,59.2,Paid,6,2025-10-29
709406,913887,351,2025-10-25,58.74,Paid,0,2025-10-25
709407,904460,114,2025-10-25,69.22,Paid,11,2025-11-05
709408,911906,299,2025-10-24,52.1,Paid,0,2025-10-24
709409,907269,181,2025-10-24,54.76,Paid,2,2025-10-26
709410,911802,295,2025-10-23,62.59,Paid,17,2025-11-09
709411,905056,126,2025-10-23,83.78,Paid,10,2025-11-02
709412,904616,118,2025-10-25,56.3,Paid,6,2025-10-31
709413,910520,255,2025-10-25,61.08,Paid,15,2025-11-09
709414,905875,148,2025-10-24,54.26,Paid,9,2025-11-02
709415,904769,121,2025-10-23,73.08,Paid,23,2025-11-15
709416,916029,399,2025-10-24,49.61,Paid,6,2025-10-30
709417,917553,295,2025-10-24,7640.75,Paid,8,2025-11-01
709418,914603,367,2025-10-23,58.71,Paid,2,2025-10-25
709419,900652,16,2025-10-25,57.17,Paid,14,2025-11-08
709420,900170,4,2025-10-23,80.4,Paid,17,2025-11-09
709421,910166,248,2025-10-24,110.79,Paid,9,2025-11-02
709422,914266,359,2025-10-23,74.99,Paid,0,2025-10-23
709423,911156,279,2025-10-23,61.43,Paid,0,2025-10-23
709424,912454,314,2025-10-24,65.94,Paid,13,2025-11-06
709425,903071,76,2025-10-23,91.98,Paid,0,2025-10-23
709426,909287,226,2025-10-24,77.54,Paid,1,2025-10-25
709427,912388,313,2025-10-23,121.09,Paid,2,2025-10-25
709428,909494,230,2025-10-23,113.37,Paid,7,2025-10-30
709429,902351,55,2025-10-23,93.6,Paid,21,2025-11-13
709430,914501,365,2025-10-25,63.68,Paid,2,2025-10-27
709431,912074,304,2025-10-23,95.88,Paid,22,2025-11-14
709432,911426,286,2025-10-24,60.53,Paid,2,2025-10-26
709433,917435,236,2025-10-24,6725.73,Paid,8,2025-11-01
709434,904718,120,2025-10-23,74.41,Paid,6,2025-10-29
709435,905183,133,2025-10-23,60.17,Paid,20,2025-11-12
709436,916890,420,2025-10-24,79.45,Paid,10,2025-11-03
709437,913242,336,2025-10-25,81.14,Paid,14,2025-11-08
709438,908666,208,2025-10-24,118.19,Paid,0,2025-10-24
709439,902633,64,2025-10-26,73.68,Paid,0,2025-10-26
709440,910402,252,2025-10-26,49.93,Paid,15,2025-11-10
709441,903233,83,2025-10-24,59.56,Paid,11,2025-11-04
709442,907436,184,2025-10-25,76.98,Paid,20,2025-11-14
709443,903560,92,2025-10-24,86.4,Paid,0,2025-10-24
709444,909532,231,2025-10-25,69.14,Paid,0,2025-10-25
709445,916581,413,2025-10-24,78.18,Paid,13,2025-11-06
709446,907033,177,2025-10-26,57.76,Paid,5,2025-10-31
709447,907202,180,2025-10-26,79.79,Paid,0,2025-10-26
709448,902870,70,2025-10-25,66.92,Paid,6,2025-10-31
709449,909885,238,2025-10-24,59.97,Paid,1,2025-10-25
709450,914199,357,2025-10-26,83.63,Paid,1,2025-10-27
709451,905809,147,2025-10-26,61.98,Paid,0,2025-10-26
709452,912140,306,2025-10-24,56.68,Paid,1,2025-10-25
709453,910336,251,2025-10-24,58.11,Paid,13,2025-11-06
709454,912505,316,2025-10-26,118.19,Paid,7,2025-11-02
709455,915726,393,2025-10-25,74.99,Paid,9,2025-11-03
709456,901056,28,2025-10-25,54.3,Paid,0,2025-10-25
709457,903323,85,2025-10-25,82.99,Paid,3,2025-10-28
709458,915067,378,2025-10-24,133.59,Paid,6,2025-10-30
709459,906331,161,2025-10-26,57.03,Paid,0,2025-10-26
709460,911698,293,2025-10-24,59.48,Paid,0,2025-10-24
709461,904304,110,2025-10-25,70.94,Paid,14,2025-11-08
709462,900310,9,2025-10-26,52.03,Paid,11,2025-11-06
709463,913784,349,2025-10-26,121.96,Paid,0,2025-10-26
709464,914768,372,2025-10-25,116.28,Paid,0,2025-10-25
709465,902113,51,2025-10-26,65.94,Paid,19,2025-11-14
709466,908447,204,2025-10-25,51.41,Paid,10,2025-11-04
709467,916994,33,2025-10-24,488.83,Paid,4,2025-10-28
709468,914383,362,2025-10-25,60.3,Paid,23,2025-11-17
709469,901122,29,2025-10-25,97.55,Paid,28,2025-11-22
709470,903730,97,2025-10-24,79.89,Paid,0,2025-10-24
709471,901551,38,2025-10-25,63.97,Paid,0,2025-10-25
709472,908328,201,2025-10-24,60.22,Paid,0,2025-10-24
709473,909404,228,2025-10-25,79.85,Paid,19,2025-11-13
709474,901396,35,2025-10-26,59.25,Paid,18,2025-11-13
709475,901603,39,2025-10-26,57.43,Paid,0,2025-10-26
709476,914821,373,2025-10-26,61.39,Paid,18,2025-11-13
709477,900717,18,2025-10-24,56.34,Paid,11,2025-11-04
709478,901278,32,2025-10-24,58.67,Paid,11,2025-11-04
709479,904807,122,2025-10-24,88.5,Paid,15,2025-11-08
709480,907701,190,2025-10-26,89.83,Paid,23,2025-11-18
709481,910949,269,2025-10-24,58.23,Paid,11,2025-11-04
709482,900081,2,2025-10-26,55.53,Paid,13,2025-11-08
709483,910883,268,2025-10-24,57.88,Paid,1,2025-10-25
709484,902180,52,2025-10-27,120.13,Paid,11,2025-11-07
709485,901174,30,2025-10-27,58.04,Paid,14,2025-11-10
709486,913443,341,2025-10-26,64.03,Paid,11,2025-11-06
709487,910114,247,2025-10-26,65.32,Paid,26,2025-11-21
709488,907909,194,2025-10-25,61.35,Paid,0,2025-10-25
709489,905273,137,2025-10-27,75.77,Paid,4,2025-10-31
709490,917713,373,2025-10-26,363.88,Paid,8,2025-11-03
709491,910269,250,2025-10-25,73.84,Paid,6,2025-10-31
709492,914132,356,2025-10-26,76.6,Paid,14,2025-11-09
709493,913510,342,2025-10-27,60.05,Paid,0,2025-10-27
709494,900586,15,2025-10-27,58.2,Paid,5,2025-11-01
709495,903271,84,2025-10-26,58.18,Paid,6,2025-11-01
709496,917360,199,2025-10-26,435.64,Paid,12,2025-11-07
709497,915793,394,2025-10-25,72.98,Paid,18,2025-11-12
709498,910039,245,2025-10-27,77.61,Paid,5,2025-11-01
709499,910217,249,2025-10-26,76.93,Paid,5,2025-10-31
709500,916929,5,2025-10-25,392.43,Paid,13,2025-11-07
709501,903181,81,2025-10-25,92.15,Paid,21,2025-11-15
709502,916477,411,2025-10-27,111.21,Paid,1,2025-10-28
709503,909635,233,2025-10-25,77.88,Paid,10,2025-11-04
709504,910728,262,2025-10-26,75.39,Paid,26,2025-11-21
709505,908793,211,2025-10-27,65.49,Paid,17,2025-11-13
709506,902009,47,2025-10-25,54.44,Paid,0,2025-10-25
709507,917284,163,2025-10-25,10284.09,Paid,22,2025-11-16
709508,913309,339,2025-10-25,53.56,Paid,2,2025-10-27
709509,902987,72,2025-10-26,79.7,Paid,4,2025-10-30
709510,906837,173,2025-10-27,70.82,Paid,8,2025-11-04
709511,909131,221,2025-10-26,122.15,Paid,5,2025-10-31
709512,900481,13,2025-10-25,57.28,Paid,14,2025-11-08
709513,913717,348,2025-10-25,56.93,Paid,18,2025-11-12
709514,916529,412,2025-10-25,78.58,Paid,3,2025-10-28
709515,901707,41,2025-10-26,56.71,Paid,8,2025-11-03
709516,912268,309,2025-10-26,58.42,Paid,24,2025-11-19
709517,903797,98,2025-10-27,59.15,Paid,1,2025-10-28
709518,907503,186,2025-10-26,58.14,Paid,0,2025-10-26
709519,905378,139,2025-10-25,57.18,Paid,0,2025-10-25
709520,912970,330,2025-10-27,66.52,Paid,6,2025-11-02
709521,910676,261,2025-10-27,53.43,Paid,14,2025-11-10
709522,906694,170,2025-10-27,81.68,Paid,14,2025-11-10
709523,903627,95,2025-10-26,96.33,Paid,23,2025-11-18
709524,905744,146,2025-10-28,56.96,Paid,11,2025-11-08
709525,901944,45,2025-10-28,55.15,Paid,8,2025-11-05
709526,912735,323,2025-10-26,68.88,Paid,16,2025-11-11
709527,904422,113,2025-10-28,60.23,Paid,12,2025-11-09
709528,913036,331,2025-10-28,56.86,Paid,16,2025-11-13
709529,914435,363,2025-10-26,56.41,Paid,7,2025-11-02
709530,906114,155,2025-10-28,56.71,Paid,0,2025-10-28
709531,915860,395,2025-10-27,58.49,Paid,8,2025-11-04
709532,917696,364,2025-10-26,5982.85,Paid,18,2025-11-13
709533,901462,36,2025-10-27,83.9,Paid,4,2025-10-31
709534,915298,384,2025-10-28,63.57,Paid,22,2025-11-19
709535,911361,283,2025-10-27,118.93,Paid,0,2025-10-27
709536,908578,206,2025-10-26,65.11,Paid,0,2025-10-26
709537,916375,409,2025-10-28,84.08,Paid,25,2025-11-22
709538,917019,43,2025-10-26,318.85,Paid,8,2025-11-03
709539,912230,308,2025-10-26,58.94,Paid,12,2025-11-07
709540,909339,227,2025-10-26,57.05,Paid,3,2025-10-29
709541,913991,353,2025-10-26,55.47,Paid,5,2025-10-31
709542,916685,416,2025-10-28,84.78,Paid,10,2025-11-07
709543,916633,414,2025-10-27,60.32,Paid,0,2025-10-27
709544,905641,144,2025-10-26,58.44,Paid,13,2025-11-08
709545,906903,175,2025-10-28,87.85,Paid,25,2025-11-22
709546,907818,192,2025-10-28,112.24,Paid,0,2025-10-28
709547,907334,182,2025-10-27,54.83,Paid,13,2025-11-09
709548,907099,178,2025-10-26,60.28,Paid,7,2025-11-02
709549,909198,222,2025-10-26,81.67,Paid,14,2025-11-09
709550,912683,322,2025-10-26,119.51,Paid,19,2025-11-14
709551,905926,149,2025-10-27,53.94,Paid,7,2025-11-03
709552,912632,320,2025-10-27,77.5,Paid,19,2025-11-15
709553,908239,199,2025-10-26,73.84,Paid,21,2025-11-16
709554,915977,398,2025-10-26,65.73,Paid,16,2025-11-11
709555,915223,382,2025-10-26,72.38,Paid,26,2025-11-21
709556,905325,138,2025-10-27,65.11,Paid,1,2025-10-28
709557,902454,58,2025-10-26,67.33,Paid,16,2025-11-11
709558,909988,242,2025-10-27,74.1,Paid,21,2025-11-17
709559,909249,225,2025-10-26,60.11,Paid,0,2025-10-26
709560,905445,140,2025-10-27,58.94,Paid,17,2025-11-13
709561,911259,281,2025-10-28,56.57,Paid,30,2025-11-27
709562,914873,374,2025-10-28,80.51,Paid,14,2025-11-11
709563,908381,203,2025-10-27,76.5,Paid,0,2025-10-27
709564,909456,229,2025-10-28,58.85,Paid,9,2025-11-06
709565,902685,65,2025-10-27,59.57,Paid,12,2025-11-08
709566,905511,142,2025-10-29,58.62,Paid,6,2025-11-04
709567,917327,180,2025-10-27,616.25,Paid,0,2025-10-27
709568,900821,21,2025-10-29,95.73,Paid,3,2025-11-01
709569,907976,195,2025-10-27,58.05,Paid,12,2025-11-08
709570,904004,103,2025-10-29,78.7,Paid,1,2025-10-30
709571,907636,188,2025-10-28,72.08,Paid,12,2025-11-09
709572,907856,193,2025-10-27,52.06,Paid,2,2025-10-29
709573,908173,198,2025-10-28,128.93,Paid,0,2025-10-28
709574,906152,156,2025-10-29,53.07,Paid,12,2025-11-10
709575,902248,53,2025-10-29,93.92,Paid,18,2025-11-16
709576,900925,25,2025-10-28,81.72,Paid,2,2025-10-30
709577,906423,164,2025-10-29,59.23,Paid,16,2025-11-14
709578,913652,347,2025-10-28,58.2,Paid,0,2025-10-28
709579,915134,379,2025-10-28,57.03,Paid,10,2025-11-07
709580,915558,389,2025-10-29,60.26,Paid,10,2025-11-08
709581,916310,408,2025-10-27,59.49,Paid,2,2025-10-29
709582,910469,254,2025-10-27,68.35,Paid,24,2025-11-20
709583,903456,87,2025-10-29,58.33,Paid,8,2025-11-06
709584,904860,123,2025-10-29,52.21,Paid,13,2025-11-11
709585,901879,44,2025-10-27,59.65,Paid,0,2025-10-27
709586,902738,66,2025-10-29,80.75,Paid,23,2025-11-21
709587,913152,334,2025-10-28,59.8,Paid,6,2025-11-03
709588,904371,111,2025-10-29,57.14,Paid,2,2025-10-31
709589,911632,290,2025-10-27,57.05,Paid,20,2025-11-16
709590,901813,43,2025-10-29,58.15,Paid,0,2025-10-29
709591,912839,328,2025-10-27,64.13,Paid,21,2025-11-17
709592,913599,345,2025-10-28,58.85,Paid,1,2025-10-29
709593,909013,216,2025-10-27,55.51,Paid,4,2025-10-31
709594,900533,14,2025-10-27,68.88,Paid,21,2025-11-17
709595,903390,86,2025-10-27,60.48,Paid,6,2025-11-02
709596,912322,312,2025-10-27,137.93,Paid,31,2025-11-27
709597,903678,96,2025-10-28,59.56,Paid,12,2025-11-09
709598,914333,361,2025-10-28,55.31,Paid,9,2025-11-06
709599,904136,105,2025-10-29,59.79,Paid,5,2025-11-03
709600,905576,143,2025-10-30,57.14,Paid,12,2025-11-11
709601,909067,219,2025-10-28,66.3,Paid,23,2025-11-20
709602,909688,234,2025-10-28,54.25,Paid,3,2025-10-31
709603,902937,71,2025-10-28,54.93,Paid,0,2025-10-28
709604,916207,404,2025-10-30,56.56,Paid,0,2025-10-30
709605,916736,417,2025-10-28,54.51,Paid,11,2025-11-08
709606,917436,236,2025-10-30,5063.26,Paid,7,2025-11-06
709607,900031,1,2025-10-29,54.44,Paid,0,2025-10-29
709608,915505,388,2025-10-28,58.74,Paid,20,2025-11-17
709609,912580,318,2025-10-30,54.47,Paid,0,2025-10-30
709610,906969,176,2025-10-29,81.84,Paid,11,2025-11-09
709611,908514,205,2025-10-30,80.0,Paid,7,2025-11-06
709612,904201,107,2025-10-30,61.4,Paid,6,2025-11-05
709613,904513,115,2025-10-28,64.75,Paid,28,2025-11-25
709614,917573,307,2025-10-30,943.18,Paid,0,2025-10-30
709615,917476,259,2025-10-29,934.58,Paid,16,2025-11-14
709616,917102,78,2025-10-30,411.97,Paid,16,2025-11-15
709617,904927,124,2025-10-29,74.08,Paid,6,2025-11-04
709618,911017,270,2025-10-29,55.26,Paid,0,2025-10-29
709619,909754,235,2025-10-30,56.15,Paid,11,2025-11-10
709620,907571,187,2025-10-29,55.73,Paid,0,2025-10-29
709621,913190,335,2025-10-30,52.44,Paid,14,2025-11-13
709622,906528,166,2025-10-30,51.74,Paid,5,2025-11-04
709623,909585,232,2025-10-30,60.32,Paid,12,2025-11-11
709624,914552,366,2025-10-29,68.77,Paid,9,2025-11-07
709625,909937,241,2025-10-28,62.08,Paid,4,2025-11-01
709626,903902,100,2025-10-30,123.19,Paid,12,2025-11-11
709627,912906,329,2025-10-30,63.59,Paid,20,2025-11-19
709628,917687,359,2025-10-30,3187.06,Paid,10,2025-11-09
709629,915002,377,2025-10-28,80.92,Paid,6,2025-11-03
709630,906643,169,2025-10-28,61.02,Paid,25,2025-11-22
709631,916826,419,2025-10-30,77.8,Paid,0,2025-10-30
709632,911067,274,2025-10-29,83.2,Paid,7,2025-11-05
709633,917046,56,2025-10-28,465.77,Paid,20,2025-11-17
709634,917812,417,2025-10-30,405.17,Paid,3,2025-11-02
709635,902805,69,2025-10-30,60.46,Paid,0,2025-10-30
709636,902505,60,2025-10-29,56.31,Paid,12,2025-11-10
709637,913562,343,2025-10-28,78.74,Paid,5,2025-11-02
709638,915927,397,2025-10-29,58.61,Paid,5,2025-11-03
709639,903849,99,2025-10-31,78.5,Paid,8,2025-11-08
709640,906206,157,2025-10-31,54.46,Paid,8,2025-11-08
709641,916155,403,2025-10-29,84.46,Paid,9,2025-11-07
709642,903129,79,2025-10-31,58.47,Paid,14,2025-11-14
709643,906039,152,2025-10-31,56.9,Paid,1,2025-11-01
709644,900653,16,2025-10-29,58.16,Paid,0,2025-10-29
709645,915661,391,2025-10-29,69.26,Paid,23,2025-11-21
709646,910781,266,2025-10-30,59.5,Paid,8,2025-11-07
709647,911104,275,2025-10-30,56.63,Paid,7,2025-11-06
709648,907034,177,2025-10-31,54.87,Paid,8,2025-11-08
709649,903041,76,2025-10-30,61.05,Paid,0,2025-10-30
709650,915261,383,2025-10-30,55.25,Paid,5,2025-11-04
709651,913102,333,2025-10-29,73.62,Paid,3,2025-11-01
709652,908897,213,2025-10-30,115.04,Paid,0,2025-10-30
709653,901331,34,2025-10-30,62.36,Paid,4,2025-11-03
709654,907270,181,2025-10-31,56.24,Paid,15,2025-11-15
709655,907385,183,2025-10-29,85.35,Paid,15,2025-11-13
709656,908963,215,2025-10-31,109.34,Paid,0,2025-10-31
709657,911972,302,2025-10-30,127.43,Paid,21,2025-11-20
709658,900119,3,2025-10-31,78.59,Paid,0,2025-10-31
709659,905964,150,2025-10-31,60.68,Paid,9,2025-11-09
709660,904992,125,2025-10-29,73.19,Paid,3,2025-11-01
709661,904070,104,2025-10-30,60.34,Paid,14,2025-11-13
709662,915389,386,2025-10-30,56.58,Paid,13,2025-11-12
709663,915455,387,2025-10-29,70.73,Paid,13,2025-11-11
709664,908042,196,2025-10-30,56.18,Paid,17,2025-11-16
709665,916080,401,2025-10-31,56.38,Paid,3,2025-11-03
709666,900221,6,2025-10-31,62.02,Paid,3,2025-11-03
709667,905057,126,2025-10-29,76.94,Paid,11,2025-11-09
709668,902299,54,2025-10-31,54.45,Paid,0,2025-10-31
709669,907768,191,2025-10-30,112.6,Paid,0,2025-10-30
709670,916958,19,2025-10-31,324.05,Paid,7,2025-11-07
709671,911530,288,2025-10-30,64.74,Paid,0,2025-10-30
709672,909820,236,2025-10-31,125.59,Paid,0,2025-10-31
709673,913377,340,2025-10-30,66.99,Paid,35,2025-12-04
709674,910611,259,2025-10-31,121.03,Paid,0,2025-10-31
709675,905692,145,2025-10-31,124.08,Paid,25,2025-11-25
709676,917798,410,2025-10-29,600.04,Paid,10,2025-11-08
709677,910831,267,2025-11-01,115.92,Paid,12,2025-11-13
709678,902352,55,2025-11-01,88.56,Paid,16,2025-11-17
709679,916997,33,2025-10-31,506.3,Paid,15,2025-11-15
709680,913888,351,2025-10-31,57.81,Paid,11,2025-11-11
709681,904617,118,2025-10-31,53.04,Paid,0,2025-10-31
709682,916030,399,2025-11-01,56.84,Paid,5,2025-11-06
709683,906256,158,2025-10-30,71.96,Paid,10,2025-11-09
709684,900416,11,2025-10-30,62.37,Paid,1,2025-10-31
709685,900992,27,2025-11-01,77.3,Paid,10,2025-11-11
709686,912389,313,2025-11-01,107.25,Paid,10,2025-11-11
709687,914267,359,2025-10-31,81.49,Paid,20,2025-11-20
709688,906593,167,2025-11-01,55.5,Paid,10,2025-11-11
709689,908629,207,2025-11-01,61.1,Paid,18,2025-11-19
709690,908448,204,2025-10-31,57.24,Paid,6,2025-11-06
709691,904719,120,2025-10-30,77.49,Paid,1,2025-10-31
709692,911803,295,2025-10-31,66.71,Paid,4,2025-11-04
709693,905876,148,2025-11-01,54.79,Paid,0,2025-11-01
709694,913836,350,2025-10-30,58.48,Paid,7,2025-11-06
709695,908845,212,2025-10-31,67.58,Paid,15,2025-11-15
709696,908107,197,2025-10-30,79.91,Paid,16,2025-11-15
709697,911907,299,2025-10-30,55.68,Paid,2,2025-11-01
709698,914604,367,2025-10-31,57.15,Paid,0,2025-10-31
709699,912075,304,2025-11-01,92.39,Paid,14,2025-11-15
709700,917734,383,2025-10-30,281.15,Paid,7,2025-11-06
709701,910167,248,2025-11-01,111.81,Paid,3,2025-11-04
709702,911157,279,2025-11-01,59.53,Paid,0,2025-11-01
709703,912543,317,2025-11-01,74.44,Paid,0,2025-11-01
709704,910077,246,2025-10-30,72.58,Paid,21,2025-11-20
709705,911580,289,2025-11-01,55.87,Paid,1,2025-11-02
709706,900171,4,2025-10-31,86.04,Paid,13,2025-11-13
709707,914502,365,2025-10-30,59.33,Paid,0,2025-10-30
709708,915609,390,2025-11-01,50.82,Paid,10,2025-11-11
709709,911427,286,2025-10-31,53.66,Paid,10,2025-11-10
709710,900769,19,2025-11-01,51.55,Paid,8,2025-11-09
709711,912455,314,2025-10-30,71.87,Paid,35,2025-12-04
709712,901228,31,2025-11-01,116.84,Paid,3,2025-11-04
709713,902542,61,2025-10-31,69.36,Paid,10,2025-11-10
709714,907437,184,2025-10-31,81.97,Paid,16,2025-11-16
709715,902871,70,2025-10-31,63.47,Paid,27,2025-11-27
709716,904305,110,2025-11-02,71.55,Paid,15,2025-11-17
709717,900311,9,2025-11-01,57.55,Paid,8,2025-11-09
709718,903324,85,2025-11-01,77.64,Paid,7,2025-11-08
709719,903561,92,2025-11-01,81.75,Paid,7,2025-11-08
709720,905145,132,2025-11-02,49.46,Paid,8,2025-11-10
709721,916582,413,2025-11-02,80.07,Paid,0,2025-11-02
709722,911699,293,2025-11-02,59.58,Paid,15,2025-11-17
709723,910403,252,2025-11-01,57.45,Paid,19,2025-11-20
709724,903507,88,2025-11-01,69.17,Paid,29,2025-11-30
709725,913243,336,2025-11-01,78.8,Paid,17,2025-11-18
709726,916891,420,2025-11-02,78.79,Paid,11,2025-11-13
709727,908290,200,2025-10-31,62.73,Paid,40,2025-12-10
709728,905810,147,2025-10-31,57.57,Paid,6,2025-11-06
709729,910884,268,2025-11-02,58.21,Paid,15,2025-11-17
709730,907702,190,2025-11-02,88.32,Paid,25,2025-11-27
709731,916951,16,2025-11-02,2241.12,Paid,1,2025-11-03
709732,914949,376,2025-10-31,78.18,Paid,12,2025-11-12
709733,903731,97,2025-11-02,74.17,Paid,5,2025-11-07
709734,915068,378,2025-10-31,114.94,Paid,0,2025-10-31
709735,908794,211,2025-11-01,69.19,Paid,16,2025-11-17
709736,906746,171,2025-11-02,78.37,Paid,5,2025-11-07
709737,917432,235,2025-10-31,383.64,Paid,12,2025-11-12
709738,912022,303,2025-10-31,72.74,Paid,7,2025-11-07
709739,902634,64,2025-10-31,72.59,Paid,12,2025-11-12
709740,902114,51,2025-11-01,63.78,Paid,14,2025-11-15
709741,900258,7,2025-10-31,58.39,Paid,17,2025-11-17
709742,912141,306,2025-11-01,58.45,Paid,7,2025-11-08
709743,914822,373,2025-11-01,55.16,Paid,3,2025-11-04
709744,901604,39,2025-11-01,58.53,Paid,0,2025-11-01
709745,909886,238,2025-11-02,56.27,Paid,9,2025-11-11
709746,901123,29,2025-11-01,92.03,Paid,21,2025-11-22
709747,913785,349,2025-10-31,133.11,Paid,11,2025-11-11
709748,909405,228,2025-11-02,77.44,Paid,20,2025-11-22
709749,910950,269,2025-11-01,57.02,Paid,8,2025-11-09
709750,900718,18,2025-11-02,57.67,Paid,0,2025-11-02
709751,909132,221,2025-11-02,121.87,Paid,7,2025-11-09
709752,910337,251,2025-11-01,55.68,Paid,0,2025-11-01
709753,901397,35,2025-11-02,56.49,Paid,9,2025-11-11
709754,915727,393,2025-10-31,78.82,Paid,4,2025-11-04
709755,914200,357,2025-11-01,81.22,Paid,10,2025-11-11
709756,907203,180,2025-11-02,91.7,Paid,28,2025-11-30
709757,901057,28,2025-11-01,56.8,Paid,6,2025-11-07
709758,900482,13,2025-11-03,54.37,Paid,1,2025-11-04
709759,907504,186,2025-11-03,55.01,Paid,10,2025-11-13
709760,915794,394,2025-11-02,66.8,Paid,2,2025-11-04
709761,901708,41,2025-11-02,58.53,Paid,0,2025-11-02
709762,911853,298,2025-11-02,52.94,Paid,0,2025-11-02
709763,902181,52,2025-11-01,123.06,Paid,9,2025-11-10
709764,917053,60,2025-11-02,499.69,Paid,1,2025-11-03
709765,902061,48,2025-11-02,52.41,Paid,8,2025-11-10
709766,906474,165,2025-11-01,58.49,Paid,4,2025-11-05
709767,912971,330,2025-11-03,53.17,Paid,11,2025-11-14
709768,911207,280,2025-11-01,62.34,Paid,1,2025-11-02
709769,903182,81,2025-11-02,94.24,Paid,17,2025-11-19
709770,900587,15,2025-11-02,56.66,Paid,1,2025-11-03
709771,913511,342,2025-11-01,61.21,Paid,0,2025-11-01
709772,904563,116,2025-11-02,56.29,Paid,4,2025-11-06
709773,905379,139,2025-11-02,62.68,Paid,2,2025-11-04
709774,906695,170,2025-11-01,82.16,Paid,21,2025-11-22
709775,914133,356,2025-11-03,78.42,Paid,18,2025-11-21
709776,907910,194,2025-11-03,53.02,Paid,0,2025-11-03
709777,905274,137,2025-11-01,86.51,Paid,9,2025-11-10
709778,913444,341,2025-11-02,55.14,Paid,12,2025-11-14
709779,917781,402,2025-11-02,398.93,Paid,18,2025-11-20
709780,910270,250,2025-11-01,83.79,Paid,3,2025-11-04
709781,916478,411,2025-11-01,110.08,Paid,0,2025-11-01
709782,905107,129,2025-11-02,79.41,Paid,6,2025-11-08
709783,913718,348,2025-11-02,56.43,Paid,14,2025-11-16
709784,913310,339,2025-11-03,57.7,Paid,8,2025-11-11
709785,914692,370,2025-11-01,71.33,Paid,4,2025-11-05
709786,903798,98,2025-11-01,57.13,Paid,10,2025-11-11
709787,910677,261,2025-11-02,64.78,Paid,10,2025-11-12
709788,914911,375,2025-11-02,55.85,Paid,9,2025-11-11
709789,902010,47,2025-11-03,58.94,Paid,19,2025-11-22
709790,908382,203,2025-11-03,81.67,Paid,0,2025-11-03
709791,901463,36,2025-11-03,70.36,Paid,7,2025-11-10
709792,911362,283,2025-11-02,114.33,Paid,0,2025-11-02
709793,905745,146,2025-11-03,58.65,Paid,3,2025-11-06
709794,911477,287,2025-11-03,54.14,Paid,8,2025-11-11
709795,915861,395,2025-11-02,58.58,Paid,14,2025-11-16
709796,905221,135,2025-11-02,54.78,Paid,1,2025-11-03
709797,917032,50,2025-11-04,425.74,Paid,11,2025-11-15
709798,907335,182,2025-11-03,54.78,Paid,0,2025-11-03
709799,908579,206,2025-11-04,56.75,Paid,20,2025-11-24
709800,903952,102,2025-11-03,66.98,Paid,26,2025-11-29
709801,909989,242,2025-11-02,75.26,Paid,12,2025-11-14
709802,906904,175,2025-11-04,94.28,Paid,22,2025-11-26
709803,914042,354,2025-11-03,54.94,Paid,16,2025-11-19
709804,916686,416,2025-11-02,85.0,Paid,14,2025-11-16
709805,902455,58,2025-11-03,64.85,Paid,12,2025-11-15
709806,911260,281,2025-11-02,59.6,Paid,0,2025-11-02
709807,909199,222,2025-11-02,81.84,Paid,9,2025-11-11
709808,912736,323,2025-11-04,61.37,Paid,27,2025-12-01
709809,905642,144,2025-11-03,61.08,Paid,11,2025-11-14
709810,905446,140,2025-11-03,56.49,Paid,3,2025-11-06
709811,912633,320,2025-11-02,77.15,Paid,1,2025-11-03
709812,907100,178,2025-11-04,53.25,Paid,0,2025-11-04
709813,905577,143,2025-11-02,55.13,Paid,0,2025-11-02
709814,909340,227,2025-11-03,60.95,Paid,31,2025-12-04
709815,913992,353,2025-11-03,57.17,Paid,6,2025-11-09
709816,908741,210,2025-11-04,52.54,Paid,3,2025-11-07
709817,917760,394,2025-11-04,517.62,Paid,31,2025-12-05
709818,903628,95,2025-11-04,90.6,Paid,29,2025-12-03
709819,916376,409,2025-11-04,78.87,Paid,5,2025-11-09
709820,906838,173,2025-11-03,73.56,Paid,0,2025-11-03
709821,916426,410,2025-11-03,89.95,Paid,23,2025-11-26
709822,908704,209,2025-11-02,54.83,Paid,18,2025-11-20
709823,901945,45,2025-11-04,55.38,Paid,0,2025-11-04
709824,911310,282,2025-11-03,121.67,Paid,0,2025-11-03
709825,907977,195,2025-11-03,57.24,Paid,0,2025-11-03
709826,907637,188,2025-11-03,65.68,Paid,20,2025-11-23
709827,909689,234,2025-11-04,52.72,Paid,2,2025-11-06
709828,904861,123,2025-11-05,57.28,Paid,3,2025-11-08
709829,913653,347,2025-11-03,56.75,Paid,9,2025-11-12
709830,917016,43,2025-11-04,372.11,Paid,12,2025-11-16
709831,906424,164,2025-11-04,57.1,Paid,2,2025-11-06
709832,901880,44,2025-11-05,60.71,Paid,9,2025-11-14
709833,913378,340,2025-11-03,70.39,Paid,26,2025-11-29
709834,904667,119,2025-11-04,58.55,Paid,9,2025-11-13
709835,906077,153,2025-11-03,78.65,Paid,6,2025-11-09
709836,917714,373,2025-11-04,2158.4,Paid,9,2025-11-13
709837,917244,143,2025-11-03,320.95,Paid,2,2025-11-05
709838,911633,290,2025-11-04,60.68,Paid,11,2025-11-15
709839,917491,267,2025-11-04,777.71,Paid,15,2025-11-19
709840,912840,328,2025-11-05,66.94,Paid,4,2025-11-09
709841,902581,62,2025-11-03,77.0,Paid,0,2025-11-03
709842,902403,57,2025-11-03,68.84,Paid,22,2025-11-25
709843,916774,418,2025-11-03,61.08,Paid,0,2025-11-03
709844,915186,381,2025-11-04,80.0,Paid,13,2025-11-17
709845,912787,324,2025-11-03,56.43,Paid,14,2025-11-17
709846,910470,254,2025-11-03,65.33,Paid,29,2025-12-02
709847,912323,312,2025-11-04,137.4,Paid,17,2025-11-21
709848,901656,40,2025-11-04,60.59,Paid,14,2025-11-18
709849,903457,87,2025-11-03,58.16,Paid,11,2025-11-14
709850,905512,142,2025-11-05,55.19,Paid,0,2025-11-05
709851,902249,53,2025-11-05,97.67,Paid,18,2025-11-23
709852,902739,66,2025-11-05,80.05,Paid,12,2025-11-17
709853,901814,43,2025-11-05,58.74,Paid,0,2025-11-05
709854,900926,25,2025-11-05,81.87,Paid,3,2025-11-08
709855,914731,371,2025-11-04,58.04,Paid,0,2025-11-04
709856,906370,163,2025-11-03,76.01,Paid,0,2025-11-03
709857,916311,408,2025-11-03,58.51,Paid,2,2025-11-05
709858,900873,22,2025-11-05,67.84,Paid,26,2025-12-01
709859,904514,115,2025-11-06,64.96,Paid,26,2025-12-02
709860,906002,151,2025-11-04,60.11,Paid,7,2025-11-11
709861,910559,256,2025-11-04,61.44,Paid,20,2025-11-24
709862,916998,33,2025-11-05,399.64,Paid,20,2025-11-25
709863,915559,389,2025-11-04,61.46,Paid,1,2025-11-05
709864,904202,107,2025-11-06,60.34,Paid,0,2025-11-06
709865,906970,176,2025-11-05,83.34,Paid,3,2025-11-08
709866,914436,363,2025-11-06,62.53,Paid,10,2025-11-16
709867,908515,205,2025-11-04,91.98,Paid,1,2025-11-05
709868,901514,37,2025-11-05,68.96,Paid,22,2025-11-27
709869,904005,103,2025-11-05,82.29,Paid,14,2025-11-19
709870,916208,404,2025-11-04,53.19,Paid,12,2025-11-16
709871,904928,124,2025-11-05,83.23,Paid,8,2025-11-13
709872,912907,329,2025-11-06,68.3,Paid,29,2025-12-05
709873,913939,352,2025-11-06,125.66,Paid,2,2025-11-08
709874,903903,100,2025-11-06,119.04,Paid,12,2025-11-18
709875,908174,198,2025-11-04,110.62,Paid,8,2025-11-12
709876,915135,379,2025-11-05,58.31,Paid,2,2025-11-07
709877,906529,166,2025-11-06,53.68,Paid,14,2025-11-20
709878,908240,199,2025-11-05,83.24,Paid,11,2025-11-16
709879,915003,377,2025-11-04,76.37,Paid,0,2025-11-04
709880,900032,1,2025-11-06,60.65,Paid,0,2025-11-06
709881,909586,232,2025-11-05,52.04,Paid,2,2025-11-07
709882,902806,69,2025-11-05,57.47,Paid,5,2025-11-10
709883,907151,179,2025-11-04,97.18,Paid,18,2025-11-22
709884,914080,355,2025-11-06,57.61,Paid,12,2025-11-18
709885,916827,419,2025-11-04,78.42,Paid,21,2025-11-25
709886,913037,331,2025-11-06,58.14,Paid,8,2025-11-14
709887,907572,187,2025-11-06,57.68,Paid,6,2025-11-12
709888,916258,406,2025-11-04,55.44,Paid,8,2025-11-12
709889,900363,10,2025-11-05,61.4,Paid,4,2025-11-09
709890,904372,111,2025-11-06,53.6,Paid,2,2025-11-08
709891,904137,105,2025-11-04,59.07,Paid,5,2025-11-09
709892,911018,270,2025-11-04,56.99,Paid,2,2025-11-06
709893,914334,361,2025-11-04,54.79,Paid,16,2025-11-20
709894,902938,71,2025-11-06,57.92,Paid,14,2025-11-20
709895,917075,70,2025-11-05,4187.24,Paid,33,2025-12-08
709896,909068,219,2025-11-04,65.95,Paid,18,2025-11-22
709897,915928,397,2025-11-06,57.65,Paid,3,2025-11-09
709898,909755,235,2025-11-05,59.13,Paid,3,2025-11-08
709899,911973,302,2025-11-06,114.83,Paid,0,2025-11-06
709900,912193,307,2025-11-06,58.02,Paid,3,2025-11-09
709901,906294,159,2025-11-06,95.52,Paid,15,2025-11-21
709902,917492,267,2025-11-05,674.57,Paid,2,2025-11-07
709903,908043,196,2025-11-07,56.3,Paid,15,2025-11-22
709904,915337,385,2025-11-07,83.11,Paid,6,2025-11-13
709905,906785,172,2025-11-07,56.28,Paid,10,2025-11-17
709906,916974,24,2025-11-05,554.16,Paid,12,2025-11-17
709907,915390,386,2025-11-05,52.35,Paid,7,2025-11-12
709908,916118,402,2025-11-07,65.93,Paid,18,2025-11-25
709909,908898,213,2025-11-06,105.16,Paid,15,2025-11-21
709910,903042,76,2025-11-06,58.63,Paid,0,2025-11-06
709911,900822,21,2025-11-06,87.85,Paid,19,2025-11-25
709912,904993,125,2025-11-06,75.54,Paid,6,2025-11-12
709913,911531,288,2025-11-06,57.79,Paid,23,2025-11-29
709914,913103,333,2025-11-07,71.3,Paid,0,2025-11-07
709915,917294,167,2025-11-06,313.53,Paid,13,2025-11-19
709916,917535,287,2025-11-07,3260.92,Paid,2,2025-11-09
709917,911751,294,2025-11-06,90.26,Paid,33,2025-12-09
709918,910612,259,2025-11-06,124.72,Paid,16,2025-11-22
709919,914655,368,2025-11-05,54.45,Paid,1,2025-11-06
709920,903092,77,2025-11-05,64.72,Paid,21,2025-11-26
709921,910782,266,2025-11-05,58.14,Paid,16,2025-11-21
709922,908964,215,2025-11-07,116.78,Paid,11,2025-11-18
709923,907035,177,2025-11-05,60.17,Paid,0,2025-11-05
709924,903391,86,2025-11-06,65.2,Paid,7,2025-11-13
709925,917588,313,2025-11-06,5915.49,Paid,9,2025-11-15
709926,904071,104,2025-11-06,62.5,Paid,3,2025-11-09
709927,901332,34,2025-11-06,67.38,Paid,19,2025-11-25
709928,907271,181,2025-11-05,56.56,Paid,7,2025-11-12
709929,909821,236,2025-11-07,121.2,Paid,0,2025-11-07
709930,900654,16,2025-11-06,56.31,Paid,0,2025-11-06
709931,915456,387,2025-11-06,69.7,Paid,29,2025-12-05
709932,901760,42,2025-11-05,76.26,Paid,4,2025-11-09
709933,915662,391,2025-11-06,70.38,Paid,24,2025-11-30
709934,906207,157,2025-11-05,54.58,Paid,8,2025-11-13
709935,917054,60,2025-11-05,3351.87,Paid,5,2025-11-10
709936,904252,109,2025-11-06,57.08,Paid,1,2025-11-07
709937,905184,133,2025-11-08,55.14,Paid,10,2025-11-18
709938,913889,351,2025-11-06,58.61,Paid,24,2025-11-30
709939,916943,14,2025-11-07,7687.82,Paid,21,2025-11-28
709940,914605,367,2025-11-07,51.37,Paid,18,2025-11-25
709941,911804,295,2025-11-08,69.97,Paid,22,2025-11-30
709942,912390,313,2025-11-08,110.84,Paid,7,2025-11-15
709943,904770,121,2025-11-08,71.42,Paid,21,2025-11-29
709944,905058,126,2025-11-08,77.93,Paid,11,2025-11-19
709945,901229,31,2025-11-07,117.14,Paid,6,2025-11-13
709946,904720,120,2025-11-07,76.35,Paid,0,2025-11-07
709947,900172,4,2025-11-08,76.47,Paid,19,2025-11-27
709948,900082,2,2025-11-06,57.47,Paid,0,2025-11-06
709949,905877,148,2025-11-08,60.88,Paid,0,2025-11-08
709950,914503,365,2025-11-06,57.06,Paid,2,2025-11-08
709951,908449,204,2025-11-08,59.97,Paid,0,2025-11-08
709952,900993,27,2025-11-06,77.76,Paid,11,2025-11-17
709953,917397,219,2025-11-07,753.4,Paid,17,2025-11-24
709954,912076,304,2025-11-07,93.83,Paid,30,2025-12-07
709955,900417,11,2025-11-08,55.93,Paid,9,2025-11-17
709956,902353,55,2025-11-07,95.37,Paid,18,2025-11-25
709957,910168,248,2025-11-07,125.98,Paid,20,2025-11-27
709958,910521,255,2025-11-07,58.75,Paid,0,2025-11-07
709959,911428,286,2025-11-07,61.01,Paid,25,2025-12-02
709960,904618,118,2025-11-06,56.56,Paid,13,2025-11-19
709961,916031,399,2025-11-08,59.74,Paid,7,2025-11-15
709962,917768,397,2025-11-07,346.76,Paid,16,2025-11-23
709963,916996,33,2025-11-06,287.49,Paid,1,2025-11-07
709964,917488,262,2025-11-07,2996.91,Paid,32,2025-12-09
709965,906594,167,2025-11-07,56.4,Paid,8,2025-11-15
709966,909288,226,2025-11-06,81.05,Paid,13,2025-11-19
709967,912506,316,2025-11-07,120.49,Paid,8,2025-11-15
709968,911908,299,2025-11-08,56.17,Paid,7,2025-11-15
709969,911158,279,2025-11-07,58.91,Paid,8,2025-11-15
709970,912456,314,2025-11-06,69.69,Paid,17,2025-11-23
709971,904461,114,2025-11-07,69.62,Paid,39,2025-12-16
709972,901605,39,2025-11-08,56.27,Paid,7,2025-11-15
709973,914384,362,2025-11-09,55.65,Paid,22,2025-12-01
709974,917265,155,2025-11-08,340.45,Paid,0,2025-11-08
709975,913244,336,2025-11-08,80.44,Paid,7,2025-11-15
709976,914201,357,2025-11-07,74.6,Paid,14,2025-11-21
709977,910404,252,2025-11-09,58.01,Paid,9,2025-11-18
709978,901552,38,2025-11-09,57.29,Paid,6,2025-11-15
709979,903562,92,2025-11-07,77.88,Paid,5,2025-11-12
709980,914769,372,2025-11-09,121.96,Paid,3,2025-11-12
709981,910338,251,2025-11-09,59.13,Paid,0,2025-11-09
709982,908108,197,2025-11-08,81.16,Paid,10,2025-11-18
709983,912142,306,2025-11-09,58.52,Paid,19,2025-11-28
709984,903732,97,2025-11-08,78.03,Paid,7,2025-11-15
709985,909133,221,2025-11-09,110.07,Paid,10,2025-11-19
709986,910885,268,2025-11-08,60.13,Paid,9,2025-11-17
709987,904808,122,2025-11-09,96.92,Paid,21,2025-11-30
709988,901124,29,2025-11-08,86.98,Paid,23,2025-12-01
709989,909887,238,2025-11-08,60.21,Paid,0,2025-11-08
709990,902635,64,2025-11-07,79.52,Paid,0,2025-11-07
709991,902115,51,2025-11-08,62.11,Paid,25,2025-12-03
709992,915728,393,2025-11-07,79.69,Paid,0,2025-11-07
709993,903325,85,2025-11-07,75.79,Paid,0,2025-11-07
709994,907204,180,2025-11-07,75.17,Paid,7,2025-11-14
709995,914823,373,2025-11-08,55.15,Paid,9,2025-11-17
709996,908795,211,2025-11-09,66.73,Paid,17,2025-11-26
709997,901279,32,2025-11-09,62.51,Paid,0,2025-11-09
709998,903234,83,2025-11-08,57.8,Paid,8,2025-11-16
709999,901398,35,2025-11-08,57.94,Paid,0,2025-11-08
710000,916583,413,2025-11-09,80.93,Paid,14,2025-11-23
710001,900312,9,2025-11-08,52.61,Paid,3,2025-11-11
710002,902872,70,2025-11-07,67.53,Paid,15,2025-11-22
710003,907769,191,2025-11-08,122.94,Paid,0,2025-11-08
710004,915069,378,2025-11-09,122.99,Paid,16,2025-11-25
710005,908329,201,2025-11-08,56.05,Paid,5,2025-11-13
710006,917563,301,2025-11-07,467.4,Paid,4,2025-11-11
710007,913786,349,2025-11-08,117.49,Paid,14,2025-11-22
710008,907438,184,2025-11-09,88.6,Paid,0,2025-11-09
710009,904306,110,2025-11-08,65.5,Paid,27,2025-12-05
710010,900719,18,2025-11-08,53.14,Paid,17,2025-11-25
710011,911700,293,2025-11-08,62.71,Paid,3,2025-11-11
710012,905811,147,2025-11-08,56.2,Paid,0,2025-11-08
710013,909406,228,2025-11-08,82.87,Paid,0,2025-11-08
710014,906332,161,2025-11-07,61.72,Paid,0,2025-11-07
710015,906696,170,2025-11-10,72.15,Paid,14,2025-11-24
710016,913719,348,2025-11-08,58.68,Paid,25,2025-12-03
710017,902011,47,2025-11-08,61.75,Paid,0,2025-11-08
710018,907505,186,2025-11-10,57.56,Paid,0,2025-11-10
710019,903183,81,2025-11-08,92.94,Paid,14,2025-11-22
710020,917096,77,2025-11-09,496.89,Paid,15,2025-11-24
710021,902988,72,2025-11-08,82.97,Paid,3,2025-11-11
710022,906839,173,2025-11-10,84.87,Paid,10,2025-11-20
710023,910271,250,2025-11-09,77.49,Paid,3,2025-11-12
710024,910115,247,2025-11-10,69.26,Paid,25,2025-12-05
710025,903272,84,2025-11-10,58.28,Paid,8,2025-11-18
710026,910678,261,2025-11-10,56.44,Paid,6,2025-11-16
710027,916530,412,2025-11-10,73.54,Paid,13,2025-11-23
710028,914268,359,2025-11-09,81.85,Paid,0,2025-11-09
710029,910729,262,2025-11-10,70.59,Paid,25,2025-12-05
710030,905380,139,2025-11-10,54.2,Paid,0,2025-11-10
710031,901709,41,2025-11-09,53.01,Paid,7,2025-11-16
710032,901175,30,2025-11-08,59.09,Paid,14,2025-11-22
710033,905275,137,2025-11-09,79.93,Paid,9,2025-11-18
710034,909636,233,2025-11-08,68.57,Paid,0,2025-11-08
710035,913445,341,2025-11-09,58.54,Paid,7,2025-11-16
710036,912972,330,2025-11-09,59.44,Paid,13,2025-11-22
710037,909533,231,2025-11-09,78.0,Paid,7,2025-11-16
710038,909495,230,2025-11-10,120.46,Paid,0,2025-11-10
710039,913311,339,2025-11-10,54.65,Paid,4,2025-11-14
710040,900588,15,2025-11-09,57.9,Paid,13,2025-11-22
710041,916479,411,2025-11-09,120.61,Paid,13,2025-11-22
710042,917762,395,2025-11-10,320.82,Paid,0,2025-11-10
710043,907911,194,2025-11-08,57.65,Paid,11,2025-11-19
710044,910218,249,2025-11-08,80.81,Paid,1,2025-11-09
710045,900483,13,2025-11-09,49.67,Paid,4,2025-11-13
710046,915795,394,2025-11-08,66.09,Paid,20,2025-11-28
710047,912269,309,2025-11-08,64.44,Paid,0,2025-11-08
710048,902686,65,2025-11-11,57.25,Paid,20,2025-12-01
710049,915862,395,2025-11-11,52.31,Paid,0,2025-11-11
710050,910951,269,2025-11-09,58.44,Paid,0,2025-11-09
710051,909990,242,2025-11-11,82.76,Paid,0,2025-11-11
710052,912684,322,2025-11-09,112.99,Paid,18,2025-11-27
710053,912737,323,2025-11-10,72.05,Paid,24,2025-12-04
710054,905746,146,2025-11-11,55.2,Paid,11,2025-11-22
710055,914134,356,2025-11-09,80.42,Paid,8,2025-11-17
710056,901058,28,2025-11-10,57.72,Paid,0,2025-11-10
710057,908667,208,2025-11-11,127.42,Paid,3,2025-11-14
710058,908241,199,2025-11-11,79.09,Paid,14,2025-11-25
710059,915978,398,2025-11-11,63.99,Paid,7,2025-11-18
710060,905326,138,2025-11-09,55.47,Paid,7,2025-11-16
710061,913038,331,2025-11-10,60.03,Paid,9,2025-11-19
710062,902456,58,2025-11-10,64.87,Paid,14,2025-11-24
710063,915224,382,2025-11-10,67.23,Paid,17,2025-11-27
710064,916687,416,2025-11-09,82.43,Paid,11,2025-11-20
710065,912634,320,2025-11-10,82.01,Paid,22,2025-12-02
710066,909200,222,2025-11-10,77.24,Paid,14,2025-11-24
710067,906115,155,2025-11-10,60.59,Paid,0,2025-11-10
710068,905578,143,2025-11-10,60.59,Paid,0,2025-11-10
710069,901464,36,2025-11-09,82.42,Paid,15,2025-11-24
710070,909250,225,2025-11-10,59.3,Paid,13,2025-11-23
710071,917050,58,2025-11-11,5522.41,Paid,7,2025-11-18
710072,909457,229,2025-11-09,60.77,Paid,4,2025-11-13
710073,903629,95,2025-11-11,87.54,Paid,37,2025-12-18
710074,907819,192,2025-11-10,116.36,Paid,3,2025-11-13
710075,912231,308,2025-11-11,56.11,Paid,3,2025-11-14
710076,916377,409,2025-11-10,78.35,Paid,0,2025-11-10
710077,910040,245,2025-11-11,75.42,Paid,9,2025-11-20
710078,909341,227,2025-11-11,61.93,Paid,7,2025-11-18
710079,911261,281,2025-11-11,56.9,Paid,21,2025-12-02
710080,914874,374,2025-11-11,77.19,Paid,30,2025-12-11
710081,908383,203,2025-11-09,82.5,Paid,3,2025-11-12
710082,907703,190,2025-11-09,90.93,Paid,21,2025-11-30
710083,905927,149,2025-11-10,53.05,Paid,0,2025-11-10
710084,907101,178,2025-11-10,59.91,Paid,4,2025-11-14
710085,913993,353,2025-11-11,57.1,Paid,15,2025-11-26
710086,914437,363,2025-11-11,57.43,Paid,10,2025-11-21
710087,915299,384,2025-11-11,69.33,Paid,7,2025-11-18
710088,908580,206,2025-11-09,57.86,Paid,10,2025-11-19
710089,904423,113,2025-11-09,58.43,Paid,20,2025-11-29
710090,906905,175,2025-11-11,94.28,Paid,22,2025-12-03
710091,916892,420,2025-11-11,78.09,Paid,0,2025-11-11
710092,905447,140,2025-11-10,55.72,Paid,8,2025-11-18
710093,907336,182,2025-11-10,61.3,Paid,4,2025-11-14
710094,916634,414,2025-11-11,58.27,Paid,24,2025-12-05
710095,905643,144,2025-11-11,58.64,Paid,0,2025-11-11
710096,901946,45,2025-11-10,60.97,Paid,18,2025-11-28
710097,911363,283,2025-11-11,119.16,Paid,3,2025-11-14
710098,900823,21,2025-11-10,93.85,Paid,23,2025-12-03
710099,913153,334,2025-11-10,59.28,Paid,6,2025-11-16
710100,913379,340,2025-11-12,68.67,Paid,14,2025-11-26
710101,903799,98,2025-11-12,52.57,Paid,15,2025-11-27
710102,915136,379,2025-11-11,58.39,Paid,14,2025-11-25
710103,908175,198,2025-11-12,118.1,Paid,6,2025-11-18
710104,906425,164,2025-11-12,60.04,Paid,3,2025-11-15
710105,912324,312,2025-11-11,121.99,Paid,24,2025-12-05
710106,904006,103,2025-11-10,72.95,Paid,0,2025-11-10
710107,901815,43,2025-11-11,59.44,Paid,5,2025-11-16
710108,903458,87,2025-11-12,53.16,Paid,8,2025-11-20
710109,903392,86,2025-11-10,56.22,Paid,7,2025-11-17
710110,911634,290,2025-11-10,58.19,Paid,0,2025-11-10
710111,913600,345,2025-11-11,53.67,Paid,4,2025-11-15
710112,904862,123,2025-11-10,54.91,Paid,2,2025-11-12
710113,909690,234,2025-11-12,59.61,Paid,2,2025-11-14
710114,913654,347,2025-11-12,50.96,Paid,3,2025-11-15
710115,915560,389,2025-11-10,58.42,Paid,5,2025-11-15
710116,905513,142,2025-11-10,58.1,Paid,6,2025-11-16
710117,902182,52,2025-11-10,121.89,Paid,17,2025-11-27
710118,900534,14,2025-11-12,72.74,Paid,24,2025-12-06
710119,910471,254,2025-11-12,66.81,Paid,24,2025-12-06
710120,902740,66,2025-11-12,80.0,Paid,8,2025-11-20
710121,907638,188,2025-11-11,69.15,Paid,19,2025-11-30
710122,907857,193,2025-11-12,55.26,Paid,11,2025-11-23
710123,917271,159,2025-11-11,653.87,Paid,13,2025-11-24
710124,904373,111,2025-11-10,59.77,Paid,3,2025-11-13
710125,902250,53,2025-11-11,88.24,Paid,34,2025-12-15
710126,907978,195,2025-11-12,59.56,Paid,3,2025-11-15
710127,913512,342,2025-11-12,59.5,Paid,11,2025-11-23
710128,906153,156,2025-11-11,57.01,Paid,0,2025-11-11
710129,916312,408,2025-11-11,60.47,Paid,4,2025-11-15
710130,901881,44,2025-11-11,57.38,Paid,13,2025-11-24
710131,904203,107,2025-11-13,60.63,Paid,5,2025-11-18
710132,906644,169,2025-11-13,73.64,Paid,23,2025-12-06
710133,914335,361,2025-11-11,52.35,Paid,12,2025-11-23
710134,917616,325,2025-11-11,481.62,Paid,0,2025-11-11
710135,908516,205,2025-11-11,69.17,Paid,12,2025-11-23
710136,904138,105,2025-11-12,55.9,Paid,0,2025-11-12
710137,911019,270,2025-11-11,53.2,Paid,0,2025-11-11
710138,909587,232,2025-11-12,56.4,Paid,0,2025-11-12
710139,903904,100,2025-11-13,125.66,Paid,2,2025-11-15
710140,909938,241,2025-11-12,56.85,Paid,7,2025-11-19
710141,909756,235,2025-11-12,61.47,Paid,3,2025-11-15
710142,916964,21,2025-11-11,639.37,Paid,25,2025-12-06
710143,904515,115,2025-11-12,70.68,Paid,21,2025-12-03
710144,915004,377,2025-11-13,82.97,Paid,0,2025-11-13
710145,912581,318,2025-11-13,58.4,Paid,9,2025-11-22
710146,900033,1,2025-11-12,57.49,Paid,20,2025-12-02
710147,916737,417,2025-11-12,56.21,Paid,1,2025-11-13
710148,914553,366,2025-11-13,82.81,Paid,16,2025-11-29
710149,909014,216,2025-11-11,60.72,Paid,0,2025-11-11
710150,913191,335,2025-11-13,60.88,Paid,0,2025-11-13
710151,911068,274,2025-11-12,78.07,Paid,12,2025-11-24
710152,916939,13,2025-11-13,2071.97,Paid,9,2025-11-22
710153,907573,187,2025-11-11,58.21,Paid,8,2025-11-19
710154,902939,71,2025-11-12,56.39,Paid,0,2025-11-12
710155,916209,404,2025-11-11,56.69,Paid,2,2025-11-13
710156,909069,219,2025-11-11,66.34,Paid,6,2025-11-17
710157,915506,388,2025-11-13,58.52,Paid,0,2025-11-13
710158,913563,343,2025-11-11,77.31,Paid,3,2025-11-14
710159,906971,176,2025-11-11,79.05,Paid,4,2025-11-15
710160,902506,60,2025-11-11,58.15,Paid,10,2025-11-21
710161,915929,397,2025-11-12,58.56,Paid,0,2025-11-12
710162,916828,419,2025-11-12,73.64,Paid,18,2025-11-30
710163,906530,166,2025-11-11,59.63,Paid,17,2025-11-28
710164,912908,329,2025-11-13,71.09,Paid,11,2025-11-24
710165,902807,69,2025-11-11,57.56,Paid,1,2025-11-12
710166,904929,124,2025-11-13,78.99,Paid,7,2025-11-20
710167,915457,387,2025-11-12,65.52,Paid,8,2025-11-20
710168,902300,54,2025-11-13,50.71,Paid,16,2025-11-29
710169,910783,266,2025-11-13,57.79,Paid,13,2025-11-26
710170,905693,145,2025-11-12,123.32,Paid,12,2025-11-24
710171,908899,213,2025-11-14,126.58,Paid,12,2025-11-26
710172,911974,302,2025-11-14,118.03,Paid,0,2025-11-14
710173,917559,298,2025-11-12,279.44,Paid,4,2025-11-16
710174,907386,183,2025-11-12,74.5,Paid,0,2025-11-12
710175,911532,288,2025-11-14,60.78,Paid,7,2025-11-21
710176,913104,333,2025-11-12,80.88,Paid,7,2025-11-19
710177,903850,99,2025-11-13,75.1,Paid,23,2025-12-06
710178,908044,196,2025-11-12,55.94,Paid,8,2025-11-20
710179,905965,150,2025-11-14,62.91,Paid,1,2025-11-15
710180,910613,259,2025-11-14,129.5,Paid,18,2025-12-02
710181,915663,391,2025-11-13,62.58,Paid,12,2025-11-25
710182,907770,191,2025-11-14,112.56,Paid,4,2025-11-18
710183,903679,96,2025-11-12,54.24,Paid,1,2025-11-13
710184,907272,181,2025-11-14,55.66,Paid,4,2025-11-18
710185,903043,76,2025-11-14,58.1,Paid,9,2025-11-23
710186,915391,386,2025-11-14,54.83,Paid,24,2025-12-08
710187,907036,177,2025-11-14,60.55,Paid,0,2025-11-14
710188,900120,3,2025-11-14,72.32,Paid,12,2025-11-26
710189,915262,383,2025-11-13,57.33,Paid,19,2025-12-02
710190,904994,125,2025-11-12,78.28,Paid,5,2025-11-17
710191,912841,328,2025-11-13,73.41,Paid,20,2025-12-03
710192,900655,16,2025-11-14,55.23,Paid,9,2025-11-23
710193,900222,6,2025-11-12,60.76,Paid,22,2025-12-04
710194,911105,275,2025-11-13,62.51,Paid,0,2025-11-13
710195,906040,152,2025-11-14,63.89,Paid,15,2025-11-29
710196,906208,157,2025-11-13,60.08,Paid,3,2025-11-16
710197,904072,104,2025-11-12,57.7,Paid,12,2025-11-24
710198,916081,401,2025-11-14,55.78,Paid,2,2025-11-16
710199,903130,79,2025-11-13,51.26,Paid,9,2025-11-22
710200,901333,34,2025-11-13,67.46,Paid,26,2025-12-09
710201,908965,215,2025-11-13,119.39,Paid,10,2025-11-23
710202,905059,126,2025-11-13,79.96,Paid,13,2025-11-26
710203,909822,236,2025-11-12,119.41,Paid,9,2025-11-21
710204,900927,25,2025-11-13,86.69,Paid,0,2025-11-13
710205,916156,403,2025-11-13,73.81,Paid,16,2025-11-29
710206,914269,359,2025-11-15,77.62,Paid,25,2025-12-10
710207,914504,365,2025-11-15,53.75,Paid,7,2025-11-22
710208,901230,31,2025-11-15,119.67,Paid,12,2025-11-27
710209,908846,212,2025-11-15,64.13,Paid,25,2025-12-10
710210,908109,197,2025-11-15,80.47,Paid,14,2025-11-29
710211,915610,390,2025-11-15,51.33,Paid,12,2025-11-27
710212,912077,304,2025-11-15,86.82,Paid,10,2025-11-25
710213,906257,158,2025-11-13,63.09,Paid,18,2025-12-01
710214,914606,367,2025-11-14,58.06,Paid,6,2025-11-20
710215,911581,289,2025-11-15,60.5,Paid,5,2025-11-20
710216,900173,4,2025-11-14,81.03,Paid,0,2025-11-14
710217,904721,120,2025-11-13,76.63,Paid,5,2025-11-18
710218,906595,167,2025-11-13,59.4,Paid,12,2025-11-25
710219,912544,317,2025-11-13,82.69,Paid,15,2025-11-28
710220,911429,286,2025-11-14,53.36,Paid,0,2025-11-14
710221,917212,130,2025-11-15,463.56,Paid,24,2025-12-09
710222,908450,204,2025-11-13,61.04,Paid,3,2025-11-16
710223,913890,351,2025-11-13,60.6,Paid,17,2025-11-30
710224,913837,350,2025-11-13,58.02,Paid,10,2025-11-23
710225,912457,314,2025-11-15,63.04,Paid,24,2025-12-09
710226,910078,246,2025-11-14,69.62,Paid,15,2025-11-29
710227,902354,55,2025-11-14,95.38,Paid,23,2025-12-07
710228,905878,148,2025-11-13,58.09,Paid,1,2025-11-14
710229,910169,248,2025-11-14,105.83,Paid,5,2025-11-19
710230,900770,19,2025-11-14,59.83,Paid,2,2025-11-16
710231,910832,267,2025-11-15,111.1,Paid,10,2025-11-25
710232,912391,313,2025-11-13,104.96,Paid,10,2025-11-23
710233,900994,27,2025-11-14,84.82,Paid,8,2025-11-22
710234,908630,207,2025-11-13,70.52,Paid,22,2025-12-05
710235,900418,11,2025-11-15,65.79,Paid,0,2025-11-15
710236,917428,234,2025-11-14,414.97,Paid,12,2025-11-26
710237,911159,279,2025-11-13,57.91,Paid,7,2025-11-20
710238,911805,295,2025-11-13,65.31,Paid,19,2025-12-02
710239,904619,118,2025-11-13,54.79,Paid,6,2025-11-19
710240,917221,134,2025-11-15,229.1,Paid,8,2025-11-23
710241,911909,299,2025-11-13,60.63,Paid,6,2025-11-19
710242,916032,399,2025-11-15,56.96,Paid,19,2025-12-04
710243,900720,18,2025-11-14,56.43,Paid,7,2025-11-21
710244,907704,190,2025-11-14,93.73,Paid,12,2025-11-26
710245,910886,268,2025-11-16,58.17,Paid,12,2025-11-28
710246,901606,39,2025-11-14,60.5,Paid,5,2025-11-19
710247,902636,64,2025-11-15,76.44,Paid,4,2025-11-19
710248,903733,97,2025-11-14,79.0,Paid,9,2025-11-23
710249,902116,51,2025-11-16,67.47,Paid,19,2025-12-05
710250,909407,228,2025-11-15,72.99,Paid,17,2025-12-02
710251,913245,336,2025-11-15,85.84,Paid,0,2025-11-15
710252,902543,61,2025-11-14,67.23,Paid,24,2025-12-08
710253,906747,171,2025-11-15,78.29,Paid,8,2025-11-23
710254,907439,184,2025-11-16,77.03,Paid,2,2025-11-18
710255,910952,269,2025-11-15,61.51,Paid,0,2025-11-15
710256,910405,252,2025-11-15,58.3,Paid,4,2025-11-19
710257,915729,393,2025-11-16,78.46,Paid,12,2025-11-28
710258,901399,35,2025-11-14,56.6,Paid,14,2025-11-28
710259,900313,9,2025-11-16,61.06,Paid,12,2025-11-28
710260,908796,211,2025-11-15,71.31,Paid,33,2025-12-18
710261,903326,85,2025-11-15,79.86,Paid,10,2025-11-25
710262,917525,283,2025-11-14,606.72,Paid,6,2025-11-20
710263,908291,200,2025-11-16,59.69,Paid,26,2025-12-12
710264,911701,293,2025-11-15,56.9,Paid,15,2025-11-30
710265,901125,29,2025-11-14,94.02,Paid,23,2025-12-07
710266,916584,413,2025-11-16,78.49,Paid,3,2025-11-19
710267,903508,88,2025-11-16,69.84,Paid,11,2025-11-27
710268,902873,70,2025-11-14,70.34,Paid,12,2025-11-26
710269,904307,110,2025-11-15,67.49,Paid,19,2025-12-04
710270,900259,7,2025-11-15,54.53,Paid,10,2025-11-25
710271,914202,357,2025-11-16,73.36,Paid,0,2025-11-16
710272,905812,147,2025-11-16,58.53,Paid,15,2025-12-01
710273,916893,420,2025-11-15,80.19,Paid,6,2025-11-21
710274,914950,376,2025-11-16,83.22,Paid,17,2025-12-03
710275,917312,173,2025-11-16,474.01,Paid,5,2025-11-21
710276,907205,180,2025-11-15,78.69,Paid,19,2025-12-04
710277,909134,221,2025-11-16,107.36,Paid,4,2025-11-20
710278,912023,303,2025-11-14,73.39,Paid,20,2025-12-04
710279,905146,132,2025-11-14,56.18,Paid,7,2025-11-21
710280,915070,378,2025-11-15,126.25,Paid,19,2025-12-04
710281,903563,92,2025-11-14,81.54,Paid,13,2025-11-27
710282,913312,339,2025-11-17,58.44,Paid,2,2025-11-19
710283,910679,261,2025-11-17,56.17,Paid,18,2025-12-05
710284,902183,52,2025-11-16,118.11,Paid,7,2025-11-23
710285,907912,194,2025-11-17,59.35,Paid,2,2025-11-19
710286,905108,129,2025-11-17,82.84,Paid,10,2025-11-27
710287,911854,298,2025-11-15,58.13,Paid,0,2025-11-15
710288,907506,186,2025-11-16,55.44,Paid,0,2025-11-16
710289,914912,375,2025-11-17,54.69,Paid,15,2025-12-02
710290,906697,170,2025-11-16,78.94,Paid,6,2025-11-22
710291,916480,411,2025-11-15,101.02,Paid,0,2025-11-15
710292,902012,47,2025-11-16,52.76,Paid,19,2025-12-05
710293,914824,373,2025-11-17,59.02,Paid,9,2025-11-26
710294,901710,41,2025-11-15,60.02,Paid,0,2025-11-15
710295,902062,48,2025-11-16,61.91,Paid,0,2025-11-16
710296,903184,81,2025-11-16,96.45,Paid,16,2025-12-02
710297,905276,137,2025-11-17,83.04,Paid,0,2025-11-17
710298,904564,116,2025-11-16,57.93,Paid,4,2025-11-20
710299,905381,139,2025-11-15,56.01,Paid,1,2025-11-16
710300,913513,342,2025-11-17,57.18,Paid,9,2025-11-26
710301,914693,370,2025-11-17,79.77,Paid,15,2025-12-02
710302,913720,348,2025-11-16,57.35,Paid,7,2025-11-23
710303,916972,23,2025-11-17,333.67,Paid,0,2025-11-17
710304,903800,98,2025-11-16,59.06,Paid,0,2025-11-16
710305,912973,330,2025-11-16,60.36,Paid,0,2025-11-16
710306,911208,280,2025-11-17,59.54,Paid,10,2025-11-27
710307,914135,356,2025-11-15,74.17,Paid,2,2025-11-17
710308,917078,70,2025-11-16,486.64,Paid,22,2025-12-08
710309,917084,72,2025-11-16,6541.92,Paid,8,2025-11-24
710310,915796,394,2025-11-16,72.56,Paid,34,2025-12-20
710311,900589,15,2025-11-15,59.71,Paid,0,2025-11-15
710312,917040,53,2025-11-17,784.76,Paid,13,2025-11-30
710313,910272,250,2025-11-15,78.23,Paid,0,2025-11-15
710314,909888,238,2025-11-15,58.81,Paid,12,2025-11-27
710315,906475,165,2025-11-16,57.35,Paid,10,2025-11-26
710316,906840,173,2025-11-17,77.2,Paid,0,2025-11-17
710317,917704,368,2025-11-16,6898.71,Paid,13,2025-11-29
710318,913787,349,2025-11-16,117.79,Paid,11,2025-11-27
710319,917449,244,2025-11-15,297.66,Paid,4,2025-11-19
710320,913446,341,2025-11-15,56.91,Paid,6,2025-11-21
710321,900484,13,2025-11-15,56.99,Paid,4,2025-11-19
710322,910339,251,2025-11-17,56.77,Paid,14,2025-12-01
710323,917779,399,2025-11-17,2886.06,Paid,22,2025-12-09
710324,901059,28,2025-11-16,53.57,Paid,18,2025-12-04
710325,912143,306,2025-11-18,57.83,Paid,12,2025-11-30
710326,917421,232,2025-11-18,483.71,Paid,17,2025-12-05
710327,917396,218,2025-11-18,4056.79,Paid,0,2025-11-18
710328,916946,15,2025-11-19,623.24,Paid,13,2025-12-02
710329,917331,181,2025-11-19,432.83,Paid,7,2025-11-26
710330,917076,70,2025-11-18,3255.34,Paid,13,2025-12-01
710331,917479,260,2025-11-18,514.37,Paid,5,2025-11-23
710332,917558,298,2025-11-18,2689.87,Paid,5,2025-11-23
710333,917455,247,2025-11-18,761.28,Paid,31,2025-12-19
710334,917494,268,2025-11-22,349.87,Paid,10,2025-12-02
710335,917395,217,2025-11-20,687.38,Paid,18,2025-12-08
710336,917587,313,2025-11-21,418.65,Paid,0,2025-11-21
710337,917507,274,2025-11-21,451.88,Paid,13,2025-12-04
710338,917513,277,2025-11-23,328.75,Paid,6,2025-11-29
710339,917810,416,2025-11-21,418.71,Paid,2,2025-11-23
710340,917519,280,2025-11-23,304.21,Paid,6,2025-11-29
710341,917716,374,2025-11-21,604.0,Paid,0,2025-11-21
710342,917603,320,2025-11-23,881.6,Paid,4,2025-11-27
710343,917238,140,2025-11-22,383.88,Paid,4,2025-11-26
710344,917014,43,2025-11-22,373.38,Paid,10,2025-12-02
710345,917773,398,2025-11-24,490.21,Paid,3,2025-11-27
710346,917470,255,2025-11-25,247.69,Paid,6,2025-12-01
710347,917198,124,2025-11-25,394.87,Paid,9,2025-12-04
710348,917296,169,2025-11-24,6804.4,Paid,20,2025-12-14
710349,917006,37,2025-11-24,365.29,Paid,25,2025-12-19
710350,917114,84,2025-11-24,1797.37,Paid,6,2025-11-30
710351,917143,100,2025-11-25,706.56,Paid,4,2025-11-29
710352,917639,337,2025-11-25,3903.75,Paid,18,2025-12-13
710353,917490,266,2025-11-27,393.6,Paid,3,2025-11-30
710354,917191,120,2025-11-25,4382.96,Paid,7,2025-12-02
710355,917013,42,2025-11-26,3063.06,Paid,4,2025-11-30
710356,917067,66,2025-11-27,884.06,Paid,8,2025-12-05
710357,917200,124,2025-11-26,892.42,Paid,3,2025-11-29
710358,917668,351,2025-11-27,395.64,Paid,13,2025-12-10
710359,917205,126,2025-11-28,509.58,Paid,7,2025-12-05
710360,917116,86,2025-11-29,1915.76,Paid,7,2025-12-06
710361,917141,99,2025-11-30,630.67,Paid,12,2025-12-12
710362,917036,53,2025-12-01,519.88,Paid,20,2025-12-21
710363,917273,159,2025-11-30,5346.28,Paid,18,2025-12-18
710364,917711,373,2025-11-30,502.34,Paid,14,2025-12-14
710365,917613,323,2025-12-04,553.03,Paid,33,2026-01-06
710366,917353,194,2025-12-04,213.64,Paid,0,2025-12-04
710367,917526,283,2025-12-03,590.82,Paid,7,2025-12-10
710368,917555,297,2025-12-05,607.27,Paid,34,2026-01-08
710369,917574,307,2025-12-06,368.91,Paid,12,2025-12-18
710370,917737,385,2025-12-05,395.97,Paid,4,2025-12-09
710371,917604,321,2025-12-05,324.0,Paid,7,2025-12-12
710372,917776,399,2025-12-07,415.47,Paid,12,2025-12-19
710373,917083,72,2025-12-06,426.68,Paid,9,2025-12-15
710374,917500,271,2025-12-08,2796.97,Paid,6,2025-12-14
710375,917710,373,2025-12-08,1804.54,Paid,0,2025-12-08
710376,916968,22,2025-12-08,514.29,Paid,19,2025-12-27
710377,917127,92,2025-12-07,375.89,Paid,0,2025-12-07
710378,917217,132,2025-12-07,271.14,Paid,6,2025-12-13
710379,917381,210,2025-12-09,1898.24,Paid,6,2025-12-15
710380,916988,31,2025-12-09,781.28,Paid,1,2025-12-10
710381,917074,70,2025-12-10,592.89,Paid,13,2025-12-23
710382,917237,139,2025-12-10,321.97,Paid,19,2025-12-29
710383,917618,326,2025-12-10,366.12,Paid,3,2025-12-13
710384,917512,276,2025-12-11,328.8,Paid,0,2025-12-11
710385,917073,69,2025-12-11,2378.55,Paid,12,2025-12-23
710386,917109,81,2025-12-13,612.68,Paid,8,2025-12-21
710387,917556,297,2025-12-13,515.57,Paid,24,2026-01-06
710388,917279,162,2025-12-14,347.07,Paid,5,2025-12-19
710389,917806,415,2025-12-16,526.69,Paid,15,2025-12-31
710390,917743,388,2025-12-16,249.95,Paid,0,2025-12-16
710391,917259,151,2025-12-17,263.67,Paid,1,2025-12-18
710392,917318,175,2025-12-17,779.06,Paid,22,2026-01-08
710393,917584,312,2025-12-19,847.02,Paid,22,2026-01-10
710394,917333,183,2025-12-19,588.62,Paid,12,2025-12-31
710395,917337,186,2025-12-21,469.5,Paid,19,2026-01-09
710396,917695,362,2025-12-20,2009.94,Paid,6,2025-12-26
710397,917167,108,2025-12-23,458.73,Paid,15,2026-01-07
710398,917298,170,2025-12-25,407.83,Paid,14,2026-01-08
710399,917609,323,2025-12-25,372.62,Paid,22,2026-01-16
710400,917251,146,2025-12-24,383.44,Paid,6,2025-12-30
710401,917643,339,2025-12-25,347.26,Paid,0,2025-12-25
710402,917065,65,2025-12-26,1796.95,Paid,2,2025-12-28
710403,917425,233,2025-12-27,374.48,Paid,0,2025-12-27
710404,917086,72,2025-12-27,3510.71,Paid,13,2026-01-09
710405,917286,165,2025-12-29,452.04,Paid,8,2026-01-06
710406,917717,374,2025-12-28,477.74,Paid,7,2026-01-04
710407,917293,167,2025-12-30,317.17,Paid,4,2026-01-03
710408,917594,315,2026-01-01,229.87,Paid,11,2026-01-12
710409,917168,109,2026-01-03,376.24,Paid,0,2026-01-03
710410,917187,119,2026-01-04,631.19,Paid,7,2026-01-11
710411,917437,237,2026-01-06,359.52,Paid,4,2026-01-10
710412,917753,391,2026-01-05,726.32,Paid,22,2026-01-27
710413,917206,127,2026-01-06,705.09,Paid,8,2026-01-14
710414,917466,254,2026-01-07,452.69,Paid,26,2026-02-02
710415,917429,234,2026-01-06,304.77,Paid,0,2026-01-06
710416,917496,270,2026-01-07,297.74,Paid,2,2026-01-09
710417,917144,101,2026-01-08,272.64,Paid,1,2026-01-09
710418,917731,382,2026-01-09,584.28,Paid,28,2026-02-06
710419,917158,104,2026-01-07,615.36,Paid,1,2026-01-08
710420,917249,145,2026-01-10,663.87,Paid,12,2026-01-22
710421,917486,262,2026-01-10,8252.82,Paid,36,2026-02-15
710422,916965,22,2026-01-12,6902.45,Paid,35,2026-02-16
710423,917404,222,2026-01-13,388.94,Paid,8,2026-01-21
710424,917204,126,2026-01-14,439.46,Paid,17,2026-01-31
710425,916970,23,2026-01-15,323.72,Paid,14,2026-01-29
710426,917262,152,2026-01-16,186.44,Paid,16,2026-02-01
710427,917403,222,2026-01-17,444.84,Paid,0,2026-01-17
710428,917770,397,2026-01-19,246.66,Paid,12,2026-01-31
710429,917536,288,2026-01-19,613.49,Paid,8,2026-01-27
710430,917235,138,2026-01-19,475.77,Paid,10,2026-01-29
710431,917567,304,2026-01-22,649.75,Paid,17,2026-02-08
710432,917025,46,2026-01-21,308.97,Paid,5,2026-01-26
710433,917363,200,2026-01-21,511.39,Paid,28,2026-02-18
710434,917644,339,2026-01-23,361.0,Paid,4,2026-01-27
710435,917675,354,2026-01-24,202.33,Paid,13,2026-02-06
710436,917452,245,2026-01-23,2285.68,Paid,15,2026-02-07
710437,916987,30,2026-01-29,337.48,Paid,8,2026-02-06
710438,917431,235,2026-01-28,558.64,Paid,12,2026-02-09
710439,917738,385,2026-01-29,469.23,Paid,2,2026-01-31
710440,917295,168,2026-01-30,12341.4,Paid,16,2026-02-15
710441,917071,68,2026-01-29,3048.66,Paid,0,2026-01-29
710442,917234,138,2026-01-31,481.35,Paid,0,2026-01-31
710443,916971,23,2026-01-31,357.84,Paid,0,2026-01-31
710444,917608,323,2026-01-31,490.64,Paid,25,2026-02-25
710445,917460,251,2026-02-05,1869.32,Paid,20,2026-02-25
710446,902486,58,2026-02-07,105.75,Paid,14,2026-02-21
710447,905608,143,2026-02-06,95.5,Paid,4,2026-02-10
710448,904337,110,2026-02-05,106.36,Paid,27,2026-03-04
710449,907169,179,2026-02-07,143.77,Paid,34,2026-03-13
710450,901193,30,2026-02-05,96.94,Paid,12,2026-02-17
710451,900447,11,2026-02-05,87.15,Paid,0,2026-02-05
710452,914364,361,2026-02-07,89.14,Paid,18,2026-02-25
710453,915166,379,2026-02-06,93.42,Paid,11,2026-02-17
710454,916276,406,2026-02-06,91.8,Paid,19,2026-02-25
710455,910916,268,2026-02-06,95.6,Paid,0,2026-02-06
710456,913580,343,2026-02-06,121.52,Paid,7,2026-02-13
710457,908479,204,2026-02-06,94.48,Paid,3,2026-02-09
710458,915204,381,2026-02-07,121.1,Paid,0,2026-02-07
710459,909371,227,2026-02-07,85.56,Paid,5,2026-02-12
710460,914787,372,2026-02-06,197.3,Paid,7,2026-02-13
710461,916510,411,2026-02-06,163.75,Paid,16,2026-02-22
710462,911188,279,2026-02-08,90.64,Paid,0,2026-02-08
710463,914402,362,2026-02-07,88.1,Paid,10,2026-02-17
710464,901155,29,2026-02-08,148.91,Paid,0,2026-02-08
710465,909551,231,2026-02-06,130.51,Paid,6,2026-02-12
710466,913854,350,2026-02-06,90.08,Paid,4,2026-02-10
710467,900277,7,2026-02-07,99.34,Paid,2,2026-02-09
710468,903970,102,2026-02-06,111.87,Paid,18,2026-02-24
710469,916792,418,2026-02-08,98.43,Paid,6,2026-02-14
710470,903593,92,2026-02-06,126.51,Paid,0,2026-02-06
710471,901023,27,2026-02-07,123.93,Paid,10,2026-02-17
710472,907875,193,2026-02-07,93.02,Paid,15,2026-02-22
710473,904441,113,2026-02-07,85.84,Paid,0,2026-02-07
710474,907668,188,2026-02-06,112.26,Paid,22,2026-02-28
710475,903659,95,2026-02-08,156.74,Paid,34,2026-03-14
710476,901636,39,2026-02-08,88.39,Paid,14,2026-02-22
710477,917028,48,2026-02-07,295.13,Paid,0,2026-02-07
710478,905126,129,2026-02-09,119.38,Paid,7,2026-02-16
710479,905306,137,2026-02-09,129.4,Paid,12,2026-02-21
710480,904544,115,2026-02-08,122.73,Paid,13,2026-02-21
710481,902213,52,2026-02-07,184.7,Paid,6,2026-02-13
710482,915692,391,2026-02-08,112.38,Paid,12,2026-02-20
710483,915033,377,2026-02-08,135.64,Paid,12,2026-02-20
710484,914533,365,2026-02-09,95.34,Paid,12,2026-02-21
710485,915892,395,2026-02-09,97.81,Paid,15,2026-02-24
710486,915420,386,2026-02-08,89.95,Paid,0,2026-02-08
710487,907065,177,2026-02-09,96.67,Paid,15,2026-02-24
710488,915627,390,2026-02-08,99.76,Paid,12,2026-02-20
710489,906350,161,2026-02-09,94.51,Paid,4,2026-02-13
710490,916407,409,2026-02-08,136.19,Paid,4,2026-02-12
710491,907837,192,2026-02-10,185.5,Paid,6,2026-02-16
710492,904582,116,2026-02-10,95.43,Paid,26,2026-03-08
710493,909654,233,2026-02-09,126.58,Paid,0,2026-02-09
710494,902704,65,2026-02-10,95.24,Paid,0,2026-02-10
710495,901674,40,2026-02-10,92.49,Paid,8,2026-02-18
710496,906493,165,2026-02-10,94.7,Paid,7,2026-02-17
710497,904270,109,2026-02-09,95.06,Paid,0,2026-02-09
710498,917224,135,2026-02-10,481.49,Paid,8,2026-02-18
710499,909306,226,2026-02-10,115.94,Paid,17,2026-02-27
710500,914711,370,2026-02-09,116.77,Paid,13,2026-02-22
710501,912767,323,2026-02-10,111.46,Paid,19,2026-03-01
710502,905673,144,2026-02-08,88.91,Paid,11,2026-02-19
710503,913068,331,2026-02-09,95.02,Paid,1,2026-02-10
710504,912486,314,2026-02-08,110.35,Paid,20,2026-02-28
710505,912287,309,2026-02-10,92.12,Paid,16,2026-02-26
710506,901976,45,2026-02-08,85.05,Paid,6,2026-02-14
710507,904958,124,2026-02-10,129.4,Paid,12,2026-02-22
710508,912561,317,2026-02-09,128.08,Paid,5,2026-02-14
710509,901778,42,2026-02-10,132.02,Paid,5,2026-02-15
710510,906624,167,2026-02-11,91.68,Paid,12,2026-02-23
710511,916754,417,2026-02-09,84.57,Paid,3,2026-02-12
710512,900381,10,2026-02-10,85.63,Paid,14,2026-02-24
710513,901429,35,2026-02-09,97.39,Paid,13,2026-02-22
710514,908994,215,2026-02-10,184.14,Paid,10,2026-02-20
710515,914467,363,2026-02-10,85.99,Paid,14,2026-02-24
710516,912598,318,2026-02-11,97.71,Paid,0,2026-02-11
710517,906727,170,2026-02-10,130.74,Paid,22,2026-03-04
710518,909513,230,2026-02-09,192.26,Paid,4,2026-02-13
710519,902146,51,2026-02-11,96.6,Paid,15,2026-02-26
710520,910501,254,2026-02-11,113.67,Paid,34,2026-03-17
710521,901532,37,2026-02-09,120.31,Paid,26,2026-03-07
710522,906765,171,2026-02-10,120.04,Paid,3,2026-02-13
710523,913684,347,2026-02-11,88.32,Paid,13,2026-02-24
710524,905411,139,2026-02-10,98.35,Paid,4,2026-02-14
710525,902280,53,2026-02-09,160.84,Paid,28,2026-03-09
710526,905477,140,2026-02-10,93.3,Paid,11,2026-02-21
710527,908008,195,2026-02-10,91.9,Paid,9,2026-02-19
710528,911328,282,2026-02-11,180.64,Paid,12,2026-02-23
710529,909616,232,2026-02-11,89.49,Paid,9,2026-02-20
710530,909268,225,2026-02-09,95.54,Paid,12,2026-02-21
710531,900891,22,2026-02-10,108.57,Paid,8,2026-02-18
710532,913957,352,2026-02-10,176.88,Paid,7,2026-02-17
710533,901740,41,2026-02-11,98.54,Paid,9,2026-02-20
710534,915826,394,2026-02-10,126.41,Paid,14,2026-02-24
710535,914060,354,2026-02-12,95.55,Paid,6,2026-02-18
710536,908928,213,2026-02-12,190.61,Paid,12,2026-02-24
710537,904750,120,2026-02-12,125.57,Paid,12,2026-02-24
710538,900853,21,2026-02-10,153.73,Paid,28,2026-03-10
710539,912524,316,2026-02-10,171.57,Paid,2,2026-02-12
710540,906559,166,2026-02-11,91.14,Paid,9,2026-02-20
710541,910539,255,2026-02-12,91.65,Paid,0,2026-02-12
710542,909475,229,2026-02-11,83.13,Paid,2,2026-02-13
710543,913817,349,2026-02-10,179.76,Paid,0,2026-02-10
710544,912420,313,2026-02-10,202.68,Paid,0,2026-02-10
710545,908647,207,2026-02-11,109.25,Paid,18,2026-03-01
710546,902080,48,2026-02-12,102.49,Paid,4,2026-02-16
710547,904403,111,2026-02-10,89.54,Paid,18,2026-02-28
710548,906171,156,2026-02-10,91.1,Paid,17,2026-02-27
710549,905344,138,2026-02-11,93.24,Paid,7,2026-02-18
710550,908271,199,2026-02-10,132.27,Paid,0,2026-02-10
710551,910435,252,2026-02-10,94.84,Paid,18,2026-02-28
710552,910369,251,2026-02-12,86.02,Paid,3,2026-02-15
710553,915486,387,2026-02-12,108.55,Paid,14,2026-02-26
710554,911226,280,2026-02-11,88.32,Paid,20,2026-03-03
710555,913476,341,2026-02-13,98.61,Paid,3,2026-02-16
710556,915759,393,2026-02-11,135.35,Paid,2,2026-02-13
710557,907469,184,2026-02-13,126.6,Paid,2,2026-02-15
710558,903830,98,2026-02-13,95.63,Paid,10,2026-02-23
710559,911938,299,2026-02-12,95.61,Paid,0,2026-02-12
710560,911731,293,2026-02-13,87.12,Paid,0,2026-02-13
710561,907366,182,2026-02-12,89.32,Paid,5,2026-02-17
710562,916238,404,2026-02-11,89.81,Paid,0,2026-02-11
710563,908413,203,2026-02-13,128.77,Paid,0,2026-02-13
710564,909230,222,2026-02-13,120.3,Paid,19,2026-03-04
710565,908073,196,2026-02-12,91.95,Paid,1,2026-02-13
710566,913171,334,2026-02-13,94.78,Paid,2,2026-02-15
710567,907942,194,2026-02-12,95.4,Paid,8,2026-02-20
710568,908347,201,2026-02-12,94.88,Paid,8,2026-02-20
710569,917378,206,2026-02-13,613.98,Paid,4,2026-02-17
710570,907301,181,2026-02-12,92.78,Paid,11,2026-02-23
710571,901297,32,2026-02-11,100.31,Paid,0,2026-02-11
710572,902836,69,2026-02-13,96.67,Paid,16,2026-03-01
710573,906803,172,2026-02-12,92.85,Paid,4,2026-02-16
710574,908309,200,2026-02-12,109.65,Paid,22,2026-03-06
710575,908722,209,2026-02-13,91.5,Paid,8,2026-02-21
710576,910982,269,2026-02-12,99.19,Paid,14,2026-02-26
710577,906274,158,2026-02-12,105.87,Paid,9,2026-02-21
710578,905907,148,2026-02-13,94.14,Paid,20,2026-03-05
710579,910133,247,2026-02-12,117.71,Paid,11,2026-02-23
710580,915242,382,2026-02-13,112.31,Paid,19,2026-03-04
710581,900787,19,2026-02-14,106.89,Paid,3,2026-02-17
710582,912937,329,2026-02-13,116.47,Paid,14,2026-02-27
710583,912249,308,2026-02-13,95.16,Paid,2,2026-02-15
710584,908685,208,2026-02-14,190.37,Paid,3,2026-02-17
710585,909164,221,2026-02-12,176.48,Paid,1,2026-02-13
710586,916061,399,2026-02-12,94.27,Paid,3,2026-02-15
710587,916173,403,2026-02-13,136.12,Paid,0,2026-02-13
710588,914968,376,2026-02-12,133.52,Paid,8,2026-02-20
710589,908205,198,2026-02-12,205.14,Paid,2,2026-02-14
710590,914023,353,2026-02-13,95.73,Paid,7,2026-02-20
710591,904892,123,2026-02-14,90.01,Paid,15,2026-03-01
710592,900239,6,2026-02-13,93.08,Paid,20,2026-03-05
710593,903867,99,2026-02-14,127.61,Paid,19,2026-03-05
710594,900202,4,2026-02-14,123.08,Paid,10,2026-02-24
710595,905023,125,2026-02-13,117.24,Paid,25,2026-03-10
710596,911393,283,2026-02-14,201.98,Paid,14,2026-02-28
710597,915958,397,2026-02-14,95.58,Paid,13,2026-02-27
710598,905239,135,2026-02-13,93.48,Paid,11,2026-02-24
710599,906237,157,2026-02-13,94.45,Paid,0,2026-02-13
710600,916444,410,2026-02-13,163.01,Paid,19,2026-03-04
710601,901570,38,2026-02-14,95.58,Paid,3,2026-02-17
710602,905945,149,2026-02-14,89.47,Paid,12,2026-02-26
710603,915590,389,2026-02-13,98.47,Paid,3,2026-02-16
710604,914930,375,2026-02-13,85.13,Paid,0,2026-02-13
710605,911561,288,2026-02-15,92.52,Paid,0,2026-02-15
710606,917100,77,2026-02-14,3216.89,Paid,19,2026-03-05
710607,917366,201,2026-02-13,2505.17,Paid,0,2026-02-13
710608,900684,16,2026-02-15,100.23,Paid,11,2026-02-26
710609,905710,145,2026-02-13,182.94,Paid,0,2026-02-13
710610,907403,183,2026-02-13,127.84,Paid,10,2026-02-23
710611,905776,146,2026-02-14,97.69,Paid,8,2026-02-22
710612,907799,191,2026-02-14,177.74,Paid,2,2026-02-16
710613,906388,163,2026-02-15,128.27,Paid,5,2026-02-20
710614,916136,402,2026-02-15,99.84,Paid,12,2026-02-27
710615,903526,88,2026-02-15,109.9,Paid,20,2026-03-07
710616,903110,77,2026-02-13,112.08,Paid,19,2026-03-04
710617,907734,190,2026-02-13,142.07,Paid,13,2026-02-26
710618,902317,54,2026-02-14,90.04,Paid,0,2026-02-14
710619,913275,336,2026-02-14,122.28,Paid,2,2026-02-16
710620,901089,28,2026-02-13,91.23,Paid,17,2026-03-02
710621,910709,261,2026-02-15,94.21,Paid,3,2026-02-18
710622,906661,169,2026-02-16,120.51,Paid,19,2026-03-07
710623,909437,228,2026-02-15,138.44,Paid,20,2026-03-07
710624,900343,9,2026-02-16,103.62,Paid,6,2026-02-22
710625,903356,85,2026-02-16,129.95,Paid,9,2026-02-25
710626,907536,186,2026-02-15,94.31,Paid,15,2026-03-02
710627,911834,295,2026-02-16,111.68,Paid,26,2026-03-14
710628,909098,219,2026-02-16,104.92,Paid,16,2026-03-04
710629,912106,304,2026-02-16,144.11,Paid,15,2026-03-03
710630,911048,270,2026-02-15,94.67,Paid,0,2026-02-15
710631,909955,241,2026-02-14,97.34,Paid,23,2026-03-09
710632,901911,44,2026-02-15,97.69,Paid,11,2026-02-26
710633,911872,298,2026-02-14,91.1,Paid,4,2026-02-18
710634,911495,287,2026-02-14,95.72,Paid,8,2026-02-22
710635,900552,14,2026-02-14,110.16,Paid,22,2026-03-08
710636,914673,368,2026-02-16,95.95,Paid,5,2026-02-21
710637,916652,414,2026-02-15,91.44,Paid,6,2026-02-21
710638,910642,259,2026-02-14,189.32,Paid,5,2026-02-19
710639,915279,383,2026-02-16,89.9,Paid,13,2026-03-01
710640,917527,283,2026-02-17,1184.08,Paid,0,2026-02-17
710641,906935,175,2026-02-16,158.08,Paid,11,2026-02-27
710642,900957,25,2026-02-16,137.02,Paid,6,2026-02-22
710643,900100,2,2026-02-17,98.27,Paid,16,2026-03-05
710644,916857,419,2026-02-15,123.85,Paid,19,2026-03-06
710645,914298,359,2026-02-17,135.09,Paid,16,2026-03-05
710646,903072,76,2026-02-16,97.03,Paid,6,2026-02-22
710647,904167,105,2026-02-17,99.0,Paid,0,2026-02-17
710648,900062,1,2026-02-17,96.28,Paid,12,2026-03-01
710649,913003,330,2026-02-15,96.16,Paid,24,2026-03-11
710650,911458,286,2026-02-17,87.39,Paid,1,2026-02-18
710651,904101,104,2026-02-16,95.49,Paid,10,2026-02-26
710652,903763,97,2026-02-15,139.12,Paid,4,2026-02-19
710653,910236,249,2026-02-16,121.9,Paid,0,2026-02-16
710654,901259,31,2026-02-17,186.81,Paid,15,2026-03-04
710655,911291,281,2026-02-17,98.09,Paid,17,2026-03-06
710656,900619,15,2026-02-18,88.03,Paid,9,2026-02-27
710657,903006,72,2026-02-18,130.83,Paid,7,2026-02-25
710658,904036,103,2026-02-16,125.1,Paid,7,2026-02-23
710659,916342,408,2026-02-17,85.0,Paid,11,2026-02-28
710660,900137,3,2026-02-18,120.81,Paid,10,2026-02-28
710661,906057,152,2026-02-18,94.23,Paid,17,2026-03-07
710662,916548,412,2026-02-17,124.3,Paid,0,2026-02-17
710663,903422,86,2026-02-17,81.43,Paid,17,2026-03-06
710664,913409,340,2026-02-17,115.25,Paid,3,2026-02-20
710665,908610,206,2026-02-16,92.09,Paid,7,2026-02-23
710666,903252,83,2026-02-16,91.33,Paid,0,2026-02-16
710667,906133,155,2026-02-18,94.5,Paid,5,2026-02-23
710668,905842,147,2026-02-16,90.89,Paid,0,2026-02-16
710669,916614,413,2026-02-18,121.69,Paid,10,2026-02-28
710670,912354,312,2026-02-17,221.75,Paid,22,2026-03-11
710671,914854,373,2026-02-16,93.41,Paid,18,2026-03-06
710672,906095,153,2026-02-17,137.06,Paid,0,2026-02-17
710673,904685,119,2026-02-17,96.52,Paid,4,2026-02-21
710674,914165,356,2026-02-17,131.23,Paid,14,2026-03-03
710675,911598,289,2026-02-19,93.09,Paid,7,2026-02-26
710676,913618,345,2026-02-19,87.7,Paid,3,2026-02-22
710677,910020,242,2026-02-17,126.95,Paid,0,2026-02-17
710678,912041,303,2026-02-17,125.5,Paid,1,2026-02-18
710679,913133,333,2026-02-17,120.65,Paid,6,2026-02-23
710680,908863,212,2026-02-18,112.5,Paid,6,2026-02-24
710681,911769,294,2026-02-17,150.94,Paid,16,2026-03-05
710682,915996,398,2026-02-18,106.67,Paid,20,2026-03-10
710683,914635,367,2026-02-17,97.98,Paid,4,2026-02-21
710684,903488,87,2026-02-17,94.68,Paid,19,2026-03-08
710685,912211,307,2026-02-18,91.97,Paid,6,2026-02-24
710686,906455,164,2026-02-18,97.51,Paid,12,2026-03-02
710687,906870,173,2026-02-19,128.32,Paid,1,2026-02-20
710688,907000,176,2026-02-19,116.26,Paid,7,2026-02-26
710689,907131,178,2026-02-18,99.59,Paid,1,2026-02-19
710690,913750,348,2026-02-17,96.94,Paid,23,2026-03-12
710691,913208,335,2026-02-18,92.97,Paid,0,2026-02-18
710692,904788,121,2026-02-19,111.23,Paid,20,2026-03-11
710693,908545,205,2026-02-17,119.92,Paid,3,2026-02-20
710694,914098,355,2026-02-17,88.0,Paid,3,2026-02-20
710695,914749,371,2026-02-17,94.44,Paid,1,2026-02-18
710696,905543,142,2026-02-17,92.82,Paid,16,2026-03-05
710697,904232,107,2026-02-18,82.91,Paid,14,2026-03-04
710698,911085,274,2026-02-19,124.76,Paid,5,2026-02-24
710699,905982,150,2026-02-18,104.27,Paid,0,2026-02-18
710700,910849,267,2026-02-20,168.27,Paid,7,2026-02-27
710701,908759,210,2026-02-18,92.21,Paid,0,2026-02-18
710702,909851,236,2026-02-18,181.75,Paid,7,2026-02-25
710703,910198,248,2026-02-20,187.97,Paid,0,2026-02-20
710704,912173,306,2026-02-20,94.57,Paid,11,2026-03-03
710705,904826,122,2026-02-19,147.37,Paid,22,2026-03-13
710706,902383,55,2026-02-19,151.37,Paid,25,2026-03-16
710707,908826,211,2026-02-20,109.42,Paid,13,2026-03-05
710708,903214,81,2026-02-19,150.66,Paid,15,2026-03-06
710709,903290,84,2026-02-19,89.87,Paid,2,2026-02-21
710710,909720,234,2026-02-19,98.05,Paid,6,2026-02-25
710711,900750,18,2026-02-18,99.99,Paid,4,2026-02-22
710712,907235,180,2026-02-18,141.48,Paid,0,2026-02-18
710713,903933,100,2026-02-18,172.68,Paid,9,2026-02-27
710714,902666,64,2026-02-19,125.94,Paid,4,2026-02-23
710715,916717,416,2026-02-20,122.21,Paid,13,2026-03-05
710716,905202,133,2026-02-18,90.46,Paid,26,2026-03-16
710717,903147,79,2026-02-20,92.19,Paid,0,2026-02-20
710718,910812,266,2026-02-20,94.46,Paid,4,2026-02-24
710719,912871,328,2026-02-20,108.95,Paid,23,2026-03-15
710720,906312,159,2026-02-19,159.18,Paid,4,2026-02-23
710721,902770,66,2026-02-19,120.98,Paid,7,2026-02-26
710722,902903,70,2026-02-21,109.93,Paid,26,2026-03-19
710723,910302,250,2026-02-20,127.51,Paid,6,2026-02-26
710724,916923,420,2026-02-19,132.83,Paid,23,2026-03-14
710725,909032,216,2026-02-19,100.89,Paid,0,2026-02-19
710726,900514,13,2026-02-19,100.82,Paid,12,2026-03-03
710727,914892,374,2026-02-20,123.57,Paid,0,2026-02-20
710728,902968,71,2026-02-22,90.55,Paid,6,2026-02-28
710729,903697,96,2026-02-22,97.44,Paid,16,2026-03-10
710730,915100,378,2026-02-21,187.81,Paid,12,2026-03-05
710731,913342,339,2026-02-22,100.88,Paid,1,2026-02-23
710732,902421,57,2026-02-22,99.14,Paid,35,2026-03-29
710733,902523,60,2026-02-21,86.25,Paid,2,2026-02-23
710734,910577,256,2026-02-20,93.22,Paid,2,2026-02-22
710735,902599,62,2026-02-21,118.15,Paid,10,2026-03-03
710736,910095,246,2026-02-21,114.98,Paid,38,2026-03-31
710737,907602,187,2026-02-22,95.31,Paid,2,2026-02-24
710738,905164,132,2026-02-21,102.55,Paid,4,2026-02-25
710739,910058,245,2026-02-21,131.69,Paid,0,2026-02-21
710740,911122,275,2026-02-20,89.07,Paid,21,2026-03-13
710741,909918,238,2026-02-21,92.37,Paid,0,2026-02-21
710742,904479,114,2026-02-20,113.73,Paid,23,2026-03-15
710743,904648,118,2026-02-22,93.33,Paid,12,2026-03-06
710744,917631,331,2026-02-23,350.18,Paid,7,2026-03-02
710745,915523,388,2026-02-22,99.35,Paid,0,2026-02-22
710746,916098,401,2026-02-23,94.35,Paid,11,2026-03-06
710747,901845,43,2026-02-23,92.98,Paid,0,2026-02-23
710748,905088,126,2026-02-23,121.02,Paid,7,2026-03-02
710749,913543,342,2026-02-21,87.3,Paid,12,2026-03-05
710750,912805,324,2026-02-21,90.13,Paid,2,2026-02-23
710751,914232,357,2026-02-23,140.57,Paid,0,2026-02-23
710752,901494,36,2026-02-23,129.15,Paid,0,2026-02-23
710753,912003,302,2026-02-23,175.14,Paid,12,2026-03-07
710754,917720,375,2026-02-21,3298.39,Paid,7,2026-02-28
710755,914570,366,2026-02-22,124.25,Paid,10,2026-03-04
710756,911664,290,2026-02-23,85.59,Paid,2,2026-02-25
710757,902561,61,2026-02-21,114.45,Paid,13,2026-03-06
710758,917319,176,2026-02-21,359.68,Paid,9,2026-03-02
710759,917368,203,2026-02-22,471.62,Paid,2,2026-02-24
710760,906020,151,2026-02-22,99.11,Paid,1,2026-02-23
710761,910747,262,2026-02-21,114.82,Paid,21,2026-03-14
710762,901362,34,2026-02-21,113.08,Paid,19,2026-03-12
710763,902042,47,2026-02-23,97.62,Paid,6,2026-03-01
710764,913919,351,2026-02-22,101.84,Paid,8,2026-03-02
710765,909785,235,2026-02-24,95.0,Paid,5,2026-03-01
710766,912702,322,2026-02-24,191.96,Paid,16,2026-03-12
710767,915355,385,2026-02-24,120.29,Paid,19,2026-03-15
710768,917702,367,2026-02-24,448.95,Paid,4,2026-02-28
710769,912664,320,2026-02-24,112.58,Paid,0,2026-02-24
710770,915317,384,2026-02-24,119.31,Paid,21,2026-03-17
710771,908138,197,2026-02-25,130.47,Paid,0,2026-02-25
710772,917018,43,2026-02-26,426.71,Paid,17,2026-03-15
710773,917577,308,2026-02-27,2670.5,Paid,5,2026-03-04
710774,917278,162,2026-03-01,1952.81,Paid,18,2026-03-19
710775,917722,376,2026-02-28,3231.06,Paid,20,2026-03-20
710776,917610,323,2026-03-04,3266.69,Paid,21,2026-03-25
710777,916981,27,2026-03-05,3756.28,Paid,0,2026-03-05
710778,917199,124,2026-03-08,954.87,Paid,13,2026-03-21
710779,917678,356,2026-03-10,2762.14,Paid,9,2026-03-19
710780,917313,173,2026-03-09,3588.03,Paid,12,2026-03-21
710781,917607,323,2026-03-11,2998.09,Paid,20,2026-03-31
710782,917311,173,2026-03-14,3404.44,Paid,16,2026-03-30
710783,917268,156,2026-03-14,1958.51,Paid,5,2026-03-19
710784,917275,160,2026-03-16,431.57,Paid,15,2026-03-31
710785,917481,260,2026-03-16,6812.57,Paid,14,2026-03-30
710786,917506,273,2026-03-16,2210.21,Paid,4,2026-03-20
710787,917369,203,2026-03-18,2860.24,Paid,10,2026-03-28
710788,917636,334,2026-03-21,526.51,Paid,6,2026-03-27
710789,915730,393,2026-03-21,82.37,Paid,0,2026-03-21
710790,917698,365,2026-03-21,548.56,Paid,11,2026-04-01
710791,910340,251,2026-03-21,58.08,Paid,6,2026-03-27
710792,914203,357,2026-03-20,80.64,Paid,3,2026-03-23
710793,914951,376,2026-03-21,76.06,Paid,0,2026-03-21
710794,903509,88,2026-03-21,69.32,Paid,28,2026-04-18
710795,910887,268,2026-03-22,52.25,Paid,21,2026-04-12
710796,910406,252,2026-03-21,55.41,Paid,7,2026-03-28
710797,905813,147,2026-03-21,61.54,Paid,17,2026-04-07
710798,913246,336,2026-03-20,73.98,Paid,16,2026-04-05
710799,915071,378,2026-03-21,130.23,Paid,1,2026-03-22
710800,906748,171,2026-03-20,76.79,Paid,18,2026-04-07
710801,909889,238,2026-03-22,53.68,Paid,6,2026-03-28
710802,903734,97,2026-03-21,84.89,Paid,16,2026-04-06
710803,902637,64,2026-03-21,81.23,Paid,19,2026-04-09
710804,901126,29,2026-03-21,96.68,Paid,23,2026-04-13
710805,901607,39,2026-03-21,53.42,Paid,0,2026-03-21
710806,907440,184,2026-03-20,71.0,Paid,15,2026-04-04
710807,904308,110,2026-03-22,66.16,Paid,10,2026-04-01
710808,902544,61,2026-03-22,68.13,Paid,25,2026-04-16
710809,900314,9,2026-03-21,61.58,Paid,1,2026-03-22
710810,916941,13,2026-03-21,482.37,Paid,0,2026-03-21
710811,910953,269,2026-03-20,53.33,Paid,4,2026-03-24
710812,909408,228,2026-03-22,77.29,Paid,7,2026-03-29
710813,903327,85,2026-03-22,77.76,Paid,4,2026-03-26
710814,908292,200,2026-03-21,78.99,Paid,13,2026-04-03
710815,901060,28,2026-03-20,53.1,Paid,12,2026-04-01
710816,908797,211,2026-03-21,70.36,Paid,16,2026-04-06
710817,907705,190,2026-03-20,90.78,Paid,23,2026-04-12
710818,909135,221,2026-03-22,121.31,Paid,4,2026-03-26
710819,913788,349,2026-03-22,123.33,Paid,1,2026-03-23
710820,914825,373,2026-03-22,60.65,Paid,9,2026-03-31
710821,907206,180,2026-03-21,74.91,Paid,4,2026-03-25
710822,916894,420,2026-03-21,75.68,Paid,19,2026-04-09
710823,903185,81,2026-03-22,93.37,Paid,19,2026-04-10
710824,906841,173,2026-03-21,74.19,Paid,0,2026-03-21
710825,910680,261,2026-03-22,62.73,Paid,14,2026-04-05
710826,912974,330,2026-03-23,58.87,Paid,0,2026-03-23
710827,913313,339,2026-03-21,59.6,Paid,0,2026-03-21
710828,901400,35,2026-03-21,50.61,Paid,7,2026-03-28
710829,917225,135,2026-03-22,1827.87,Paid,0,2026-03-22
710830,902184,52,2026-03-22,122.68,Paid,3,2026-03-25
710831,916481,411,2026-03-23,126.18,Paid,13,2026-04-05
710832,904565,116,2026-03-21,60.64,Paid,20,2026-04-10
710833,906476,165,2026-03-23,57.56,Paid,12,2026-04-04
710834,912144,306,2026-03-21,57.29,Paid,8,2026-03-29
710835,905109,129,2026-03-21,86.23,Paid,6,2026-03-27
710836,913514,342,2026-03-22,51.26,Paid,5,2026-03-27
710837,914913,375,2026-03-23,57.25,Paid,12,2026-04-04
710838,914136,356,2026-03-23,81.6,Paid,6,2026-03-29
710839,913721,348,2026-03-22,60.73,Paid,26,2026-04-17
710840,916585,413,2026-03-23,82.95,Paid,8,2026-03-31
710841,902874,70,2026-03-21,62.18,Paid,15,2026-04-05
710842,900485,13,2026-03-22,57.55,Paid,19,2026-04-10
710843,905147,132,2026-03-21,58.5,Paid,17,2026-04-07
710844,911702,293,2026-03-22,56.07,Paid,11,2026-04-02
710845,900721,18,2026-03-23,54.41,Paid,10,2026-04-02
710846,902013,47,2026-03-22,51.75,Paid,4,2026-03-26
710847,903801,98,2026-03-23,61.65,Paid,12,2026-04-04
710848,901711,41,2026-03-22,58.13,Paid,0,2026-03-22
710849,911855,298,2026-03-23,62.45,Paid,2,2026-03-25
710850,902063,48,2026-03-22,57.03,Paid,11,2026-04-02
710851,907507,186,2026-03-21,56.23,Paid,8,2026-03-29
710852,915797,394,2026-03-23,71.43,Paid,16,2026-04-08
710853,913447,341,2026-03-23,53.94,Paid,9,2026-04-01
710854,912024,303,2026-03-23,79.15,Paid,7,2026-03-30
710855,908742,210,2026-03-24,53.77,Paid,9,2026-04-02
710856,911311,282,2026-03-22,116.37,Paid,6,2026-03-28
710857,905644,144,2026-03-24,58.18,Paid,11,2026-04-04
710858,914694,370,2026-03-22,79.91,Paid,0,2026-03-22
710859,900590,15,2026-03-23,56.4,Paid,0,2026-03-23
710860,902457,58,2026-03-22,71.21,Paid,18,2026-04-09
710861,914043,354,2026-03-24,60.78,Paid,9,2026-04-02
710862,912635,320,2026-03-23,79.57,Paid,15,2026-04-07
710863,906698,170,2026-03-23,83.0,Paid,11,2026-04-03
710864,905579,143,2026-03-23,60.98,Paid,5,2026-03-28
710865,902117,51,2026-03-24,65.83,Paid,21,2026-04-14
710866,916427,410,2026-03-24,96.67,Paid,3,2026-03-27
710867,914438,363,2026-03-24,55.31,Paid,2,2026-03-26
710868,903564,92,2026-03-24,76.44,Paid,8,2026-04-01
710869,915863,395,2026-03-23,57.34,Paid,17,2026-04-09
710870,900260,7,2026-03-23,56.65,Paid,12,2026-04-04
710871,903630,95,2026-03-23,93.86,Paid,21,2026-04-13
710872,907337,182,2026-03-22,59.4,Paid,12,2026-04-03
710873,916378,409,2026-03-22,83.88,Paid,20,2026-04-11
710874,910273,250,2026-03-24,83.99,Paid,11,2026-04-04
710875,907102,178,2026-03-22,61.42,Paid,20,2026-04-11
710876,916688,416,2026-03-24,79.06,Paid,16,2026-04-09
710877,905448,140,2026-03-23,58.08,Paid,21,2026-04-13
710878,905277,137,2026-03-23,80.45,Paid,17,2026-04-09
710879,901947,45,2026-03-22,61.07,Paid,2,2026-03-24
710880,908581,206,2026-03-23,53.85,Paid,20,2026-04-12
710881,905222,135,2026-03-23,56.63,Paid,16,2026-04-08
710882,906906,175,2026-03-22,85.69,Paid,19,2026-04-10
710883,911262,281,2026-03-23,52.6,Paid,0,2026-03-23
710884,913039,331,2026-03-24,53.42,Paid,12,2026-04-05
710885,912738,323,2026-03-23,67.59,Paid,27,2026-04-19
710886,911478,287,2026-03-22,56.28,Paid,18,2026-04-09
710887,912325,312,2026-03-24,121.76,Paid,22,2026-04-15
710888,909991,242,2026-03-24,80.54,Paid,14,2026-04-07
710889,904668,119,2026-03-24,62.21,Paid,11,2026-04-04
710890,903393,86,2026-03-23,57.89,Paid,0,2026-03-23
710891,900928,25,2026-03-25,73.59,Paid,21,2026-04-15
710892,904374,111,2026-03-23,52.98,Paid,1,2026-03-24
710893,911364,283,2026-03-23,122.18,Paid,11,2026-04-03
710894,901657,40,2026-03-24,56.83,Paid,1,2026-03-25
710895,911209,280,2026-03-25,60.79,Paid,6,2026-03-31
710896,900824,21,2026-03-24,94.09,Paid,19,2026-04-12
710897,903459,87,2026-03-24,62.0,Paid,0,2026-03-24
710898,908242,199,2026-03-23,83.62,Paid,10,2026-04-02
710899,915187,381,2026-03-24,77.29,Paid,1,2026-03-25
710900,902404,57,2026-03-25,69.36,Paid,21,2026-04-15
710901,908176,198,2026-03-25,113.63,Paid,0,2026-03-25
710902,913655,347,2026-03-23,58.39,Paid,4,2026-03-27
710903,915137,379,2026-03-25,57.68,Paid,0,2026-03-25
710904,905382,139,2026-03-24,57.08,Paid,9,2026-04-02
710905,906371,163,2026-03-24,82.76,Paid,0,2026-03-24
710906,913380,340,2026-03-24,70.35,Paid,7,2026-03-31
710907,912788,324,2026-03-23,54.7,Paid,3,2026-03-26
710908,900874,22,2026-03-25,60.69,Paid,29,2026-04-23
710909,911635,290,2026-03-24,53.91,Paid,12,2026-04-05
710910,901882,44,2026-03-25,62.73,Paid,13,2026-04-07
710911,915561,389,2026-03-24,55.08,Paid,0,2026-03-24
710912,914732,371,2026-03-24,60.75,Paid,5,2026-03-29
710913,908705,209,2026-03-25,52.33,Paid,0,2026-03-25
710914,910472,254,2026-03-24,67.21,Paid,26,2026-04-19
710915,912842,328,2026-03-23,69.68,Paid,23,2026-04-15
710916,916775,418,2026-03-23,59.04,Paid,0,2026-03-23
710917,907639,188,2026-03-23,65.2,Paid,12,2026-04-04
710918,902251,53,2026-03-25,93.64,Paid,29,2026-04-23
710919,902582,62,2026-03-25,83.91,Paid,21,2026-04-15
710920,904007,103,2026-03-25,73.62,Paid,0,2026-03-25
710921,907979,195,2026-03-24,57.64,Paid,0,2026-03-24
710922,907913,194,2026-03-25,54.74,Paid,29,2026-04-23
710923,916313,408,2026-03-24,58.91,Paid,6,2026-03-30
710924,909691,234,2026-03-24,64.14,Paid,0,2026-03-24
710925,905514,142,2026-03-25,56.15,Paid,0,2026-03-25
710926,906078,153,2026-03-24,75.14,Paid,1,2026-03-25
710927,913940,352,2026-03-25,125.26,Paid,8,2026-04-02
710928,902741,66,2026-03-24,84.97,Paid,3,2026-03-27
710929,913994,353,2026-03-23,59.36,Paid,0,2026-03-23
710930,917098,77,2026-03-26,4035.19,Paid,8,2026-04-03
710931,908384,203,2026-03-24,77.26,Paid,2,2026-03-26
710932,907574,187,2026-03-26,64.36,Paid,4,2026-03-30
710933,901465,36,2026-03-25,78.44,Paid,17,2026-04-11
710934,906972,176,2026-03-26,73.06,Paid,14,2026-04-09
710935,909201,222,2026-03-24,78.64,Paid,7,2026-03-31
710936,905747,146,2026-03-24,60.64,Paid,9,2026-04-02
710937,915005,377,2026-03-25,78.21,Paid,0,2026-03-25
710938,906003,151,2026-03-24,55.85,Paid,1,2026-03-25
710939,903905,100,2026-03-24,120.24,Paid,6,2026-03-30
710940,902940,71,2026-03-24,57.84,Paid,10,2026-04-03
710941,914336,361,2026-03-26,57.02,Paid,0,2026-03-26
710942,904930,124,2026-03-25,83.84,Paid,10,2026-04-04
710943,909342,227,2026-03-26,57.63,Paid,18,2026-04-13
710944,904139,105,2026-03-26,56.11,Paid,1,2026-03-27
710945,900034,1,2026-03-25,59.36,Paid,8,2026-04-02
710946,907152,179,2026-03-25,94.79,Paid,17,2026-04-11
710947,909757,235,2026-03-24,54.58,Paid,23,2026-04-16
710948,909588,232,2026-03-26,59.76,Paid,29,2026-04-24
710949,910560,256,2026-03-25,53.44,Paid,12,2026-04-06
710950,916210,404,2026-03-25,57.66,Paid,13,2026-04-07
710951,904516,115,2026-03-24,69.39,Paid,23,2026-04-16
710952,911020,270,2026-03-24,55.2,Paid,6,2026-03-30
710953,901816,43,2026-03-25,58.03,Paid,4,2026-03-29
710954,904863,123,2026-03-25,59.03,Paid,10,2026-04-04
710955,908517,205,2026-03-26,77.46,Paid,21,2026-04-16
710956,904204,107,2026-03-24,59.82,Paid,5,2026-03-29
710957,915930,397,2026-03-25,59.05,Paid,0,2026-03-25
710958,916829,419,2026-03-26,86.02,Paid,14,2026-04-09
710959,903953,102,2026-03-24,62.52,Paid,27,2026-04-20
710960,916259,406,2026-03-26,54.86,Paid,25,2026-04-20
710961,901515,37,2026-03-26,69.69,Paid,24,2026-04-19
710962,912909,329,2026-03-26,61.2,Paid,38,2026-05-03
710963,900364,10,2026-03-25,61.89,Paid,23,2026-04-17
710964,906531,166,2026-03-24,55.49,Paid,0,2026-03-24
710965,914081,355,2026-03-26,58.36,Paid,4,2026-03-30
710966,909070,219,2026-03-25,61.88,Paid,10,2026-04-04
710967,902808,69,2026-03-25,59.74,Paid,7,2026-04-01
710968,916119,402,2026-03-26,63.68,Paid,29,2026-04-24
710969,908045,196,2026-03-25,56.58,Paid,0,2026-03-25
710970,915458,387,2026-03-25,63.54,Paid,31,2026-04-25
710971,917229,136,2026-03-25,294.29,Paid,8,2026-04-02
710972,915392,386,2026-03-26,56.59,Paid,13,2026-04-08
710973,908900,213,2026-03-26,118.32,Paid,7,2026-04-02
710974,909823,236,2026-03-25,119.81,Paid,17,2026-04-11
710975,901334,34,2026-03-25,73.43,Paid,16,2026-04-10
710976,915338,385,2026-03-26,79.46,Paid,0,2026-03-26
710977,911533,288,2026-03-27,54.4,Paid,0,2026-03-27
710978,910784,266,2026-03-25,58.56,Paid,11,2026-04-05
710979,904253,109,2026-03-25,51.24,Paid,1,2026-03-26
710980,915664,391,2026-03-27,66.25,Paid,21,2026-04-17
710981,914656,368,2026-03-27,59.5,Paid,10,2026-04-06
710982,906209,157,2026-03-25,57.0,Paid,3,2026-03-28
710983,906426,164,2026-03-25,55.17,Paid,6,2026-03-31
710984,907037,177,2026-03-25,58.67,Paid,0,2026-03-25
710985,912194,307,2026-03-27,56.9,Paid,17,2026-04-13
710986,903093,77,2026-03-25,77.06,Paid,20,2026-04-14
710987,906295,159,2026-03-27,97.2,Paid,26,2026-04-22
710988,911975,302,2026-03-27,117.63,Paid,17,2026-04-13
710989,905060,126,2026-03-27,77.4,Paid,17,2026-04-13
710990,904073,104,2026-03-26,61.43,Paid,0,2026-03-26
710991,901761,42,2026-03-25,81.84,Paid,3,2026-03-28
710992,907771,191,2026-03-26,121.52,Paid,5,2026-03-31
710993,911752,294,2026-03-26,91.39,Paid,34,2026-04-29
710994,908966,215,2026-03-25,120.52,Paid,15,2026-04-09
710995,903044,76,2026-03-27,57.47,Paid,14,2026-04-10
710996,904995,125,2026-03-27,75.86,Paid,3,2026-03-30
710997,900656,16,2026-03-27,56.99,Paid,8,2026-04-04
710998,916993,32,2026-03-25,555.31,Paid,0,2026-03-25
710999,900083,2,2026-03-27,57.97,Paid,5,2026-04-01
711000,901231,31,2026-03-28,118.26,Paid,9,2026-04-06
711001,904462,114,2026-03-27,63.61,Paid,24,2026-04-20
711002,909289,226,2026-03-26,80.32,Paid,0,2026-03-26
711003,911160,279,2026-03-28,57.75,Paid,11,2026-04-08
711004,905879,148,2026-03-27,56.58,Paid,19,2026-04-15
711005,907273,181,2026-03-26,57.89,Paid,20,2026-04-15
711006,904771,121,2026-03-28,68.71,Paid,11,2026-04-08
711007,905185,133,2026-03-27,56.59,Paid,1,2026-03-28
711008,911806,295,2026-03-27,69.25,Paid,29,2026-04-25
711009,913891,351,2026-03-28,54.57,Paid,16,2026-04-13
711010,909496,230,2026-03-27,133.64,Paid,10,2026-04-06
711011,908451,204,2026-03-26,56.38,Paid,6,2026-04-01
711012,914505,365,2026-03-28,60.31,Paid,0,2026-03-28
711013,914270,359,2026-03-28,79.35,Paid,7,2026-04-04
711014,916033,399,2026-03-27,56.51,Paid,7,2026-04-03
711015,911910,299,2026-03-26,54.26,Paid,0,2026-03-26
711016,914607,367,2026-03-26,57.84,Paid,4,2026-03-30
711017,912392,313,2026-03-28,118.53,Paid,7,2026-04-04
711018,904722,120,2026-03-28,80.76,Paid,0,2026-03-28
711019,902355,55,2026-03-28,95.7,Paid,6,2026-04-03
711020,910522,255,2026-03-27,59.43,Paid,16,2026-04-12
711021,900419,11,2026-03-28,59.34,Paid,0,2026-03-28
711022,910170,248,2026-03-26,115.82,Paid,0,2026-03-26
711023,900995,27,2026-03-26,76.95,Paid,11,2026-04-06
711024,912078,304,2026-03-27,94.85,Paid,16,2026-04-12
711025,912458,314,2026-03-26,64.13,Paid,7,2026-04-02
711026,917202,126,2026-03-26,4303.18,Paid,14,2026-04-09
711027,900174,4,2026-03-28,76.05,Paid,13,2026-04-10
711028,908110,197,2026-03-26,76.55,Paid,9,2026-04-04
711029,904620,118,2026-03-28,55.71,Paid,4,2026-04-01
711030,909890,238,2026-03-27,54.6,Paid,14,2026-04-10
711031,913105,333,2026-03-27,76.45,Paid,0,2026-03-27
711032,900315,9,2026-03-29,62.55,Paid,8,2026-04-06
711033,914204,357,2026-03-29,82.0,Paid,0,2026-03-29
711034,906596,167,2026-03-28,54.1,Paid,13,2026-04-10
711035,914770,372,2026-03-27,131.09,Paid,1,2026-03-28
711036,904309,110,2026-03-29,70.82,Paid,10,2026-04-08
711037,903235,83,2026-03-28,54.31,Paid,5,2026-04-02
711038,903735,97,2026-03-27,78.54,Paid,2,2026-03-29
711039,907207,180,2026-03-28,82.7,Paid,0,2026-03-28
711040,906333,161,2026-03-29,63.39,Paid,25,2026-04-23
711041,912507,316,2026-03-27,121.88,Paid,6,2026-04-02
711042,908668,208,2026-03-29,124.79,Paid,16,2026-04-14
711043,908798,211,2026-03-28,66.18,Paid,23,2026-04-20
711044,902875,70,2026-03-29,61.53,Paid,0,2026-03-29
711045,912145,306,2026-03-29,54.06,Paid,0,2026-03-29
711046,916895,420,2026-03-29,79.19,Paid,8,2026-04-06
711047,905814,147,2026-03-29,56.21,Paid,1,2026-03-30
711048,910888,268,2026-03-28,58.58,Paid,16,2026-04-13
711049,915731,393,2026-03-27,84.16,Paid,8,2026-04-04
711050,913247,336,2026-03-27,79.07,Paid,5,2026-04-01
711051,901608,39,2026-03-29,62.2,Paid,20,2026-04-18
711052,910954,269,2026-03-27,54.26,Paid,14,2026-04-10
711053,909409,228,2026-03-27,84.89,Paid,2,2026-03-29
711054,913789,349,2026-03-28,113.54,Paid,0,2026-03-28
711055,902638,64,2026-03-27,80.01,Paid,22,2026-04-18
711056,917787,406,2026-03-29,5054.57,Paid,5,2026-04-03
711057,915072,378,2026-03-27,119.06,Paid,0,2026-03-27
711058,901127,29,2026-03-28,85.24,Paid,36,2026-05-03
711059,914385,362,2026-03-29,57.68,Paid,10,2026-04-08
711060,910341,251,2026-03-27,58.24,Paid,9,2026-04-05
711061,904809,122,2026-03-29,91.73,Paid,32,2026-04-30
711062,903565,92,2026-03-27,85.18,Paid,2,2026-03-29
711063,909136,221,2026-03-29,122.73,Paid,18,2026-04-16
711064,914826,373,2026-03-29,60.83,Paid,0,2026-03-29
711065,901553,38,2026-03-28,56.36,Paid,2,2026-03-30
711066,907441,184,2026-03-29,80.66,Paid,3,2026-04-01
711067,908330,201,2026-03-27,58.0,Paid,7,2026-04-03
711068,910614,259,2026-03-28,131.58,Paid,0,2026-03-28
711069,910407,252,2026-03-29,52.4,Paid,0,2026-03-29
711070,901401,35,2026-03-27,57.02,Paid,4,2026-03-31
711071,907706,190,2026-03-27,90.56,Paid,18,2026-04-14
711072,902118,51,2026-03-27,63.64,Paid,24,2026-04-20
711073,901061,28,2026-03-29,52.89,Paid,2,2026-03-31
711074,903328,85,2026-03-28,78.22,Paid,0,2026-03-28
711075,901280,32,2026-03-28,58.07,Paid,0,2026-03-28
711076,911703,293,2026-03-27,54.27,Paid,9,2026-04-05
711077,906786,172,2026-03-29,58.25,Paid,20,2026-04-18
711078,909534,231,2026-03-28,77.3,Paid,6,2026-04-03
711079,916586,413,2026-03-27,83.66,Paid,0,2026-03-27
711080,900722,18,2026-03-27,60.62,Paid,4,2026-03-31
711081,914137,356,2026-03-28,82.09,Paid,15,2026-04-12
711082,910681,261,2026-03-29,55.94,Paid,0,2026-03-29
711083,906699,170,2026-03-28,81.01,Paid,0,2026-03-28
711084,907914,194,2026-03-28,60.34,Paid,18,2026-04-15
711085,912270,309,2026-03-29,58.52,Paid,7,2026-04-05
711086,913448,341,2026-03-28,56.8,Paid,16,2026-04-13
711087,910730,262,2026-03-28,65.64,Paid,15,2026-04-12
711088,913314,339,2026-03-30,58.95,Paid,0,2026-03-30
711089,902185,52,2026-03-28,131.6,Paid,3,2026-03-31
711090,905278,137,2026-03-28,75.68,Paid,0,2026-03-28
711091,913515,342,2026-03-29,52.33,Paid,14,2026-04-12
711092,906842,173,2026-03-28,75.56,Paid,2,2026-03-30
711093,907508,186,2026-03-29,55.6,Paid,4,2026-04-02
711094,903186,81,2026-03-29,98.05,Paid,23,2026-04-21
711095,903273,84,2026-03-30,57.12,Paid,0,2026-03-30
711096,915798,394,2026-03-30,68.08,Paid,34,2026-05-03
711097,910116,247,2026-03-28,67.2,Paid,23,2026-04-20
711098,900486,13,2026-03-30,55.32,Paid,4,2026-04-03
711099,916482,411,2026-03-30,116.53,Paid,0,2026-03-30
711100,909637,233,2026-03-29,79.48,Paid,10,2026-04-08
711101,905383,139,2026-03-28,59.98,Paid,4,2026-04-01
711102,902989,72,2026-03-30,77.36,Paid,9,2026-04-08
711103,901176,30,2026-03-29,60.94,Paid,0,2026-03-29
711104,916531,412,2026-03-29,90.34,Paid,0,2026-03-29
711105,910274,250,2026-03-28,73.28,Paid,0,2026-03-28
711106,911430,286,2026-03-28,59.66,Paid,19,2026-04-16
711107,903802,98,2026-03-29,58.27,Paid,0,2026-03-29
711108,913722,348,2026-03-28,55.25,Paid,12,2026-04-09
711109,900591,15,2026-03-28,57.64,Paid,4,2026-04-01
711110,912232,308,2026-03-29,58.91,Paid,3,2026-04-01
711111,907820,192,2026-03-31,118.87,Paid,11,2026-04-11
711112,905327,138,2026-03-30,64.87,Paid,8,2026-04-07
711113,909251,225,2026-03-30,59.3,Paid,8,2026-04-07
711114,905928,149,2026-03-29,63.07,Paid,25,2026-04-23
711115,912739,323,2026-03-31,69.42,Paid,12,2026-04-12
711116,913995,353,2026-03-31,58.68,Paid,12,2026-04-12
711117,902014,47,2026-03-30,60.1,Paid,7,2026-04-06
711118,916689,416,2026-03-29,71.61,Paid,4,2026-04-02
711119,915864,395,2026-03-30,58.95,Paid,15,2026-04-14
711120,916379,409,2026-03-30,73.14,Paid,5,2026-04-04
711121,904424,113,2026-03-31,53.14,Paid,12,2026-04-12
711122,907103,178,2026-03-29,52.82,Paid,5,2026-04-03
711123,910041,245,2026-03-29,82.24,Paid,1,2026-03-30
711124,915979,398,2026-03-30,67.56,Paid,27,2026-04-26
711125,914439,363,2026-03-30,56.5,Paid,0,2026-03-30
711126,909992,242,2026-03-30,81.76,Paid,12,2026-04-11
711127,902687,65,2026-03-30,55.36,Paid,5,2026-04-04
711128,908243,199,2026-03-29,75.5,Paid,8,2026-04-06
711129,907338,182,2026-03-31,59.73,Paid,0,2026-03-31
711130,917568,304,2026-03-30,1083.67,Paid,26,2026-04-25
711131,905748,146,2026-03-30,55.42,Paid,14,2026-04-13
711132,910219,249,2026-03-29,73.18,Paid,8,2026-04-06
711133,905580,143,2026-03-31,59.75,Paid,16,2026-04-16
711134,901466,36,2026-03-31,83.95,Paid,9,2026-04-09
711135,912975,330,2026-03-30,57.22,Paid,19,2026-04-18
711136,914875,374,2026-03-29,77.02,Paid,12,2026-04-10
711137,911263,281,2026-03-31,59.18,Paid,12,2026-04-12
711138,905645,144,2026-03-29,55.4,Paid,2,2026-03-31
711139,906907,175,2026-03-29,92.32,Paid,43,2026-05-11
711140,909458,229,2026-03-30,51.29,Paid,24,2026-04-23
711141,911365,283,2026-03-29,110.92,Paid,21,2026-04-19
711142,902458,58,2026-03-30,72.49,Paid,11,2026-04-10
711143,901948,45,2026-03-31,55.43,Paid,17,2026-04-17
711144,906116,155,2026-03-29,53.4,Paid,17,2026-04-15
711145,903631,95,2026-03-31,89.11,Paid,33,2026-05-03
711146,905449,140,2026-03-31,56.75,Paid,4,2026-04-04
711147,901883,44,2026-03-30,59.61,Paid,1,2026-03-31
711148,909692,234,2026-03-30,55.46,Paid,3,2026-04-02
711149,903460,87,2026-03-31,62.34,Paid,3,2026-04-03
711150,905515,142,2026-04-01,55.33,Paid,11,2026-04-12
711151,913601,345,2026-03-31,53.15,Paid,11,2026-04-11
711152,913656,347,2026-04-01,54.47,Paid,0,2026-04-01
711153,909343,227,2026-03-30,64.53,Paid,10,2026-04-09
711154,903394,86,2026-03-31,56.94,Paid,10,2026-04-10
711155,909015,216,2026-03-31,60.4,Paid,5,2026-04-05
711156,904375,111,2026-03-30,61.29,Paid,25,2026-04-24
711157,903680,96,2026-03-31,57.48,Paid,5,2026-04-05
711158,915300,384,2026-03-31,62.79,Paid,1,2026-04-01
711159,906154,156,2026-04-01,60.09,Paid,0,2026-04-01
711160,908385,203,2026-03-31,81.93,Paid,3,2026-04-03
711161,904864,123,2026-03-30,61.25,Paid,3,2026-04-02
711162,911636,290,2026-04-01,59.02,Paid,23,2026-04-24
711163,906427,164,2026-03-31,59.4,Paid,7,2026-04-07
711164,917216,132,2026-04-01,247.38,Paid,3,2026-04-04
711165,915138,379,2026-03-31,60.01,Paid,0,2026-03-31
711166,913154,334,2026-04-01,56.15,Paid,10,2026-04-11
711167,913381,340,2026-04-01,68.37,Paid,6,2026-04-07
711168,908177,198,2026-03-31,123.21,Paid,1,2026-04-01
711169,900535,14,2026-03-30,67.82,Paid,29,2026-04-28
711170,900825,21,2026-03-31,95.48,Paid,22,2026-04-22
711171,901712,41,2026-04-01,60.66,Paid,5,2026-04-06
711172,902252,53,2026-04-01,93.17,Paid,22,2026-04-23
711173,912326,312,2026-03-30,157.55,Paid,16,2026-04-15
711174,907640,188,2026-03-31,75.17,Paid,19,2026-04-19
711175,907858,193,2026-04-01,56.04,Paid,0,2026-04-01
711176,908582,206,2026-04-01,61.79,Paid,12,2026-04-13
711177,902742,66,2026-03-31,82.74,Paid,7,2026-04-07
711178,907980,195,2026-04-01,54.17,Paid,0,2026-04-01
711179,901817,43,2026-03-31,58.25,Paid,0,2026-03-31
711180,916314,408,2026-03-30,55.65,Paid,16,2026-04-15
711181,910473,254,2026-03-30,71.14,Paid,17,2026-04-16
711182,904008,103,2026-03-31,78.54,Paid,4,2026-04-04
711183,912843,328,2026-03-31,64.65,Paid,29,2026-04-29
711184,915562,389,2026-03-30,54.11,Paid,0,2026-03-30
711185,900929,25,2026-03-30,75.49,Paid,0,2026-03-30
711186,915931,397,2026-04-01,58.84,Paid,0,2026-04-01
711187,902809,69,2026-03-31,59.94,Paid,15,2026-04-15
711188,906532,166,2026-04-01,56.63,Paid,8,2026-04-09
711189,903906,100,2026-04-02,123.43,Paid,0,2026-04-02
711190,909589,232,2026-03-31,54.82,Paid,15,2026-04-15
711191,914337,361,2026-04-02,58.4,Paid,11,2026-04-13
711192,906973,176,2026-03-31,83.47,Paid,10,2026-04-10
711193,909071,219,2026-04-02,73.1,Paid,20,2026-04-22
711194,911021,270,2026-04-02,59.58,Paid,5,2026-04-07
711195,904517,115,2026-03-31,67.79,Paid,33,2026-05-03
711196,912910,329,2026-04-01,64.04,Paid,12,2026-04-13
711197,914554,366,2026-04-01,77.95,Paid,19,2026-04-20
711198,912582,318,2026-04-02,63.55,Paid,14,2026-04-16
711199,913564,343,2026-04-02,78.4,Paid,12,2026-04-14
711200,916635,414,2026-04-01,62.1,Paid,8,2026-04-09
711201,904140,105,2026-03-31,53.16,Paid,4,2026-04-04
711202,904205,107,2026-03-31,55.37,Paid,9,2026-04-09
711203,916830,419,2026-03-31,73.9,Paid,14,2026-04-14
711204,916738,417,2026-04-02,57.1,Paid,3,2026-04-05
711205,904931,124,2026-04-01,71.09,Paid,7,2026-04-08
711206,916211,404,2026-03-31,60.44,Paid,5,2026-04-05
711207,906645,169,2026-04-02,63.44,Paid,20,2026-04-22
711208,912636,320,2026-03-31,73.24,Paid,9,2026-04-09
711209,915225,382,2026-04-02,78.42,Paid,24,2026-04-26
711210,909939,241,2026-04-02,60.24,Paid,0,2026-04-02
711211,902941,71,2026-04-02,58.87,Paid,0,2026-04-02
711212,908518,205,2026-04-02,74.11,Paid,15,2026-04-17
711213,911069,274,2026-04-02,82.97,Paid,14,2026-04-16
711214,913040,331,2026-04-02,50.51,Paid,20,2026-04-22
711215,912685,322,2026-04-02,112.75,Paid,0,2026-04-02
711216,900035,1,2026-03-31,55.18,Paid,10,2026-04-10
711217,909758,235,2026-04-01,55.81,Paid,12,2026-04-13
711218,915507,388,2026-04-01,59.73,Paid,7,2026-04-08
711219,909202,222,2026-04-01,83.37,Paid,6,2026-04-07
711220,902507,60,2026-04-01,52.06,Paid,9,2026-04-10
711221,907575,187,2026-04-02,58.52,Paid,11,2026-04-13
711222,903045,76,2026-04-03,62.52,Paid,0,2026-04-03
711223,907038,177,2026-04-03,59.99,Paid,0,2026-04-03
711224,913192,335,2026-04-01,55.22,Paid,10,2026-04-11
711225,906041,152,2026-04-02,57.72,Paid,13,2026-04-15
711226,901335,34,2026-04-02,60.13,Paid,15,2026-04-17
711227,911106,275,2026-04-01,59.77,Paid,0,2026-04-01
711228,908967,215,2026-04-01,106.51,Paid,0,2026-04-01
711229,906210,157,2026-04-01,58.3,Paid,0,2026-04-01
711230,900223,6,2026-04-02,59.68,Paid,6,2026-04-08
711231,904074,104,2026-04-02,61.0,Paid,4,2026-04-06
711232,915459,387,2026-04-01,64.48,Paid,21,2026-04-22
711233,913106,333,2026-04-03,81.04,Paid,0,2026-04-03
711234,905694,145,2026-04-02,107.52,Paid,3,2026-04-05
711235,909824,236,2026-04-01,116.49,Paid,19,2026-04-20
711236,907387,183,2026-04-01,79.1,Paid,0,2026-04-01
711237,908046,196,2026-04-03,53.48,Paid,5,2026-04-08
711238,917647,341,2026-04-01,2741.01,Paid,17,2026-04-18
711239,916082,401,2026-04-02,51.58,Paid,0,2026-04-02
711240,915263,383,2026-04-02,59.59,Paid,0,2026-04-02
711241,900121,3,2026-04-01,74.92,Paid,0,2026-04-01
711242,905061,126,2026-04-03,86.18,Paid,17,2026-04-20
711243,917180,115,2026-04-01,508.88,Paid,10,2026-04-11
711244,902301,54,2026-04-01,60.42,Paid,3,2026-04-04
711245,900657,16,2026-04-02,62.1,Paid,8,2026-04-10
711246,903131,79,2026-04-02,57.22,Paid,16,2026-04-18
711247,910615,259,2026-04-02,118.01,Paid,7,2026-04-09
711248,907772,191,2026-04-03,123.64,Paid,8,2026-04-11
711249,910785,266,2026-04-01,56.62,Paid,15,2026-04-16
711250,916157,403,2026-04-02,80.8,Paid,3,2026-04-05
711251,915393,386,2026-04-02,59.93,Paid,11,2026-04-13
711252,908901,213,2026-04-03,116.57,Paid,25,2026-04-28
711253,907274,181,2026-04-02,51.97,Paid,11,2026-04-13
711254,903851,99,2026-04-03,77.7,Paid,12,2026-04-15
711255,911976,302,2026-04-02,129.15,Paid,7,2026-04-09
711256,905966,150,2026-04-02,61.37,Paid,17,2026-04-19
711257,915665,391,2026-04-02,68.65,Paid,2,2026-04-04
711258,911534,288,2026-04-03,55.13,Paid,0,2026-04-03
711259,901232,31,2026-04-02,116.82,Paid,14,2026-04-16
711260,908452,204,2026-04-03,56.17,Paid,15,2026-04-18
711261,911807,295,2026-04-04,71.15,Paid,30,2026-05-04
711262,911161,279,2026-04-03,58.8,Paid,6,2026-04-09
711263,908631,207,2026-04-03,66.21,Paid,16,2026-04-19
711264,916034,399,2026-04-02,59.5,Paid,11,2026-04-13
711265,904996,125,2026-04-02,76.09,Paid,11,2026-04-13
711266,904621,118,2026-04-04,59.03,Paid,1,2026-04-05
711267,906597,167,2026-04-03,58.16,Paid,9,2026-04-12
711268,913892,351,2026-04-04,52.4,Paid,5,2026-04-09
711269,900420,11,2026-04-02,62.72,Paid,0,2026-04-02
711270,900175,4,2026-04-04,79.82,Paid,1,2026-04-05
711271,902356,55,2026-04-04,97.29,Paid,22,2026-04-26
711272,913838,350,2026-04-02,55.86,Paid,0,2026-04-02
711273,910171,248,2026-04-02,120.19,Paid,5,2026-04-07
711274,915006,377,2026-04-04,74.77,Paid,0,2026-04-04
711275,914608,367,2026-04-03,58.47,Paid,0,2026-04-03
711276,911431,286,2026-04-02,56.88,Paid,8,2026-04-10
711277,912459,314,2026-04-02,71.39,Paid,13,2026-04-15
711278,904723,120,2026-04-02,83.41,Paid,3,2026-04-05
711279,912079,304,2026-04-04,85.19,Paid,29,2026-05-03
711280,906258,158,2026-04-02,62.1,Paid,20,2026-04-22
711281,910833,267,2026-04-04,118.48,Paid,1,2026-04-05
711282,915611,390,2026-04-03,58.99,Paid,0,2026-04-03
711283,910079,246,2026-04-04,69.53,Paid,13,2026-04-17
711284,917590,314,2026-04-04,1775.37,Paid,18,2026-04-22
711285,911911,299,2026-04-03,58.31,Paid,2,2026-04-05
711286,908847,212,2026-04-04,70.4,Paid,29,2026-05-03
711287,900771,19,2026-04-03,55.29,Paid,0,2026-04-03
711288,914271,359,2026-04-02,76.06,Paid,10,2026-04-12
711289,912146,306,2026-04-05,58.12,Paid,12,2026-04-17
711290,907442,184,2026-04-05,76.5,Paid,16,2026-04-21
711291,901402,35,2026-04-05,55.45,Paid,1,2026-04-06
711292,901128,29,2026-04-05,93.96,Paid,29,2026-05-04
711293,906749,171,2026-04-03,81.34,Paid,20,2026-04-23
711294,914205,357,2026-04-03,82.68,Paid,1,2026-04-04
711295,909137,221,2026-04-04,119.13,Paid,14,2026-04-18
711296,914952,376,2026-04-04,73.11,Paid,17,2026-04-21
711297,907707,190,2026-04-04,96.0,Paid,24,2026-04-28
711298,902545,61,2026-04-04,70.24,Paid,20,2026-04-24
711299,902639,64,2026-04-04,77.76,Paid,13,2026-04-17
711300,910408,252,2026-04-05,54.26,Paid,1,2026-04-06
711301,916587,413,2026-04-05,75.88,Paid,10,2026-04-15
711302,913248,336,2026-04-05,76.09,Paid,21,2026-04-26
711303,902876,70,2026-04-05,69.7,Paid,24,2026-04-29
711304,901062,28,2026-04-03,53.63,Paid,0,2026-04-03
711305,915073,378,2026-04-04,110.76,Paid,2,2026-04-06
711306,905148,132,2026-04-03,58.99,Paid,2,2026-04-05
711307,902119,51,2026-04-03,65.86,Paid,24,2026-04-27
711308,905815,147,2026-04-04,59.91,Paid,11,2026-04-15
711309,900261,7,2026-04-03,56.66,Paid,11,2026-04-14
711310,914827,373,2026-04-04,56.7,Paid,16,2026-04-20
711311,911704,293,2026-04-03,58.57,Paid,17,2026-04-20
711312,908293,200,2026-04-05,73.5,Paid,26,2026-05-01
711313,912393,313,2026-04-04,117.05,Paid,4,2026-04-08
711314,900723,18,2026-04-03,59.11,Paid,9,2026-04-12
711315,903510,88,2026-04-04,70.18,Paid,35,2026-05-09
711316,901609,39,2026-04-04,61.05,Paid,9,2026-04-13
711317,903329,85,2026-04-04,85.33,Paid,4,2026-04-08
711318,900316,9,2026-04-05,56.58,Paid,6,2026-04-11
711319,912545,317,2026-04-04,81.07,Paid,7,2026-04-11
711320,908799,211,2026-04-03,63.08,Paid,25,2026-04-28
711321,912025,303,2026-04-04,75.62,Paid,4,2026-04-08
711322,909891,238,2026-04-03,53.79,Paid,8,2026-04-11
711323,907208,180,2026-04-03,86.34,Paid,8,2026-04-11
711324,904310,110,2026-04-04,65.0,Paid,26,2026-04-30
711325,903736,97,2026-04-05,77.72,Paid,0,2026-04-05
711326,913790,349,2026-04-03,115.99,Paid,9,2026-04-12
711327,908111,197,2026-04-04,77.23,Paid,3,2026-04-07
711328,910955,269,2026-04-05,54.87,Paid,21,2026-04-26
711329,909410,228,2026-04-04,85.95,Paid,22,2026-04-26
711330,905880,148,2026-04-03,56.61,Paid,13,2026-04-16
711331,915732,393,2026-04-05,85.43,Paid,6,2026-04-11
711332,916896,420,2026-04-05,77.92,Paid,9,2026-04-14
711333,903566,92,2026-04-04,81.23,Paid,0,2026-04-04
711334,910889,268,2026-04-03,53.7,Paid,11,2026-04-14
711335,910342,251,2026-04-03,63.18,Paid,27,2026-04-30
711336,915799,394,2026-04-04,66.82,Paid,12,2026-04-16
711337,901713,41,2026-04-06,57.16,Paid,7,2026-04-13
711338,904566,116,2026-04-04,58.67,Paid,5,2026-04-09
711339,907915,194,2026-04-05,57.49,Paid,0,2026-04-05
711340,910682,261,2026-04-05,55.04,Paid,14,2026-04-19
711341,900592,15,2026-04-05,56.46,Paid,3,2026-04-08
711342,913315,339,2026-04-04,62.2,Paid,14,2026-04-18
711343,902186,52,2026-04-04,113.69,Paid,20,2026-04-24
711344,913449,341,2026-04-05,55.78,Paid,0,2026-04-05
711345,914695,370,2026-04-05,86.47,Paid,16,2026-04-21
711346,906843,173,2026-04-04,75.1,Paid,8,2026-04-12
711347,905279,137,2026-04-06,75.35,Paid,0,2026-04-06
711348,914914,375,2026-04-06,56.61,Paid,7,2026-04-13
711349,916483,411,2026-04-05,125.14,Paid,7,2026-04-12
711350,917193,122,2026-04-04,5270.17,Paid,14,2026-04-18
711351,911856,298,2026-04-04,54.91,Paid,0,2026-04-04
711352,917703,368,2026-04-04,3225.87,Paid,8,2026-04-12
711353,911210,280,2026-04-05,51.68,Paid,0,2026-04-05
711354,910275,250,2026-04-06,78.64,Paid,5,2026-04-11
711355,907509,186,2026-04-04,58.71,Paid,0,2026-04-04
711356,906477,165,2026-04-06,57.43,Paid,7,2026-04-13
711357,905384,139,2026-04-06,60.68,Paid,8,2026-04-14
711358,903803,98,2026-04-06,59.15,Paid,1,2026-04-07
711359,911582,289,2026-04-05,59.94,Paid,1,2026-04-06
711360,913723,348,2026-04-04,54.7,Paid,1,2026-04-05
711361,906700,170,2026-04-05,80.82,Paid,7,2026-04-12
711362,900996,27,2026-04-06,80.37,Paid,15,2026-04-21
711363,914506,365,2026-04-05,55.72,Paid,9,2026-04-14
711364,903187,81,2026-04-06,80.81,Paid,17,2026-04-23
711365,902015,47,2026-04-04,55.48,Paid,0,2026-04-04
711366,912976,330,2026-04-05,63.16,Paid,18,2026-04-23
711367,902064,48,2026-04-04,55.57,Paid,0,2026-04-04
711368,905110,129,2026-04-04,79.49,Paid,5,2026-04-09
711369,911459,286,2026-04-05,92.82,Paid,5,2026-04-10
711370,911479,287,2026-04-06,62.69,Paid,0,2026-04-06
711371,913041,331,2026-04-06,58.38,Paid,1,2026-04-07
711372,906560,166,2026-04-06,95.5,Paid,5,2026-04-11
711373,902524,60,2026-04-05,85.6,Paid,15,2026-04-20
711374,906494,165,2026-04-07,89.84,Paid,4,2026-04-11
711375,901090,28,2026-04-07,94.71,Paid,8,2026-04-15
711376,903632,95,2026-04-06,90.95,Paid,21,2026-04-27
711377,907104,178,2026-04-05,61.95,Paid,15,2026-04-20
711378,908583,206,2026-04-07,56.86,Paid,12,2026-04-19
711379,909033,216,2026-04-07,94.88,Paid,5,2026-04-12
711380,917323,177,2026-04-05,257.58,Paid,0,2026-04-05
711381,913751,348,2026-04-06,92.43,Paid,14,2026-04-20
711382,900487,13,2026-04-07,61.2,Paid,0,2026-04-07
711383,908244,199,2026-04-07,81.57,Paid,12,2026-04-19
711384,905581,143,2026-04-06,54.82,Paid,0,2026-04-06
711385,917023,44,2026-04-06,1895.73,Paid,13,2026-04-19
711386,903954,102,2026-04-07,69.1,Paid,21,2026-04-28
711387,916137,402,2026-04-07,106.73,Paid,29,2026-05-06
711388,913516,342,2026-04-07,58.6,Paid,10,2026-04-17
711389,914044,354,2026-04-05,53.93,Paid,15,2026-04-20
711390,917502,272,2026-04-07,727.87,Paid,12,2026-04-19
711391,905646,144,2026-04-06,57.61,Paid,23,2026-04-29
711392,908743,210,2026-04-07,61.81,Paid,2,2026-04-09
711393,902771,66,2026-04-06,135.4,Paid,17,2026-04-23
711394,901675,40,2026-04-06,89.99,Paid,15,2026-04-21
711395,908706,209,2026-04-06,58.02,Paid,4,2026-04-10
711396,910237,249,2026-04-05,119.94,Paid,0,2026-04-05
711397,907339,182,2026-04-05,55.12,Paid,17,2026-04-22
711398,916615,413,2026-04-05,120.97,Paid,0,2026-04-05
711399,912637,320,2026-04-07,76.16,Paid,8,2026-04-15
711400,905450,140,2026-04-07,60.89,Paid,10,2026-04-17
711401,911312,282,2026-04-05,111.63,Paid,11,2026-04-16
711402,916690,416,2026-04-06,82.43,Paid,6,2026-04-12
711403,904480,114,2026-04-05,118.44,Paid,9,2026-04-14
711404,914166,356,2026-04-06,119.39,Paid,17,2026-04-23
711405,909203,222,2026-04-07,82.16,Paid,10,2026-04-17
711406,905223,135,2026-04-05,56.55,Paid,9,2026-04-14
711407,915865,395,2026-04-05,58.41,Paid,9,2026-04-14
711408,911329,282,2026-04-05,196.29,Paid,0,2026-04-05
711409,909993,242,2026-04-06,79.52,Paid,13,2026-04-19
711410,908386,203,2026-04-05,76.68,Paid,8,2026-04-13
711411,916428,410,2026-04-06,99.27,Paid,30,2026-05-06
711412,914440,363,2026-04-07,51.57,Paid,2,2026-04-09
711413,905749,146,2026-04-06,57.77,Paid,12,2026-04-18
711414,910643,259,2026-04-07,185.64,Paid,0,2026-04-07
711415,911264,281,2026-04-06,56.73,Paid,7,2026-04-13
711416,910540,255,2026-04-06,93.72,Paid,5,2026-04-11
711417,904827,122,2026-04-06,150.85,Paid,28,2026-05-04
711418,911366,283,2026-04-06,121.87,Paid,0,2026-04-06
711419,901949,45,2026-04-06,57.18,Paid,12,2026-04-18
711420,913996,353,2026-04-06,54.72,Paid,8,2026-04-14
711421,906351,161,2026-04-08,100.32,Paid,6,2026-04-14
711422,906428,164,2026-04-07,58.51,Paid,9,2026-04-16
711423,904669,119,2026-04-06,61.08,Paid,22,2026-04-28
711424,900826,21,2026-04-08,95.9,Paid,15,2026-04-23
711425,901467,36,2026-04-07,78.2,Paid,2,2026-04-09
711426,906372,163,2026-04-07,67.11,Paid,6,2026-04-13
711427,906079,153,2026-04-06,74.41,Paid,14,2026-04-20
711428,908178,198,2026-04-07,116.44,Paid,15,2026-04-22
711429,907641,188,2026-04-06,72.52,Paid,21,2026-04-27
711430,912740,323,2026-04-06,71.12,Paid,16,2026-04-22
711431,915139,379,2026-04-08,56.58,Paid,21,2026-04-29
711432,913382,340,2026-04-07,71.75,Paid,23,2026-04-30
711433,912844,328,2026-04-07,71.85,Paid,13,2026-04-20
711434,914365,361,2026-04-08,86.14,Paid,15,2026-04-23
711435,901533,37,2026-04-08,110.33,Paid,16,2026-04-24
711436,917373,205,2026-04-07,2245.24,Paid,9,2026-04-16
711437,902253,53,2026-04-08,92.21,Paid,22,2026-04-30
711438,904865,123,2026-04-07,57.33,Paid,19,2026-04-26
711439,902583,62,2026-04-08,83.49,Paid,7,2026-04-15
711440,911637,290,2026-04-07,58.78,Paid,23,2026-04-30
711441,904009,103,2026-04-07,78.34,Paid,3,2026-04-10
711442,912487,314,2026-04-06,111.14,Paid,20,2026-04-26
711443,914733,371,2026-04-08,64.68,Paid,7,2026-04-15
711444,916315,408,2026-04-07,58.38,Paid,0,2026-04-07
711445,910059,245,2026-04-06,130.41,Paid,11,2026-04-17
711446,910813,266,2026-04-06,102.4,Paid,15,2026-04-21
711447,911049,270,2026-04-08,97.13,Paid,2,2026-04-10
711448,909693,234,2026-04-08,50.87,Paid,9,2026-04-17
711449,902459,58,2026-04-06,63.27,Paid,22,2026-04-28
711450,901818,43,2026-04-06,55.53,Paid,0,2026-04-06
711451,902743,66,2026-04-08,81.03,Paid,7,2026-04-15
711452,905544,142,2026-04-08,93.42,Paid,8,2026-04-16
711453,908074,196,2026-04-07,87.8,Paid,12,2026-04-19
711454,902705,65,2026-04-08,95.25,Paid,0,2026-04-08
711455,914138,356,2026-04-07,80.51,Paid,1,2026-04-08
711456,903395,86,2026-04-07,55.1,Paid,2,2026-04-09
711457,901977,45,2026-04-06,93.3,Paid,7,2026-04-13
711458,909344,227,2026-04-07,52.03,Paid,1,2026-04-08
711459,915997,398,2026-04-07,111.28,Paid,30,2026-05-07
711460,901884,44,2026-04-06,55.11,Paid,9,2026-04-15
711461,907981,195,2026-04-07,58.33,Paid,5,2026-04-12
711462,912288,309,2026-04-08,95.48,Paid,8,2026-04-16
711463,900930,25,2026-04-08,70.26,Paid,0,2026-04-08
711464,911292,281,2026-04-08,91.61,Paid,19,2026-04-27
711465,900203,4,2026-04-07,134.11,Paid,14,2026-04-21
711466,902405,57,2026-04-08,62.57,Paid,27,2026-05-05
711467,903461,87,2026-04-07,55.8,Paid,2,2026-04-09
711468,901658,40,2026-04-08,56.65,Paid,21,2026-04-29
711469,910474,254,2026-04-08,65.62,Paid,34,2026-05-12
711470,913657,347,2026-04-08,61.02,Paid,15,2026-04-23
711471,915188,381,2026-04-06,77.57,Paid,19,2026-04-25
711472,905516,142,2026-04-07,56.21,Paid,0,2026-04-07
711473,915563,389,2026-04-08,57.58,Paid,4,2026-04-12
711474,900875,22,2026-04-06,67.55,Paid,24,2026-04-30
711475,912789,324,2026-04-08,58.76,Paid,9,2026-04-17
711476,904376,111,2026-04-06,57.0,Paid,8,2026-04-14
711477,912327,312,2026-04-07,128.2,Paid,24,2026-05-01
711478,907735,190,2026-04-08,159.2,Paid,33,2026-05-11
711479,913941,352,2026-04-08,115.49,Paid,23,2026-05-01
711480,916776,418,2026-04-06,61.52,Paid,0,2026-04-06
711481,912250,308,2026-04-09,92.63,Paid,1,2026-04-10
711482,902214,52,2026-04-08,167.6,Paid,17,2026-04-25
711483,910710,261,2026-04-08,93.66,Paid,0,2026-04-08
711484,902904,70,2026-04-08,109.0,Paid,18,2026-04-26
711485,900751,18,2026-04-09,95.52,Paid,4,2026-04-13
711486,916511,411,2026-04-09,193.18,Paid,0,2026-04-09
711487,916831,419,2026-04-08,73.5,Paid,2,2026-04-10
711488,913343,339,2026-04-09,86.93,Paid,5,2026-04-14
711489,904168,105,2026-04-07,89.03,Paid,1,2026-04-08
711490,906004,151,2026-04-07,55.04,Paid,8,2026-04-15
711491,904206,107,2026-04-07,59.71,Paid,0,2026-04-07
711492,915007,377,2026-04-08,76.44,Paid,19,2026-04-27
711493,912911,329,2026-04-08,67.4,Paid,11,2026-04-19
711494,913855,350,2026-04-08,96.27,Paid,5,2026-04-13
711495,905307,137,2026-04-08,119.43,Paid,9,2026-04-17
711496,910561,256,2026-04-08,61.04,Paid,10,2026-04-18
711497,906908,175,2026-04-08,91.63,Paid,31,2026-05-09
711498,905674,144,2026-04-08,103.86,Paid,2,2026-04-10
711499,909590,232,2026-04-07,54.81,Paid,1,2026-04-08
711500,904959,124,2026-04-07,123.93,Paid,21,2026-04-28
711501,911022,270,2026-04-09,59.83,Paid,0,2026-04-09
711502,911873,298,2026-04-08,92.51,Paid,8,2026-04-16
711503,914082,355,2026-04-07,57.3,Paid,2,2026-04-09
711504,907153,179,2026-04-09,96.89,Paid,34,2026-05-13
711505,917665,349,2026-04-08,6063.44,Paid,17,2026-04-25
711506,906533,166,2026-04-07,59.11,Paid,7,2026-04-14
711507,909072,219,2026-04-07,70.91,Paid,19,2026-04-26
711508,903907,100,2026-04-08,109.47,Paid,11,2026-04-19
711509,911732,293,2026-04-08,95.03,Paid,11,2026-04-19
711510,917688,359,2026-04-07,751.72,Paid,6,2026-04-13
711511,904518,115,2026-04-09,65.28,Paid,22,2026-05-01
711512,913581,343,2026-04-09,121.07,Paid,0,2026-04-09
711513,903423,86,2026-04-09,103.53,Paid,21,2026-04-30
711514,915932,397,2026-04-08,58.35,Paid,3,2026-04-11
711515,906974,176,2026-04-07,76.6,Paid,11,2026-04-18
711516,900036,1,2026-04-09,60.89,Paid,6,2026-04-15
711517,900365,10,2026-04-08,56.42,Paid,7,2026-04-15
711518,916212,404,2026-04-07,58.84,Paid,11,2026-04-18
711519,904141,105,2026-04-08,62.42,Paid,11,2026-04-19
711520,914338,361,2026-04-09,61.65,Paid,7,2026-04-16
711521,907576,187,2026-04-07,63.28,Paid,19,2026-04-26
711522,917178,114,2026-04-08,911.91,Paid,34,2026-05-12
711523,900553,14,2026-04-07,100.09,Paid,15,2026-04-22
711524,908519,205,2026-04-07,83.0,Paid,5,2026-04-12
711525,916380,409,2026-04-07,78.04,Paid,7,2026-04-14
711526,904338,110,2026-04-09,118.03,Paid,22,2026-05-01
711527,900515,13,2026-04-07,92.05,Paid,13,2026-04-20
711528,901516,37,2026-04-09,63.9,Paid,36,2026-05-15
711529,909759,235,2026-04-09,55.0,Paid,0,2026-04-09
711530,904932,124,2026-04-09,80.51,Paid,0,2026-04-09
711531,916260,406,2026-04-07,57.22,Paid,10,2026-04-17
711532,902810,69,2026-04-08,60.75,Paid,9,2026-04-17
711533,914061,354,2026-04-07,96.52,Paid,15,2026-04-22
711534,904583,116,2026-04-08,86.56,Paid,4,2026-04-12
711535,909165,221,2026-04-08,180.27,Paid,0,2026-04-08
711536,900084,2,2026-04-09,60.64,Paid,7,2026-04-16
711537,915460,387,2026-04-08,67.79,Paid,21,2026-04-29
711538,917105,79,2026-04-08,4544.86,Paid,7,2026-04-15
711539,905908,148,2026-04-08,93.01,Paid,0,2026-04-08
711540,915524,388,2026-04-10,96.88,Paid,4,2026-04-14
711541,908047,196,2026-04-10,59.11,Paid,7,2026-04-17
711542,915394,386,2026-04-08,56.94,Paid,22,2026-04-30
711543,904254,109,2026-04-08,55.74,Paid,4,2026-04-12
711544,903046,76,2026-04-08,61.16,Paid,9,2026-04-17
711545,914657,368,2026-04-10,55.74,Paid,16,2026-04-26
711546,900278,7,2026-04-08,101.75,Paid,0,2026-04-08
711547,908902,213,2026-04-10,122.37,Paid,3,2026-04-13
711548,909825,236,2026-04-10,120.94,Paid,1,2026-04-11
711549,908968,215,2026-04-10,113.68,Paid,8,2026-04-18
711550,900658,16,2026-04-08,54.06,Paid,9,2026-04-17
711551,911753,294,2026-04-10,87.81,Paid,31,2026-05-11
711552,912195,307,2026-04-08,55.89,Paid,18,2026-04-26
711553,907275,181,2026-04-08,59.39,Paid,15,2026-04-23
711554,904997,125,2026-04-10,79.47,Paid,0,2026-04-10
711555,911977,302,2026-04-08,123.32,Paid,3,2026-04-11
711556,913107,333,2026-04-09,78.09,Paid,9,2026-04-18
711557,901336,34,2026-04-08,63.99,Paid,22,2026-04-30
711558,910616,259,2026-04-08,117.17,Paid,12,2026-04-20
711559,913134,333,2026-04-08,122.98,Paid,4,2026-04-12
711560,907800,191,2026-04-10,192.57,Paid,13,2026-04-23
711561,907773,191,2026-04-08,125.04,Paid,4,2026-04-12
711562,902942,71,2026-04-09,58.67,Paid,6,2026-04-15
711563,907132,178,2026-04-08,88.83,Paid,13,2026-04-21
711564,906296,159,2026-04-09,92.05,Paid,41,2026-05-20
711565,906096,153,2026-04-08,116.67,Paid,3,2026-04-11
711566,916120,402,2026-04-09,67.38,Paid,19,2026-04-28
711567,902147,51,2026-04-10,114.58,Paid,28,2026-05-08
711568,906787,172,2026-04-10,55.86,Paid,11,2026-04-21
711569,901762,42,2026-04-09,78.77,Paid,4,2026-04-13
711570,915666,391,2026-04-08,65.88,Paid,0,2026-04-08
711571,906456,164,2026-04-10,93.48,Paid,6,2026-04-16
711572,916099,401,2026-04-11,92.19,Paid,6,2026-04-17
711573,911432,286,2026-04-11,58.95,Paid,8,2026-04-19
711574,915339,385,2026-04-09,78.9,Paid,0,2026-04-09
711575,912525,316,2026-04-09,190.58,Paid,19,2026-04-28
711576,907302,181,2026-04-09,99.16,Paid,7,2026-04-16
711577,914609,367,2026-04-10,62.9,Paid,2,2026-04-12
711578,912080,304,2026-04-11,94.98,Paid,21,2026-05-02
711579,911808,295,2026-04-10,65.41,Paid,25,2026-05-05
711580,904686,119,2026-04-11,93.05,Paid,0,2026-04-11
711581,912508,316,2026-04-09,110.0,Paid,6,2026-04-15
711582,904622,118,2026-04-11,58.57,Paid,7,2026-04-18
711583,906598,167,2026-04-10,55.02,Paid,5,2026-04-15
711584,907537,186,2026-04-09,102.49,Paid,13,2026-04-22
711585,910786,266,2026-04-10,54.29,Paid,4,2026-04-14
711586,908453,204,2026-04-10,54.27,Paid,0,2026-04-10
711587,912460,314,2026-04-09,70.94,Paid,15,2026-04-24
711588,908480,204,2026-04-09,90.8,Paid,3,2026-04-12
711589,905089,126,2026-04-09,122.35,Paid,13,2026-04-22
711590,917097,77,2026-04-09,3552.32,Paid,25,2026-05-04
711591,916408,409,2026-04-10,114.68,Paid,0,2026-04-10
711592,901194,30,2026-04-11,87.85,Paid,20,2026-05-01
711593,915959,397,2026-04-11,92.79,Paid,13,2026-04-24
711594,910578,256,2026-04-10,99.43,Paid,15,2026-04-25
711595,905186,133,2026-04-09,57.52,Paid,13,2026-04-22
711596,911535,288,2026-04-11,54.25,Paid,13,2026-04-24
711597,905881,148,2026-04-10,61.39,Paid,1,2026-04-11
711598,904772,121,2026-04-11,63.21,Paid,13,2026-04-24
711599,916035,399,2026-04-09,57.59,Paid,0,2026-04-09
711600,900176,4,2026-04-10,73.51,Paid,0,2026-04-10
711601,911162,279,2026-04-09,57.88,Paid,6,2026-04-15
711602,905062,126,2026-04-10,75.96,Paid,2,2026-04-12
711603,910523,255,2026-04-09,58.75,Paid,9,2026-04-18
711604,901233,31,2026-04-10,119.28,Paid,6,2026-04-16
711605,903868,99,2026-04-09,120.15,Paid,6,2026-04-15
711606,911912,299,2026-04-10,59.76,Paid,0,2026-04-10
711607,907170,179,2026-04-09,145.18,Paid,19,2026-04-28
711608,904463,114,2026-04-10,67.25,Paid,8,2026-04-18
711609,915893,395,2026-04-12,85.17,Paid,1,2026-04-13
711610,907404,183,2026-04-12,127.82,Paid,0,2026-04-12
711611,915733,393,2026-04-10,77.16,Paid,15,2026-04-25
711612,915101,378,2026-04-10,189.26,Paid,0,2026-04-10
711613,910890,268,2026-04-10,50.42,Paid,0,2026-04-10
711614,904311,110,2026-04-10,63.76,Paid,17,2026-04-27
711615,902640,64,2026-04-11,76.03,Paid,0,2026-04-11
711616,902357,55,2026-04-10,94.71,Paid,29,2026-05-09
711617,903737,97,2026-04-10,80.67,Paid,0,2026-04-10
711618,914507,365,2026-04-10,62.23,Paid,8,2026-04-18
711619,915827,394,2026-04-12,106.41,Paid,18,2026-04-30
711620,911394,283,2026-04-11,206.02,Paid,0,2026-04-11
711621,903236,83,2026-04-12,57.28,Paid,8,2026-04-20
711622,909138,221,2026-04-12,123.96,Paid,4,2026-04-16
711623,907443,184,2026-04-11,77.53,Paid,4,2026-04-15
711624,906211,157,2026-04-12,59.8,Paid,14,2026-04-26
711625,910956,269,2026-04-11,57.55,Paid,4,2026-04-15
711626,901554,38,2026-04-10,59.08,Paid,17,2026-04-27
711627,911705,293,2026-04-11,59.69,Paid,0,2026-04-11
711628,909535,231,2026-04-10,83.18,Paid,1,2026-04-11
711629,912599,318,2026-04-12,100.12,Paid,15,2026-04-27
711630,907209,180,2026-04-11,82.07,Paid,7,2026-04-18
711631,915074,378,2026-04-11,111.09,Paid,3,2026-04-14
711632,901779,42,2026-04-10,133.31,Paid,0,2026-04-10
711633,903330,85,2026-04-11,83.83,Paid,9,2026-04-20
711634,900317,9,2026-04-10,55.29,Paid,6,2026-04-16
711635,908800,211,2026-04-11,71.37,Paid,18,2026-04-29
711636,908760,210,2026-04-11,96.86,Paid,10,2026-04-21
711637,902120,51,2026-04-11,69.13,Paid,24,2026-05-05
711638,906334,161,2026-04-10,62.79,Paid,5,2026-04-15
711639,901610,39,2026-04-11,59.32,Paid,9,2026-04-20
711640,908669,208,2026-04-10,99.75,Paid,14,2026-04-24
711641,914272,359,2026-04-12,74.09,Paid,7,2026-04-19
711642,909411,228,2026-04-11,82.36,Paid,16,2026-04-27
711643,900421,11,2026-04-12,54.06,Paid,0,2026-04-12
711644,907039,177,2026-04-10,50.15,Paid,0,2026-04-10
711645,904810,122,2026-04-11,101.82,Paid,16,2026-04-27
711646,913893,351,2026-04-10,56.43,Paid,2,2026-04-12
711647,901403,35,2026-04-11,54.01,Paid,8,2026-04-19
711648,904724,120,2026-04-12,79.56,Paid,17,2026-04-29
711649,908331,201,2026-04-11,58.0,Paid,8,2026-04-19
711650,907603,187,2026-04-12,90.33,Paid,0,2026-04-12
711651,904075,104,2026-04-11,58.59,Paid,0,2026-04-11
711652,900724,18,2026-04-10,52.76,Paid,7,2026-04-17
711653,916588,413,2026-04-11,73.47,Paid,0,2026-04-11
711654,914206,357,2026-04-12,79.99,Paid,10,2026-04-22
711655,916897,420,2026-04-11,76.15,Paid,21,2026-05-02
711656,916924,420,2026-04-11,126.51,Paid,7,2026-04-18
711657,905777,146,2026-04-11,96.21,Paid,14,2026-04-25
711658,903567,92,2026-04-11,77.43,Paid,7,2026-04-18
711659,913249,336,2026-04-10,77.51,Paid,0,2026-04-10
711660,901281,32,2026-04-12,58.12,Paid,0,2026-04-12
711661,905816,147,2026-04-12,60.28,Paid,2,2026-04-14
711662,908112,197,2026-04-11,83.11,Paid,3,2026-04-14
711663,910199,248,2026-04-10,189.95,Paid,5,2026-04-15
711664,914828,373,2026-04-11,60.56,Paid,26,2026-05-07
711665,914386,362,2026-04-11,57.97,Paid,23,2026-05-04
711666,907708,190,2026-04-11,86.37,Paid,29,2026-05-10
711667,909892,238,2026-04-10,56.45,Paid,0,2026-04-10
711668,916549,412,2026-04-12,122.18,Paid,13,2026-04-25
711669,902281,53,2026-04-11,146.31,Paid,17,2026-04-28
711670,913958,352,2026-04-11,182.21,Paid,15,2026-04-26
711671,913791,349,2026-04-11,107.24,Paid,0,2026-04-11
711672,910343,251,2026-04-12,59.18,Paid,17,2026-04-29
711673,904649,118,2026-04-11,89.4,Paid,0,2026-04-11
711674,914771,372,2026-04-10,110.84,Paid,0,2026-04-10
711675,901129,29,2026-04-12,93.51,Paid,10,2026-04-22
711676,901063,28,2026-04-12,63.43,Paid,3,2026-04-15
711677,912147,306,2026-04-11,58.98,Paid,10,2026-04-21
711678,910748,262,2026-04-12,108.85,Paid,22,2026-05-04
711679,906766,171,2026-04-10,126.93,Paid,11,2026-04-21
711680,902877,70,2026-04-12,74.09,Paid,29,2026-05-11
711681,916653,414,2026-04-11,86.94,Paid,16,2026-04-27
711682,903094,77,2026-04-10,71.96,Paid,18,2026-04-28
711683,912768,323,2026-04-10,108.86,Paid,26,2026-05-06
711684,910409,252,2026-04-11,60.11,Paid,11,2026-04-22
711685,910021,242,2026-04-11,123.87,Paid,15,2026-04-26
711686,900997,27,2026-04-12,77.38,Paid,0,2026-04-12
711687,912421,313,2026-04-11,179.66,Paid,8,2026-04-19
711688,904751,120,2026-04-13,120.07,Paid,12,2026-04-25
711689,902990,72,2026-04-12,86.19,Paid,13,2026-04-25
711690,907838,192,2026-04-13,174.91,Paid,0,2026-04-13
711691,913685,347,2026-04-13,98.97,Paid,5,2026-04-18
711692,906701,170,2026-04-13,78.44,Paid,15,2026-04-28
711693,903660,95,2026-04-13,159.09,Paid,26,2026-05-09
711694,909290,226,2026-04-13,77.98,Paid,13,2026-04-26
711695,907916,194,2026-04-12,56.03,Paid,0,2026-04-12
711696,909497,230,2026-04-11,118.68,Paid,6,2026-04-17
711697,910276,250,2026-04-13,81.46,Paid,19,2026-05-02
711698,914139,356,2026-04-12,78.47,Paid,5,2026-04-17
711699,905280,137,2026-04-13,86.33,Paid,8,2026-04-21
711700,906844,173,2026-04-11,82.51,Paid,3,2026-04-14
711701,900138,3,2026-04-12,129.47,Paid,25,2026-05-07
711702,901024,27,2026-04-12,126.94,Paid,0,2026-04-12
711703,915800,394,2026-04-13,69.2,Paid,14,2026-04-27
711704,901177,30,2026-04-11,56.88,Paid,5,2026-04-16
711705,901846,43,2026-04-12,101.36,Paid,0,2026-04-12
711706,914024,353,2026-04-13,88.52,Paid,0,2026-04-13
711707,912562,317,2026-04-11,123.26,Paid,11,2026-04-22
711708,903527,88,2026-04-12,110.06,Paid,13,2026-04-25
711709,913724,348,2026-04-13,65.18,Paid,13,2026-04-26
711710,904271,109,2026-04-11,88.8,Paid,8,2026-04-19
711711,908864,212,2026-04-11,107.39,Paid,17,2026-04-28
711712,903274,84,2026-04-11,58.73,Paid,2,2026-04-13
711713,903188,81,2026-04-12,95.12,Paid,10,2026-04-22
711714,900593,15,2026-04-11,56.92,Paid,10,2026-04-21
711715,907367,182,2026-04-13,98.66,Paid,1,2026-04-14
711716,913450,341,2026-04-13,55.37,Paid,7,2026-04-20
711717,900488,13,2026-04-12,55.79,Paid,19,2026-05-01
711718,910731,262,2026-04-12,64.15,Paid,17,2026-04-29
711719,912394,313,2026-04-13,112.02,Paid,12,2026-04-25
711720,913410,340,2026-04-12,108.84,Paid,18,2026-04-30
711721,910117,247,2026-04-11,72.17,Paid,14,2026-04-25
711722,913517,342,2026-04-12,58.06,Paid,2,2026-04-14
711723,916532,412,2026-04-12,80.37,Paid,6,2026-04-18
711724,905385,139,2026-04-11,55.2,Paid,5,2026-04-16
711725,910172,248,2026-04-12,127.57,Paid,19,2026-05-01
711726,902487,58,2026-04-11,111.71,Paid,24,2026-05-05
711727,907510,186,2026-04-12,56.37,Paid,0,2026-04-12
711728,914788,372,2026-04-13,179.92,Paid,8,2026-04-21
711729,909617,232,2026-04-11,89.46,Paid,17,2026-04-28
711730,909638,233,2026-04-12,84.0,Paid,8,2026-04-20
711731,910683,261,2026-04-11,60.49,Paid,12,2026-04-23
711732,915301,384,2026-04-13,69.04,Paid,12,2026-04-25
711733,914441,363,2026-04-13,58.31,Paid,0,2026-04-13
711734,905929,149,2026-04-13,52.82,Paid,0,2026-04-13
711735,905750,146,2026-04-12,62.3,Paid,8,2026-04-20
711736,912806,324,2026-04-13,87.15,Paid,9,2026-04-22
711737,912686,322,2026-04-13,113.41,Paid,7,2026-04-20
711738,905946,149,2026-04-13,93.26,Paid,1,2026-04-14
711739,906117,155,2026-04-13,55.46,Paid,12,2026-04-25
711740,903633,95,2026-04-14,91.57,Paid,33,2026-05-17
711741,914571,366,2026-04-12,125.77,Paid,8,2026-04-20
711742,905328,138,2026-04-12,53.86,Paid,0,2026-04-12
711743,902688,65,2026-04-12,58.61,Paid,15,2026-04-27
711744,912638,320,2026-04-12,76.18,Paid,4,2026-04-16
711745,905240,135,2026-04-14,101.18,Paid,6,2026-04-20
711746,912741,323,2026-04-14,64.46,Paid,2,2026-04-16
711747,905451,140,2026-04-14,55.79,Paid,7,2026-04-21
711748,915226,382,2026-04-14,70.72,Paid,15,2026-04-29
711749,902460,58,2026-04-13,66.01,Paid,33,2026-05-16
711750,903073,76,2026-04-14,91.02,Paid,15,2026-04-29
711751,914876,374,2026-04-14,77.42,Paid,0,2026-04-14
711752,912233,308,2026-04-13,57.66,Paid,6,2026-04-19
711753,903111,77,2026-04-12,111.95,Paid,27,2026-05-09
711754,909231,222,2026-04-13,134.67,Paid,1,2026-04-14
711755,901950,45,2026-04-13,53.43,Paid,7,2026-04-20
711756,906936,175,2026-04-14,159.14,Paid,24,2026-05-08
711757,901714,41,2026-04-13,53.76,Paid,6,2026-04-19
711758,906909,175,2026-04-12,94.63,Paid,30,2026-05-12
711759,911367,283,2026-04-13,122.97,Paid,9,2026-04-22
711760,912977,330,2026-04-12,56.16,Paid,2,2026-04-14
711761,907340,182,2026-04-13,59.13,Paid,10,2026-04-23
711762,909994,242,2026-04-12,73.59,Paid,0,2026-04-12
711763,903831,98,2026-04-13,89.55,Paid,23,2026-05-06
711764,911599,289,2026-04-12,90.34,Paid,16,2026-04-28
711765,908387,203,2026-04-13,74.96,Paid,19,2026-05-02
711766,910042,245,2026-04-14,80.85,Paid,7,2026-04-21
711767,908310,200,2026-04-13,106.59,Paid,13,2026-04-26
711768,903804,98,2026-04-13,54.48,Paid,8,2026-04-21
711769,901468,36,2026-04-14,74.97,Paid,10,2026-04-24
711770,916381,409,2026-04-14,81.75,Paid,17,2026-05-01
711771,913997,353,2026-04-13,52.16,Paid,9,2026-04-22
711772,916691,416,2026-04-14,81.05,Paid,0,2026-04-14
711773,907821,192,2026-04-14,116.83,Paid,8,2026-04-22
711774,916636,414,2026-04-12,64.8,Paid,0,2026-04-12
711775,915866,395,2026-04-13,56.89,Paid,6,2026-04-19
711776,909459,229,2026-04-14,60.42,Paid,16,2026-04-30
711777,908584,206,2026-04-13,57.52,Paid,0,2026-04-13
711778,902187,52,2026-04-14,116.29,Paid,0,2026-04-14
711779,909345,227,2026-04-14,55.72,Paid,6,2026-04-20
711780,913619,345,2026-04-12,99.14,Paid,11,2026-04-23
711781,905165,132,2026-04-12,92.42,Paid,5,2026-04-17
711782,909307,226,2026-04-14,121.76,Paid,7,2026-04-21
711783,909099,219,2026-04-14,106.24,Paid,22,2026-05-06
711784,911265,281,2026-04-14,57.82,Paid,25,2026-05-09
711785,915487,387,2026-04-12,110.66,Paid,17,2026-04-29
711786,909252,225,2026-04-13,62.12,Paid,0,2026-04-13
711787,908414,203,2026-04-13,131.13,Paid,3,2026-04-16
711788,905517,142,2026-04-13,50.68,Paid,2,2026-04-15
711789,904010,103,2026-04-13,82.09,Paid,4,2026-04-17
711790,909204,222,2026-04-13,79.09,Paid,16,2026-04-29
711791,904425,113,2026-04-15,59.93,Paid,12,2026-04-27
711792,909269,225,2026-04-13,93.49,Paid,24,2026-05-07
711793,912845,328,2026-04-14,68.43,Paid,24,2026-05-08
711794,915591,389,2026-04-15,89.44,Paid,15,2026-04-30
711795,908245,199,2026-04-13,80.21,Paid,10,2026-04-23
711796,912271,309,2026-04-15,58.21,Paid,11,2026-04-26
711797,910475,254,2026-04-13,71.07,Paid,23,2026-05-06
711798,913316,339,2026-04-13,56.37,Paid,13,2026-04-26
711799,907982,195,2026-04-15,61.09,Paid,0,2026-04-15
711800,902254,53,2026-04-15,85.21,Paid,19,2026-05-04
711801,916858,419,2026-04-15,121.09,Paid,2,2026-04-17
711802,900931,25,2026-04-15,77.47,Paid,1,2026-04-16
711803,914893,374,2026-04-15,118.91,Paid,22,2026-05-07
711804,913383,340,2026-04-15,71.09,Paid,15,2026-04-30
711805,912328,312,2026-04-14,136.22,Paid,33,2026-05-17
711806,913602,345,2026-04-13,62.85,Paid,0,2026-04-13
711807,916316,408,2026-04-15,58.75,Paid,0,2026-04-15
711808,910436,252,2026-04-13,87.74,Paid,6,2026-04-19
711809,900827,21,2026-04-15,90.13,Paid,19,2026-05-04
711810,910220,249,2026-04-14,71.65,Paid,10,2026-04-24
711811,908179,198,2026-04-13,120.39,Paid,5,2026-04-18
711812,915318,384,2026-04-13,115.19,Paid,23,2026-05-06
711813,901363,34,2026-04-14,110.97,Paid,23,2026-05-07
711814,900536,14,2026-04-14,68.39,Paid,34,2026-05-18
711815,916793,418,2026-04-14,93.67,Paid,3,2026-04-17
711816,915280,383,2026-04-15,87.23,Paid,0,2026-04-15
711817,913658,347,2026-04-15,58.66,Paid,3,2026-04-18
711818,902744,66,2026-04-15,77.6,Paid,12,2026-04-27
711819,905582,143,2026-04-15,53.31,Paid,7,2026-04-22
711820,908929,213,2026-04-14,177.85,Paid,7,2026-04-21
711821,903681,96,2026-04-13,59.17,Paid,13,2026-04-26
711822,905203,133,2026-04-13,98.35,Paid,0,2026-04-13
711823,904545,115,2026-04-13,106.21,Paid,16,2026-04-29
711824,904377,111,2026-04-13,60.33,Paid,19,2026-05-02
711825,907001,176,2026-04-14,116.65,Paid,0,2026-04-14
711826,902016,47,2026-04-13,60.31,Paid,7,2026-04-20
711827,909552,231,2026-04-15,125.04,Paid,8,2026-04-23
711828,915356,385,2026-04-14,128.2,Paid,16,2026-04-30
711829,908995,215,2026-04-14,205.8,Paid,18,2026-05-02
711830,904102,104,2026-04-13,93.79,Paid,0,2026-04-13
711831,905127,129,2026-04-14,120.67,Paid,10,2026-04-24
711832,903462,87,2026-04-14,62.28,Paid,11,2026-04-25
711833,906155,156,2026-04-15,53.92,Paid,8,2026-04-23
711834,915140,379,2026-04-15,58.68,Paid,14,2026-04-29
711835,911638,290,2026-04-14,55.65,Paid,11,2026-04-25
711836,915564,389,2026-04-14,59.23,Paid,0,2026-04-14
711837,909786,235,2026-04-15,102.66,Paid,3,2026-04-18
711838,916484,411,2026-04-13,120.16,Paid,0,2026-04-13
711839,915980,398,2026-04-13,66.7,Paid,24,2026-05-07
711840,907859,193,2026-04-13,62.39,Paid,0,2026-04-13
711841,902043,47,2026-04-13,96.63,Paid,6,2026-04-19
711842,914750,371,2026-04-13,91.5,Paid,11,2026-04-24
711843,911496,287,2026-04-13,99.39,Paid,8,2026-04-21
711844,907642,188,2026-04-15,72.65,Paid,14,2026-04-29
711845,912004,302,2026-04-13,183.35,Paid,9,2026-04-22
711846,907577,187,2026-04-14,59.87,Paid,7,2026-04-21
711847,907669,188,2026-04-14,113.53,Paid,8,2026-04-22
711848,915008,377,2026-04-14,76.0,Paid,5,2026-04-19
711849,907105,178,2026-04-15,54.51,Paid,10,2026-04-25
711850,904933,124,2026-04-16,83.17,Paid,16,2026-05-02
711851,911189,279,2026-04-15,96.8,Paid,11,2026-04-26
711852,914099,355,2026-04-14,96.33,Paid,6,2026-04-20
711853,903908,100,2026-04-14,129.64,Paid,5,2026-04-19
711854,911070,274,2026-04-15,73.76,Paid,0,2026-04-15
711855,901885,44,2026-04-14,55.77,Paid,17,2026-05-01
711856,915167,379,2026-04-16,94.67,Paid,3,2026-04-19
711857,906975,176,2026-04-14,79.15,Paid,27,2026-05-11
711858,911023,270,2026-04-16,50.25,Paid,0,2026-04-16
711859,916213,404,2026-04-15,56.44,Paid,11,2026-04-26
711860,913042,331,2026-04-14,56.8,Paid,10,2026-04-24
711861,913155,334,2026-04-15,58.34,Paid,18,2026-05-03
711862,914339,361,2026-04-15,55.1,Paid,17,2026-05-02
711863,916239,404,2026-04-15,94.74,Paid,3,2026-04-18
711864,902081,48,2026-04-14,93.65,Paid,8,2026-04-22
711865,911939,299,2026-04-15,97.14,Paid,14,2026-04-29
711866,912107,304,2026-04-16,148.98,Paid,36,2026-05-22
711867,913193,335,2026-04-15,60.91,Paid,0,2026-04-15
711868,906058,152,2026-04-16,98.52,Paid,5,2026-04-21
711869,902811,69,2026-04-16,51.96,Paid,0,2026-04-16
711870,914534,365,2026-04-15,96.62,Paid,9,2026-04-24
711871,903698,96,2026-04-16,94.37,Paid,3,2026-04-19
711872,904519,115,2026-04-16,63.84,Paid,18,2026-05-04
711873,912583,318,2026-04-14,60.24,Paid,4,2026-04-18
711874,909372,227,2026-04-14,98.71,Paid,0,2026-04-14
711875,906646,169,2026-04-16,72.84,Paid,17,2026-05-03
711876,909073,219,2026-04-15,73.74,Paid,28,2026-05-13
711877,909940,241,2026-04-15,60.45,Paid,20,2026-05-05
711878,915508,388,2026-04-15,56.4,Paid,2,2026-04-17
711879,908520,205,2026-04-16,85.54,Paid,9,2026-04-25
711880,908611,206,2026-04-15,103.55,Paid,22,2026-05-07
711881,913565,343,2026-04-15,84.85,Paid,0,2026-04-15
711882,913477,341,2026-04-16,95.31,Paid,0,2026-04-16
711883,909760,235,2026-04-15,57.63,Paid,0,2026-04-15
711884,909721,234,2026-04-15,90.48,Paid,0,2026-04-15
711885,905647,144,2026-04-15,56.63,Paid,13,2026-04-28
711886,917482,260,2026-04-15,4858.73,Paid,14,2026-04-29
711887,909591,232,2026-04-15,63.09,Paid,12,2026-04-27
711888,905609,143,2026-04-16,99.39,Paid,11,2026-04-27
711889,910134,247,2026-04-14,109.98,Paid,17,2026-05-01
711890,911835,295,2026-04-15,110.84,Paid,19,2026-05-04
711891,902508,60,2026-04-15,57.3,Paid,22,2026-05-07
711892,904207,107,2026-04-14,57.16,Paid,8,2026-04-22
711893,912912,329,2026-04-16,71.18,Paid,9,2026-04-25
711894,916969,23,2026-04-14,457.0,Paid,13,2026-04-27
711895,904142,105,2026-04-15,58.9,Paid,7,2026-04-22
711896,906728,170,2026-04-16,123.58,Paid,14,2026-04-30
711897,900037,1,2026-04-16,52.88,Paid,9,2026-04-25
711898,906534,166,2026-04-14,59.72,Paid,4,2026-04-18
711899,905478,140,2026-04-15,99.63,Paid,0,2026-04-15
711900,915933,397,2026-04-14,58.31,Paid,14,2026-04-28
711901,914555,366,2026-04-14,78.78,Paid,6,2026-04-20
711902,902943,71,2026-04-16,57.47,Paid,0,2026-04-16
711903,916832,419,2026-04-14,80.4,Paid,6,2026-04-20
711904,916739,417,2026-04-16,60.83,Paid,0,2026-04-16
711905,905063,126,2026-04-16,80.01,Paid,5,2026-04-21
711906,908969,215,2026-04-15,114.7,Paid,2,2026-04-17
711907,909016,216,2026-04-17,59.16,Paid,4,2026-04-21
711908,916083,401,2026-04-15,61.9,Paid,21,2026-05-06
711909,916062,399,2026-04-16,94.31,Paid,0,2026-04-16
711910,906238,157,2026-04-16,84.67,Paid,5,2026-04-21
711911,907040,177,2026-04-15,53.81,Paid,9,2026-04-24
711912,913108,333,2026-04-15,90.83,Paid,0,2026-04-15
711913,903396,86,2026-04-15,54.87,Paid,0,2026-04-15
711914,915243,382,2026-04-17,114.89,Paid,23,2026-05-10
711915,900122,3,2026-04-17,84.65,Paid,0,2026-04-17
711916,911227,280,2026-04-15,91.27,Paid,0,2026-04-15
711917,917700,366,2026-04-16,632.23,Paid,2,2026-04-18
711918,901819,43,2026-04-15,55.0,Paid,22,2026-05-07
711919,914636,367,2026-04-16,97.88,Paid,3,2026-04-19
711920,905983,150,2026-04-15,96.18,Paid,6,2026-04-21
711921,911123,275,2026-04-15,90.13,Paid,8,2026-04-23
711922,905967,150,2026-04-16,55.3,Paid,10,2026-04-26
711923,902969,71,2026-04-17,89.83,Paid,21,2026-05-08
711924,904866,123,2026-04-17,53.17,Paid,21,2026-05-08
711925,914969,376,2026-04-17,137.24,Paid,17,2026-05-04
711926,906042,152,2026-04-16,56.56,Paid,8,2026-04-24
711927,913920,351,2026-04-15,103.1,Paid,0,2026-04-15
711928,910787,266,2026-04-17,59.13,Paid,24,2026-05-11
711929,903007,72,2026-04-16,128.77,Paid,16,2026-05-02
711930,910850,267,2026-04-17,176.19,Paid,11,2026-04-28
711931,903047,76,2026-04-16,55.25,Paid,12,2026-04-28
711932,910303,250,2026-04-15,123.27,Paid,3,2026-04-18
711933,908903,213,2026-04-16,121.12,Paid,11,2026-04-27
711934,903132,79,2026-04-15,61.27,Paid,6,2026-04-21
711935,907388,183,2026-04-15,85.26,Paid,12,2026-04-27
711936,909919,238,2026-04-17,86.76,Paid,0,2026-04-17
711937,909826,236,2026-04-15,120.67,Paid,11,2026-04-26
711938,905695,145,2026-04-16,118.69,Paid,23,2026-05-09
711939,903253,83,2026-04-16,89.99,Paid,7,2026-04-23
711940,907774,191,2026-04-16,112.99,Paid,18,2026-05-04
711941,907276,181,2026-04-16,60.96,Paid,14,2026-04-30
711942,909694,234,2026-04-17,56.65,Paid,7,2026-04-24
711943,906172,156,2026-04-17,87.86,Paid,6,2026-04-23
711944,911107,275,2026-04-17,55.11,Paid,3,2026-04-20
711945,906212,157,2026-04-16,64.4,Paid,3,2026-04-19
711946,900659,16,2026-04-15,57.06,Paid,13,2026-04-28
711947,916158,403,2026-04-17,83.24,Paid,0,2026-04-17
711948,915461,387,2026-04-17,79.43,Paid,20,2026-05-07
711949,906804,172,2026-04-16,90.68,Paid,1,2026-04-17
711950,906389,163,2026-04-17,125.25,Paid,21,2026-05-08
711951,915395,386,2026-04-15,59.01,Paid,4,2026-04-19
711952,915667,391,2026-04-16,70.47,Paid,20,2026-05-06
711953,912938,329,2026-04-16,114.13,Paid,15,2026-05-01
711954,906429,164,2026-04-15,57.76,Paid,15,2026-04-30
711955,914233,357,2026-04-17,127.21,Paid,10,2026-04-27
711956,906662,169,2026-04-16,116.99,Paid,32,2026-05-18
711957,902302,54,2026-04-17,59.54,Paid,0,2026-04-17
711958,911536,288,2026-04-16,57.96,Paid,0,2026-04-16
711959,910096,246,2026-04-16,118.17,Paid,18,2026-05-04
711960,902600,62,2026-04-16,125.93,Paid,12,2026-04-28
711961,911913,299,2026-04-18,59.24,Paid,3,2026-04-21
711962,900620,15,2026-04-17,102.11,Paid,3,2026-04-20
711963,900772,19,2026-04-17,60.56,Paid,4,2026-04-21
711964,910617,259,2026-04-18,116.85,Paid,4,2026-04-22
711965,908009,195,2026-04-17,97.83,Paid,13,2026-04-30
711966,911433,286,2026-04-16,57.71,Paid,11,2026-04-27
711967,911583,289,2026-04-17,60.5,Paid,4,2026-04-21
711968,912546,317,2026-04-17,78.06,Paid,0,2026-04-17
711969,913818,349,2026-04-17,193.4,Paid,1,2026-04-18
711970,905882,148,2026-04-16,56.7,Paid,10,2026-04-26
711971,901234,31,2026-04-18,118.79,Paid,0,2026-04-18
711972,900422,11,2026-04-16,61.39,Paid,11,2026-04-27
711973,917380,207,2026-04-16,322.53,Paid,24,2026-05-10
711974,904623,118,2026-04-18,57.17,Paid,2,2026-04-20
711975,916277,406,2026-04-17,82.89,Paid,2,2026-04-19
711976,914273,359,2026-04-16,83.56,Paid,0,2026-04-16
711977,906313,159,2026-04-18,154.86,Paid,9,2026-04-27
711978,912081,304,2026-04-17,84.58,Paid,39,2026-05-26
711979,912461,314,2026-04-16,63.13,Paid,19,2026-05-05
711980,905711,145,2026-04-18,196.91,Paid,7,2026-04-25
711981,914508,365,2026-04-17,58.92,Paid,9,2026-04-26
711982,908454,204,2026-04-16,58.09,Paid,5,2026-04-21
711983,913839,350,2026-04-18,56.11,Paid,7,2026-04-25
711984,911809,295,2026-04-16,67.43,Paid,19,2026-05-05
711985,914855,373,2026-04-16,99.75,Paid,1,2026-04-17
711986,908632,207,2026-04-17,66.81,Paid,10,2026-04-27
711987,906134,155,2026-04-18,97.91,Paid,19,2026-05-07
711988,904725,120,2026-04-17,75.69,Paid,18,2026-05-05
711989,908113,197,2026-04-18,79.64,Paid,12,2026-04-30
711990,903971,102,2026-04-18,111.07,Paid,26,2026-05-14
711991,903852,99,2026-04-18,79.01,Paid,14,2026-05-02
711992,902358,55,2026-04-16,93.27,Paid,7,2026-04-23
711993,910173,248,2026-04-17,113.02,Paid,0,2026-04-17
711994,908848,212,2026-04-16,69.68,Paid,18,2026-05-04
711995,904442,113,2026-04-18,94.94,Paid,9,2026-04-27
711996,911978,302,2026-04-18,111.59,Paid,17,2026-05-05
711997,915760,393,2026-04-18,135.98,Paid,10,2026-04-28
711998,913894,351,2026-04-17,61.5,Paid,10,2026-04-27
711999,917660,347,2026-04-16,419.48,Paid,9,2026-04-25
712000,900101,2,2026-04-18,89.11,Paid,11,2026-04-29
712001,907470,184,2026-04-18,121.54,Paid,23,2026-05-11
712002,900177,4,2026-04-18,79.07,Paid,8,2026-04-26
712003,900224,6,2026-04-17,60.75,Paid,0,2026-04-17
712004,909514,230,2026-04-18,183.22,Paid,8,2026-04-26
712005,916036,399,2026-04-17,56.86,Paid,8,2026-04-25
712006,910834,267,2026-04-17,109.86,Paid,14,2026-05-01
712007,914610,367,2026-04-17,62.42,Paid,0,2026-04-17
712008,906259,158,2026-04-17,73.55,Paid,6,2026-04-23
712009,902667,64,2026-04-18,129.34,Paid,1,2026-04-19
712010,912395,313,2026-04-17,122.58,Paid,0,2026-04-17
712011,913544,342,2026-04-17,94.33,Paid,4,2026-04-21
712012,910502,254,2026-04-16,106.63,Paid,22,2026-05-08
712013,906599,167,2026-04-18,56.97,Paid,10,2026-04-28
712014,900998,27,2026-04-18,72.19,Paid,0,2026-04-18
712015,915421,386,2026-04-17,94.7,Paid,11,2026-04-28
712016,900854,21,2026-04-17,148.7,Paid,8,2026-04-25
712017,907709,190,2026-04-17,94.81,Paid,8,2026-04-25
712018,911706,293,2026-04-17,62.2,Paid,0,2026-04-17
712019,901064,28,2026-04-19,52.22,Paid,0,2026-04-19
712020,911770,294,2026-04-19,161.95,Paid,32,2026-05-21
712021,905149,132,2026-04-17,61.55,Paid,20,2026-05-07
712022,917606,322,2026-04-19,957.29,Paid,11,2026-04-30
712023,916898,420,2026-04-19,84.58,Paid,0,2026-04-19
712024,902878,70,2026-04-17,63.79,Paid,16,2026-05-03
712025,913250,336,2026-04-19,74.81,Paid,8,2026-04-27
712026,914953,376,2026-04-19,68.07,Paid,19,2026-05-08
712027,908294,200,2026-04-19,67.59,Paid,26,2026-05-15
712028,909893,238,2026-04-17,57.57,Paid,9,2026-04-26
712029,909412,228,2026-04-17,77.54,Paid,7,2026-04-24
712030,901337,34,2026-04-18,64.87,Paid,32,2026-05-20
712031,915734,393,2026-04-18,89.7,Paid,19,2026-05-07
712032,914299,359,2026-04-19,123.88,Paid,4,2026-04-23
712033,914829,373,2026-04-18,56.92,Paid,1,2026-04-19
712034,903357,85,2026-04-19,107.74,Paid,0,2026-04-19
712035,910957,269,2026-04-17,65.53,Paid,16,2026-05-03
712036,906625,167,2026-04-18,89.44,Paid,21,2026-05-09
712037,901611,39,2026-04-17,57.84,Paid,17,2026-05-04
712038,916755,417,2026-04-18,99.98,Paid,4,2026-04-22
712039,904312,110,2026-04-19,68.49,Paid,25,2026-05-14
712040,912703,322,2026-04-19,178.36,Paid,2,2026-04-21
712041,905817,147,2026-04-19,54.44,Paid,4,2026-04-23
712042,915628,390,2026-04-19,101.41,Paid,16,2026-05-05
712043,906275,158,2026-04-18,111.22,Paid,17,2026-05-05
712044,902422,57,2026-04-18,105.04,Paid,16,2026-05-04
712045,900725,18,2026-04-18,55.63,Paid,12,2026-04-30
712046,915075,378,2026-04-18,117.06,Paid,3,2026-04-21
712047,900958,25,2026-04-19,115.21,Paid,13,2026-05-02
712048,914207,357,2026-04-18,85.1,Paid,12,2026-04-30
712049,908801,211,2026-04-18,71.91,Paid,23,2026-05-11
712050,900685,16,2026-04-18,99.23,Paid,2,2026-04-20
712051,901156,29,2026-04-18,133.11,Paid,26,2026-05-14
712052,902546,61,2026-04-18,70.58,Paid,25,2026-05-13
712053,901404,35,2026-04-19,60.6,Paid,15,2026-05-04
712054,903511,88,2026-04-19,70.22,Paid,21,2026-05-10
712055,917467,254,2026-04-17,3482.61,Paid,21,2026-05-08
712056,902121,51,2026-04-18,65.14,Paid,23,2026-05-11
712057,900318,9,2026-04-18,57.26,Paid,7,2026-04-25
712058,910080,246,2026-04-19,64.61,Paid,16,2026-05-05
712059,902641,64,2026-04-19,76.87,Paid,11,2026-04-30
712060,912665,320,2026-04-17,132.35,Paid,18,2026-05-05
712061,908272,199,2026-04-18,125.48,Paid,0,2026-04-18
712062,903738,97,2026-04-19,79.66,Paid,1,2026-04-20
712063,903568,92,2026-04-18,80.75,Paid,0,2026-04-18
712064,903331,85,2026-04-19,76.38,Paid,7,2026-04-26
712065,909139,221,2026-04-17,114.88,Paid,15,2026-05-02
712066,900344,9,2026-04-19,94.23,Paid,9,2026-04-28
712067,912148,306,2026-04-17,57.65,Paid,13,2026-04-30
712068,901130,29,2026-04-17,92.02,Paid,33,2026-05-20
712069,906750,171,2026-04-17,78.91,Paid,9,2026-04-26
712070,910891,268,2026-04-19,56.84,Paid,4,2026-04-23
712071,907444,184,2026-04-18,83.87,Paid,5,2026-04-23
712072,910410,252,2026-04-18,51.3,Paid,0,2026-04-18
712073,904076,104,2026-04-17,59.72,Paid,6,2026-04-23
712074,900892,22,2026-04-18,116.37,Paid,34,2026-05-22
712075,908048,196,2026-04-18,58.12,Paid,1,2026-04-19
712076,904998,125,2026-04-19,79.01,Paid,0,2026-04-19
712077,910344,251,2026-04-17,57.87,Paid,13,2026-04-30
712078,907943,194,2026-04-19,95.64,Paid,11,2026-04-30
712079,907210,180,2026-04-17,82.75,Paid,0,2026-04-17
712080,912026,303,2026-04-18,76.51,Paid,5,2026-04-23
712081,908723,209,2026-04-17,92.66,Paid,5,2026-04-22
712082,911086,274,2026-04-17,119.72,Paid,11,2026-04-28
712083,916589,413,2026-04-18,74.58,Paid,14,2026-05-02
712084,915264,383,2026-04-18,58.15,Paid,12,2026-04-30
712085,913792,349,2026-04-19,116.33,Paid,0,2026-04-19
712086,900262,7,2026-04-18,58.63,Paid,3,2026-04-21
712087,901430,35,2026-04-20,86.31,Paid,0,2026-04-20
712088,904037,103,2026-04-18,125.76,Paid,1,2026-04-19
712089,900594,15,2026-04-20,59.65,Paid,21,2026-05-11
712090,915612,390,2026-04-20,61.44,Paid,0,2026-04-20
712091,905386,139,2026-04-18,59.42,Paid,7,2026-04-25
712092,907236,180,2026-04-18,125.86,Paid,6,2026-04-24
712093,902065,48,2026-04-20,58.14,Paid,12,2026-05-02
712094,913317,339,2026-04-20,58.21,Paid,8,2026-04-28
712095,902318,54,2026-04-20,88.16,Paid,27,2026-05-17
712096,900382,10,2026-04-20,86.88,Paid,22,2026-05-12
712097,900788,19,2026-04-19,96.12,Paid,0,2026-04-19
712098,916718,416,2026-04-19,127.05,Paid,0,2026-04-19
712099,902188,52,2026-04-20,114.17,Paid,0,2026-04-20
712100,913069,331,2026-04-20,87.34,Paid,0,2026-04-20
712101,904567,116,2026-04-19,54.75,Paid,0,2026-04-19
712102,902017,47,2026-04-19,59.29,Paid,13,2026-05-02
712103,903934,100,2026-04-20,193.88,Paid,0,2026-04-20
712104,913276,336,2026-04-18,125.76,Paid,10,2026-04-28
712105,913518,342,2026-04-20,53.06,Paid,7,2026-04-27
712106,914140,356,2026-04-18,82.02,Paid,0,2026-04-18
712107,911163,279,2026-04-19,57.36,Paid,23,2026-05-12
712108,905281,137,2026-04-20,81.21,Paid,13,2026-05-03
712109,914915,375,2026-04-19,55.94,Paid,1,2026-04-20
712110,901715,41,2026-04-20,59.36,Paid,0,2026-04-20
712111,912042,303,2026-04-20,123.43,Paid,0,2026-04-20
712112,916485,411,2026-04-20,120.65,Paid,13,2026-05-03
712113,905111,129,2026-04-19,77.46,Paid,22,2026-05-11
712114,907876,193,2026-04-19,91.68,Paid,7,2026-04-26
712115,906702,170,2026-04-19,78.71,Paid,14,2026-05-03
712116,908139,197,2026-04-19,120.74,Paid,0,2026-04-19
712117,903805,98,2026-04-20,59.16,Paid,0,2026-04-20
712118,914696,370,2026-04-19,77.35,Paid,3,2026-04-22
712119,907917,194,2026-04-20,58.46,Paid,4,2026-04-24
712120,912978,330,2026-04-18,61.28,Paid,21,2026-05-09
712121,916957,18,2026-04-20,343.71,Paid,11,2026-05-01
712122,910277,250,2026-04-20,79.2,Paid,0,2026-04-20
712123,916174,403,2026-04-18,129.12,Paid,17,2026-05-05
712124,908648,207,2026-04-20,106.62,Paid,12,2026-05-02
712125,906478,165,2026-04-18,53.02,Paid,3,2026-04-21
712126,900489,13,2026-04-20,58.37,Paid,12,2026-05-02
712127,911211,280,2026-04-18,59.37,Paid,12,2026-04-30
712128,911857,298,2026-04-21,57.61,Paid,10,2026-05-01
712129,913998,353,2026-04-20,53.17,Paid,7,2026-04-27
712130,903634,95,2026-04-21,96.12,Paid,36,2026-05-27
712131,900063,1,2026-04-21,96.41,Paid,11,2026-05-02
712132,905843,147,2026-04-19,95.01,Paid,7,2026-04-26
712133,912212,307,2026-04-19,88.66,Paid,4,2026-04-23
712134,911480,287,2026-04-20,60.38,Paid,15,2026-05-05
712135,916429,410,2026-04-19,91.14,Paid,19,2026-05-08
712136,910684,261,2026-04-21,60.03,Paid,9,2026-04-30
712137,906021,151,2026-04-20,93.62,Paid,0,2026-04-20
712138,915034,377,2026-04-19,129.85,Paid,11,2026-04-30
712139,903764,97,2026-04-19,122.65,Paid,7,2026-04-26
712140,901951,45,2026-04-20,57.94,Paid,0,2026-04-20
712141,909995,242,2026-04-20,71.2,Paid,5,2026-04-25
712142,913209,335,2026-04-20,90.88,Paid,16,2026-05-06
712143,908546,205,2026-04-21,124.28,Paid,10,2026-05-01
712144,909852,236,2026-04-21,187.06,Paid,6,2026-04-27
712145,903215,81,2026-04-20,151.91,Paid,12,2026-05-02
712146,908585,206,2026-04-19,59.58,Paid,8,2026-04-27
712147,907341,182,2026-04-19,60.68,Paid,4,2026-04-23
712148,913043,331,2026-04-21,56.53,Paid,16,2026-05-07
712149,912742,323,2026-04-19,67.74,Paid,19,2026-05-08
712150,911368,283,2026-04-20,117.39,Paid,14,2026-05-04
712151,916382,409,2026-04-20,77.66,Paid,15,2026-05-05
712152,906910,175,2026-04-19,90.3,Paid,16,2026-05-05
712153,908707,209,2026-04-20,59.88,Paid,7,2026-04-27
712154,903291,84,2026-04-20,94.16,Paid,16,2026-05-06
712155,901741,41,2026-04-19,89.85,Paid,31,2026-05-20
712156,908744,210,2026-04-19,57.95,Paid,14,2026-05-03
712157,909655,233,2026-04-20,119.86,Paid,0,2026-04-20
712158,915867,395,2026-04-20,54.43,Paid,0,2026-04-20
712159,912639,320,2026-04-21,76.88,Paid,9,2026-04-30
712160,915205,381,2026-04-20,128.34,Paid,5,2026-04-25
712161,905224,135,2026-04-20,55.52,Paid,2,2026-04-22
712162,907106,178,2026-04-19,65.23,Paid,5,2026-04-24
712163,905583,143,2026-04-19,57.9,Paid,16,2026-05-05
712164,911313,282,2026-04-20,123.19,Paid,2,2026-04-22
712165,905452,140,2026-04-21,63.66,Paid,5,2026-04-26
712166,914045,354,2026-04-21,51.47,Paid,0,2026-04-21
712167,910917,268,2026-04-20,94.46,Paid,20,2026-05-10
712168,908686,208,2026-04-19,179.95,Paid,18,2026-05-07
712169,901469,36,2026-04-20,82.72,Paid,0,2026-04-20
712170,914442,363,2026-04-19,61.21,Paid,3,2026-04-22
712171,907511,186,2026-04-21,55.26,Paid,0,2026-04-21
712172,908388,203,2026-04-21,88.43,Paid,2,2026-04-23
712173,905751,146,2026-04-20,60.22,Paid,5,2026-04-25
712174,906845,173,2026-04-19,81.0,Paid,9,2026-04-28
712175,901495,36,2026-04-20,130.21,Paid,19,2026-05-09
712176,908348,201,2026-04-21,102.38,Paid,0,2026-04-21
712177,905412,139,2026-04-22,96.16,Paid,11,2026-05-03
712178,907983,195,2026-04-21,62.76,Paid,5,2026-04-26
712179,901820,43,2026-04-20,59.23,Paid,0,2026-04-20
712180,905345,138,2026-04-21,99.75,Paid,10,2026-05-01
712181,903489,87,2026-04-20,99.72,Paid,10,2026-04-30
712182,910370,251,2026-04-21,94.01,Paid,5,2026-04-26
712183,903148,79,2026-04-20,90.19,Paid,16,2026-05-06
712184,904378,111,2026-04-20,56.63,Paid,23,2026-05-13
712185,902745,66,2026-04-20,83.8,Paid,8,2026-04-28
712186,902406,57,2026-04-21,72.72,Paid,39,2026-05-30
712187,902255,53,2026-04-22,90.8,Paid,28,2026-05-20
712188,900932,25,2026-04-21,79.12,Paid,0,2026-04-21
712189,906430,164,2026-04-22,60.51,Paid,0,2026-04-22
712190,917119,87,2026-04-20,2883.58,Paid,0,2026-04-20
712191,915693,391,2026-04-20,101.91,Paid,27,2026-05-17
712192,913172,334,2026-04-22,99.56,Paid,9,2026-05-01
712193,908246,199,2026-04-20,77.6,Paid,0,2026-04-20
712194,905518,142,2026-04-21,55.61,Paid,0,2026-04-21
712195,903397,86,2026-04-20,55.44,Paid,7,2026-04-27
712196,911266,281,2026-04-21,51.3,Paid,4,2026-04-25
712197,917648,341,2026-04-20,2072.71,Paid,0,2026-04-20
712198,906373,163,2026-04-22,82.61,Paid,9,2026-05-01
712199,904404,111,2026-04-21,91.85,Paid,13,2026-05-04
712200,916777,418,2026-04-20,59.11,Paid,0,2026-04-20
712201,906080,153,2026-04-20,79.03,Paid,13,2026-05-03
712202,904789,121,2026-04-22,120.17,Paid,0,2026-04-22
712203,909476,229,2026-04-22,97.52,Paid,15,2026-05-07
712204,909346,227,2026-04-20,57.69,Paid,15,2026-05-05
712205,914931,375,2026-04-21,96.93,Paid,4,2026-04-25
712206,913659,347,2026-04-20,60.66,Paid,5,2026-04-25
712207,901886,44,2026-04-22,61.28,Paid,18,2026-05-10
712208,916692,416,2026-04-21,81.9,Paid,0,2026-04-21
712209,902562,61,2026-04-21,113.15,Paid,11,2026-05-02
712210,902384,55,2026-04-20,152.06,Paid,34,2026-05-24
712211,916317,408,2026-04-20,60.98,Paid,19,2026-05-09
712212,910476,254,2026-04-21,63.74,Paid,14,2026-05-05
712213,915565,389,2026-04-20,57.23,Paid,19,2026-05-09
712214,900448,11,2026-04-22,95.49,Paid,6,2026-04-28
712215,915141,379,2026-04-22,58.87,Paid,6,2026-04-28
712216,901659,40,2026-04-22,55.15,Paid,7,2026-04-29
712217,902461,58,2026-04-22,65.89,Paid,11,2026-05-03
712218,912355,312,2026-04-22,214.28,Paid,13,2026-05-05
712219,904867,123,2026-04-21,61.4,Paid,3,2026-04-24
712220,911639,290,2026-04-22,60.83,Paid,0,2026-04-22
712221,900828,21,2026-04-20,86.59,Paid,30,2026-05-20
712222,914734,371,2026-04-21,58.06,Paid,12,2026-05-03
712223,901260,31,2026-04-21,185.81,Paid,4,2026-04-25
712224,915801,394,2026-04-21,65.32,Paid,22,2026-05-13
712225,907643,188,2026-04-20,66.3,Paid,25,2026-05-15
712226,913725,348,2026-04-22,57.84,Paid,10,2026-05-02
712227,913451,341,2026-04-22,56.1,Paid,16,2026-05-08
712228,912329,312,2026-04-21,144.39,Paid,22,2026-05-13
712229,913384,340,2026-04-20,67.83,Paid,15,2026-05-05
712230,902837,69,2026-04-22,86.97,Paid,9,2026-05-01
712231,912872,328,2026-04-21,113.4,Paid,7,2026-04-28
712232,900876,22,2026-04-22,69.48,Paid,31,2026-05-23
712233,902584,62,2026-04-22,79.89,Paid,11,2026-05-03
712234,913942,352,2026-04-22,123.9,Paid,0,2026-04-22
712235,903189,81,2026-04-20,97.49,Paid,31,2026-05-21
712236,915189,381,2026-04-20,80.99,Paid,6,2026-04-26
712237,903955,102,2026-04-22,69.32,Paid,17,2026-05-09
712238,903463,87,2026-04-22,54.04,Paid,1,2026-04-23
712239,914468,363,2026-04-20,94.19,Paid,9,2026-04-29
712240,909438,228,2026-04-23,132.89,Paid,0,2026-04-23
712241,908521,205,2026-04-22,76.4,Paid,3,2026-04-25
712242,917001,35,2026-04-21,5706.71,Paid,2,2026-04-23
712243,909956,241,2026-04-22,86.83,Paid,7,2026-04-29
712244,917434,236,2026-04-21,964.33,Paid,0,2026-04-21
712245,911665,290,2026-04-22,92.8,Paid,9,2026-05-01
712246,904233,107,2026-04-23,97.77,Paid,0,2026-04-23
712247,914674,368,2026-04-23,83.92,Paid,26,2026-05-19
712248,917161,105,2026-04-22,501.47,Paid,0,2026-04-22
712249,916833,419,2026-04-23,72.99,Paid,0,2026-04-23
712250,906535,166,2026-04-23,58.2,Paid,6,2026-04-29
712251,909592,232,2026-04-23,60.37,Paid,14,2026-05-07
712252,908827,211,2026-04-23,117.47,Paid,15,2026-05-08
712253,904520,115,2026-04-21,66.72,Paid,26,2026-05-17
712254,908206,198,2026-04-22,185.62,Paid,0,2026-04-22
712255,909761,235,2026-04-23,62.16,Paid,21,2026-05-14
712256,904670,119,2026-04-23,56.25,Paid,7,2026-04-30
712257,914712,370,2026-04-21,128.58,Paid,7,2026-04-28
712258,904208,107,2026-04-23,60.68,Paid,10,2026-05-03
712259,900366,10,2026-04-23,55.84,Paid,7,2026-04-30
712260,900240,6,2026-04-22,104.82,Paid,16,2026-05-08
712261,913004,330,2026-04-23,91.45,Paid,9,2026-05-02
712262,905648,144,2026-04-22,60.05,Paid,0,2026-04-22
712263,909074,219,2026-04-22,64.15,Paid,19,2026-05-11
712264,904893,123,2026-04-23,89.88,Paid,10,2026-05-03
712265,909205,222,2026-04-23,84.08,Paid,8,2026-05-01
712266,912913,329,2026-04-21,71.17,Paid,11,2026-05-02
712267,901298,32,2026-04-21,94.08,Paid,19,2026-05-10
712268,902944,71,2026-04-21,57.12,Paid,8,2026-04-29
712269,903909,100,2026-04-21,119.91,Paid,19,2026-05-10
712270,901571,38,2026-04-22,98.78,Paid,0,2026-04-22
712271,914340,361,2026-04-21,60.45,Paid,19,2026-05-10
712272,912846,328,2026-04-22,69.49,Paid,9,2026-05-01
712273,906005,151,2026-04-21,56.96,Paid,1,2026-04-22
712274,916214,404,2026-04-23,56.43,Paid,24,2026-05-17
712275,901637,39,2026-04-23,95.94,Paid,2,2026-04-25
712276,911024,270,2026-04-23,54.23,Paid,10,2026-05-03
712277,910562,256,2026-04-22,58.55,Paid,0,2026-04-22
712278,907154,179,2026-04-22,88.99,Paid,22,2026-05-14
712279,900038,1,2026-04-23,58.26,Paid,4,2026-04-27
712280,914083,355,2026-04-23,53.29,Paid,5,2026-04-28
712281,910983,269,2026-04-22,89.04,Paid,15,2026-05-07
712282,901517,37,2026-04-23,66.66,Paid,31,2026-05-24
712283,916261,406,2026-04-21,56.12,Paid,17,2026-05-08
712284,912174,306,2026-04-22,88.39,Paid,4,2026-04-26
712285,915934,397,2026-04-23,57.44,Paid,1,2026-04-24
712286,917789,407,2026-04-23,2115.51,Paid,4,2026-04-27
712287,903594,92,2026-04-21,116.28,Paid,0,2026-04-21
712288,914403,362,2026-04-23,86.28,Paid,6,2026-04-29
712289,904011,103,2026-04-23,74.04,Paid,2,2026-04-25
712290,901912,44,2026-04-21,103.01,Paid,13,2026-05-04
712291,905024,125,2026-04-21,122.31,Paid,13,2026-05-04
712292,907578,187,2026-04-21,57.43,Paid,7,2026-04-28
712293,904143,105,2026-04-23,56.02,Paid,9,2026-05-02
712294,904934,124,2026-04-22,83.24,Paid,17,2026-05-09
712295,906976,176,2026-04-23,75.5,Paid,14,2026-05-07
712296,903095,77,2026-04-22,59.28,Paid,17,2026-05-09
712297,909695,234,2026-04-24,56.53,Paid,0,2026-04-24
712298,910788,266,2026-04-24,56.69,Paid,1,2026-04-25
712299,904999,125,2026-04-23,80.19,Paid,3,2026-04-26
712300,910618,259,2026-04-24,116.27,Paid,9,2026-05-03
712301,907277,181,2026-04-22,57.74,Paid,15,2026-05-07
712302,904077,104,2026-04-23,59.11,Paid,11,2026-05-04
712303,902812,69,2026-04-24,57.13,Paid,7,2026-05-01
712304,908180,198,2026-04-22,122.43,Paid,17,2026-05-09
712305,911562,288,2026-04-23,103.5,Paid,9,2026-05-02
712306,900660,16,2026-04-22,55.65,Paid,7,2026-04-29
712307,912196,307,2026-04-24,54.33,Paid,7,2026-05-01
712308,916343,408,2026-04-24,97.17,Paid,10,2026-05-04
712309,904255,109,2026-04-22,56.94,Paid,0,2026-04-22
712310,916445,410,2026-04-24,151.73,Paid,14,2026-05-08
712311,909827,236,2026-04-23,119.34,Paid,3,2026-04-26
712312,906871,173,2026-04-22,114.76,Paid,16,2026-05-08
712313,912790,324,2026-04-22,55.03,Paid,0,2026-04-22
712314,916121,402,2026-04-24,62.73,Paid,23,2026-05-17
712315,903048,76,2026-04-22,52.28,Paid,13,2026-05-05
712316,908049,196,2026-04-22,59.56,Paid,13,2026-05-05
712317,906297,159,2026-04-24,93.01,Paid,4,2026-04-28
712318,915462,387,2026-04-22,63.93,Paid,13,2026-05-05
712319,908970,215,2026-04-23,118.34,Paid,0,2026-04-23
712320,915396,386,2026-04-23,57.28,Paid,14,2026-05-07
712321,911537,288,2026-04-23,55.73,Paid,2,2026-04-25
712322,917619,326,2026-04-22,7357.34,Paid,5,2026-04-27
712323,914658,368,2026-04-22,58.36,Paid,0,2026-04-22
712324,900085,2,2026-04-23,57.34,Paid,6,2026-04-29
712325,911979,302,2026-04-24,117.56,Paid,13,2026-05-07
712326,908904,213,2026-04-23,121.26,Paid,20,2026-05-13
712327,906213,157,2026-04-23,58.41,Paid,0,2026-04-23
712328,905064,126,2026-04-22,80.39,Paid,6,2026-04-28
712329,915668,391,2026-04-22,70.31,Paid,19,2026-05-11
712330,907775,191,2026-04-22,119.81,Paid,7,2026-04-29
712331,901763,42,2026-04-23,79.91,Paid,1,2026-04-24
712332,907041,177,2026-04-22,57.43,Paid,0,2026-04-22
712333,906600,167,2026-04-24,60.78,Paid,17,2026-05-11
712334,914611,367,2026-04-25,63.71,Paid,0,2026-04-25
712335,900999,27,2026-04-25,78.52,Paid,14,2026-05-09
712336,913895,351,2026-04-25,56.43,Paid,0,2026-04-25
712337,907066,177,2026-04-25,92.32,Paid,0,2026-04-25
712338,911434,286,2026-04-24,57.13,Paid,21,2026-05-15
712339,905187,133,2026-04-24,58.46,Paid,2,2026-04-26
712340,901338,34,2026-04-23,64.84,Paid,31,2026-05-24
712341,900178,4,2026-04-25,81.88,Paid,10,2026-05-05
712342,912396,313,2026-04-25,114.57,Paid,12,2026-05-07
712343,904464,114,2026-04-23,65.49,Paid,19,2026-05-12
712344,908455,204,2026-04-23,57.05,Paid,13,2026-05-06
712345,912082,304,2026-04-24,90.03,Paid,11,2026-05-05
712346,914274,359,2026-04-23,87.63,Paid,5,2026-04-28
712347,901235,31,2026-04-24,121.35,Paid,1,2026-04-25
712348,912509,316,2026-04-25,104.65,Paid,0,2026-04-25
712349,904624,118,2026-04-25,56.47,Paid,0,2026-04-25
712350,902359,55,2026-04-24,88.91,Paid,28,2026-05-22
712351,906788,172,2026-04-25,57.72,Paid,0,2026-04-25
712352,915009,377,2026-04-24,68.53,Paid,0,2026-04-24
712353,911810,295,2026-04-25,64.1,Paid,21,2026-05-16
712354,905883,148,2026-04-24,56.65,Paid,12,2026-05-06
712355,914509,365,2026-04-25,54.34,Paid,0,2026-04-25
712356,910524,255,2026-04-24,59.98,Paid,0,2026-04-24
712357,904773,121,2026-04-25,68.82,Paid,23,2026-05-18
712358,916037,399,2026-04-24,58.04,Paid,0,2026-04-24
712359,911914,299,2026-04-24,60.94,Paid,2,2026-04-26
712360,909413,228,2026-04-25,74.15,Paid,8,2026-05-03
712361,902122,51,2026-04-25,66.35,Paid,22,2026-05-17
712362,915076,378,2026-04-26,113.86,Paid,0,2026-04-26
712363,917474,258,2026-04-24,726.42,Paid,0,2026-04-24
712364,906335,161,2026-04-24,57.48,Paid,2,2026-04-26
712365,908332,201,2026-04-24,58.71,Paid,7,2026-05-01
712366,901405,35,2026-04-24,57.31,Paid,17,2026-05-11
712367,908670,208,2026-04-25,118.62,Paid,3,2026-04-28
712368,908802,211,2026-04-24,69.13,Paid,25,2026-05-19
712369,910958,269,2026-04-26,59.34,Paid,0,2026-04-26
712370,907445,184,2026-04-24,81.93,Paid,6,2026-04-30
712371,900423,11,2026-04-24,54.49,Paid,15,2026-05-09
712372,901612,39,2026-04-26,56.66,Paid,0,2026-04-26
712373,902642,64,2026-04-26,77.41,Paid,4,2026-04-30
712374,910892,268,2026-04-26,59.35,Paid,5,2026-05-01
712375,911164,279,2026-04-26,57.57,Paid,2,2026-04-28
712376,903332,85,2026-04-26,83.09,Paid,0,2026-04-26
712377,913109,333,2026-04-26,77.64,Paid,18,2026-05-14
712378,901555,38,2026-04-26,53.37,Paid,0,2026-04-26
712379,917583,312,2026-04-26,1231.92,Paid,27,2026-05-23
712380,909894,238,2026-04-26,55.7,Paid,17,2026-05-13
712381,903237,83,2026-04-25,55.85,Paid,15,2026-05-10
712382,903739,97,2026-04-24,82.49,Paid,0,2026-04-24
712383,904313,110,2026-04-26,64.19,Paid,17,2026-05-13
712384,913793,349,2026-04-25,116.66,Paid,11,2026-05-06
712385,909536,231,2026-04-25,79.94,Paid,0,2026-04-25
712386,914772,372,2026-04-25,126.57,Paid,10,2026-05-05
712387,914830,373,2026-04-26,60.67,Paid,0,2026-04-26
712388,905818,147,2026-04-24,59.37,Paid,6,2026-04-30
712389,904811,122,2026-04-24,97.15,Paid,22,2026-05-16
712390,907710,190,2026-04-26,94.2,Paid,18,2026-05-14
712391,901065,28,2026-04-26,57.06,Paid,8,2026-05-04
712392,910411,252,2026-04-25,61.32,Paid,0,2026-04-25
712393,911754,294,2026-04-26,98.16,Paid,27,2026-05-23
712394,915735,393,2026-04-26,79.82,Paid,18,2026-05-14
712395,916899,420,2026-04-25,85.42,Paid,12,2026-05-07
712396,909140,221,2026-04-25,118.61,Paid,0,2026-04-25
712397,913251,336,2026-04-25,81.7,Paid,0,2026-04-25
712398,902879,70,2026-04-25,65.03,Paid,0,2026-04-25
712399,910174,248,2026-04-26,119.63,Paid,2,2026-04-28
712400,909291,226,2026-04-26,80.27,Paid,0,2026-04-26
712401,915340,385,2026-04-26,81.62,Paid,0,2026-04-26
712402,910345,251,2026-04-26,58.69,Paid,1,2026-04-27
712403,916953,16,2026-04-24,394.66,Paid,1,2026-04-25
712404,916590,413,2026-04-24,81.12,Paid,0,2026-04-24
712405,911707,293,2026-04-24,58.47,Paid,16,2026-05-10
712406,901282,32,2026-04-26,60.82,Paid,11,2026-05-07
712407,914387,362,2026-04-25,55.97,Paid,5,2026-04-30
712408,914208,357,2026-04-24,76.23,Paid,9,2026-05-03
712409,912149,306,2026-04-24,56.85,Paid,3,2026-04-27
712410,913318,339,2026-04-27,59.62,Paid,8,2026-05-05
712411,913452,341,2026-04-27,59.9,Paid,0,2026-04-27
712412,900319,9,2026-04-26,61.01,Paid,7,2026-05-03
712413,912979,330,2026-04-27,59.02,Paid,4,2026-05-01
712414,910221,249,2026-04-27,75.12,Paid,7,2026-05-04
712415,901178,30,2026-04-25,56.68,Paid,0,2026-04-25
712416,906846,173,2026-04-27,74.77,Paid,9,2026-05-06
712417,917219,133,2026-04-26,4704.44,Paid,24,2026-05-20
712418,900595,15,2026-04-26,57.0,Paid,0,2026-04-26
712419,913519,342,2026-04-25,54.52,Paid,7,2026-05-02
712420,909639,233,2026-04-26,80.72,Paid,11,2026-05-07
712421,909498,230,2026-04-26,124.45,Paid,2,2026-04-28
712422,902018,47,2026-04-26,58.31,Paid,4,2026-04-30
712423,912462,314,2026-04-27,64.69,Paid,23,2026-05-20
712424,910685,261,2026-04-26,59.11,Paid,0,2026-04-26
712425,916533,412,2026-04-25,73.42,Paid,8,2026-05-03
712426,906703,170,2026-04-27,74.12,Paid,13,2026-05-10
712427,916486,411,2026-04-25,119.72,Paid,0,2026-04-25
712428,908114,197,2026-04-25,72.57,Paid,4,2026-04-29
712429,904726,120,2026-04-26,78.42,Paid,5,2026-05-01
712430,905282,137,2026-04-25,80.43,Paid,9,2026-05-04
712431,902991,72,2026-04-25,81.05,Paid,4,2026-04-29
712432,907512,186,2026-04-27,54.41,Paid,10,2026-05-07
712433,903569,92,2026-04-27,75.99,Paid,18,2026-05-15
712434,914141,356,2026-04-25,79.17,Paid,23,2026-05-18
712435,902189,52,2026-04-25,118.99,Paid,0,2026-04-25
712436,910278,250,2026-04-26,77.85,Paid,0,2026-04-26
712437,917095,76,2026-04-27,2566.91,Paid,0,2026-04-27
712438,905387,139,2026-04-27,55.2,Paid,9,2026-05-06
712439,900726,18,2026-04-26,55.62,Paid,13,2026-05-09
712440,900490,13,2026-04-25,58.87,Paid,10,2026-05-05
712441,903275,84,2026-04-26,63.33,Paid,3,2026-04-29
712442,903190,81,2026-04-27,95.79,Paid,14,2026-05-11
712443,910732,262,2026-04-26,70.14,Paid,17,2026-05-13
712444,910118,247,2026-04-27,73.32,Paid,10,2026-05-07
712445,910043,245,2026-04-26,80.62,Paid,6,2026-05-02
712446,903806,98,2026-04-26,55.74,Paid,5,2026-05-01
712447,915302,384,2026-04-28,70.64,Paid,38,2026-06-05
712448,913726,348,2026-04-28,59.52,Paid,14,2026-05-12
712449,913044,331,2026-04-26,59.78,Paid,17,2026-05-13
712450,914877,374,2026-04-26,78.66,Paid,0,2026-04-26
712451,914443,363,2026-04-28,55.72,Paid,13,2026-05-11
712452,909460,229,2026-04-26,54.87,Paid,23,2026-05-19
712453,906118,155,2026-04-26,56.66,Paid,0,2026-04-26
712454,904426,113,2026-04-27,56.07,Paid,6,2026-05-03
712455,902689,65,2026-04-26,58.39,Paid,0,2026-04-26
712456,907822,192,2026-04-27,125.71,Paid,0,2026-04-27
712457,915802,394,2026-04-27,71.1,Paid,11,2026-05-08
712458,908586,206,2026-04-26,60.69,Paid,14,2026-05-10
712459,907211,180,2026-04-27,71.7,Paid,3,2026-04-30
712460,908247,199,2026-04-26,78.7,Paid,0,2026-04-26
712461,903635,95,2026-04-28,97.12,Paid,33,2026-05-31
712462,916383,409,2026-04-27,80.95,Paid,15,2026-05-12
712463,913999,353,2026-04-26,59.39,Paid,9,2026-05-05
712464,902462,58,2026-04-26,73.06,Paid,27,2026-05-23
712465,901131,29,2026-04-26,94.58,Paid,13,2026-05-09
712466,915227,382,2026-04-27,66.24,Paid,31,2026-05-28
712467,901470,36,2026-04-27,72.03,Paid,18,2026-05-15
712468,905453,140,2026-04-27,54.71,Paid,10,2026-05-07
712469,912234,308,2026-04-26,59.89,Paid,8,2026-05-04
712470,909206,222,2026-04-27,74.92,Paid,3,2026-04-30
712471,909253,225,2026-04-26,58.13,Paid,3,2026-04-29
712472,909347,227,2026-04-28,56.04,Paid,0,2026-04-28
712473,911369,283,2026-04-28,119.23,Paid,0,2026-04-28
712474,912687,322,2026-04-28,124.68,Paid,1,2026-04-29
712475,916693,416,2026-04-27,82.06,Paid,11,2026-05-08
712476,916637,414,2026-04-28,52.74,Paid,9,2026-05-07
712477,908389,203,2026-04-26,72.75,Paid,3,2026-04-29
712478,909996,242,2026-04-28,73.73,Paid,12,2026-05-10
712479,901952,45,2026-04-27,57.9,Paid,6,2026-05-03
712480,915868,395,2026-04-28,58.87,Paid,1,2026-04-29
712481,905752,146,2026-04-26,62.22,Paid,6,2026-05-02
712482,912640,320,2026-04-26,76.98,Paid,0,2026-04-26
712483,912743,323,2026-04-26,73.83,Paid,14,2026-05-10
712484,905930,149,2026-04-28,61.5,Paid,18,2026-05-16
712485,905584,143,2026-04-28,54.71,Paid,3,2026-05-01
712486,912272,309,2026-04-28,58.17,Paid,16,2026-05-14
712487,906911,175,2026-04-28,88.44,Paid,16,2026-05-14
712488,905649,144,2026-04-27,59.85,Paid,6,2026-05-03
712489,915981,398,2026-04-26,68.61,Paid,15,2026-05-11
712490,901716,41,2026-04-27,58.52,Paid,0,2026-04-27
712491,906431,164,2026-04-27,63.23,Paid,10,2026-05-07
712492,913660,347,2026-04-28,63.07,Paid,8,2026-05-06
712493,909696,234,2026-04-28,55.08,Paid,14,2026-05-12
712494,903682,96,2026-04-28,58.22,Paid,11,2026-05-09
712495,917446,241,2026-04-27,639.77,Paid,9,2026-05-06
712496,913603,345,2026-04-28,58.6,Paid,12,2026-05-10
712497,907107,178,2026-04-27,58.08,Paid,19,2026-05-16
712498,902256,53,2026-04-28,98.55,Paid,11,2026-05-09
712499,900933,25,2026-04-27,76.44,Paid,2,2026-04-29
712500,912330,312,2026-04-28,148.52,Paid,22,2026-05-20
712501,902746,66,2026-04-28,78.71,Paid,0,2026-04-28
712502,917520,280,2026-04-28,4644.53,Paid,2,2026-04-30
712503,917757,393,2026-04-27,6199.52,Paid,11,2026-05-08
712504,904379,111,2026-04-28,55.44,Paid,12,2026-05-10
712505,907984,195,2026-04-29,60.0,Paid,9,2026-05-08
712506,917416,229,2026-04-28,350.35,Paid,15,2026-05-13
712507,911640,290,2026-04-28,60.77,Paid,13,2026-05-11
712508,901821,43,2026-04-29,55.71,Paid,15,2026-05-14
712509,903464,87,2026-04-27,54.73,Paid,5,2026-05-02
712510,912847,328,2026-04-27,77.19,Paid,21,2026-05-18
712511,907860,193,2026-04-29,52.91,Paid,3,2026-05-02
712512,904868,123,2026-04-29,55.11,Paid,23,2026-05-22
712513,917172,111,2026-04-27,2678.22,Paid,4,2026-05-01
712514,900829,21,2026-04-29,87.72,Paid,25,2026-05-24
712515,900537,14,2026-04-27,71.07,Paid,22,2026-05-19
712516,908181,198,2026-04-28,135.49,Paid,17,2026-05-15
712517,904012,103,2026-04-27,76.34,Paid,7,2026-05-04
712518,909017,216,2026-04-28,62.35,Paid,0,2026-04-28
712519,907918,194,2026-04-29,57.11,Paid,4,2026-05-03
712520,917633,332,2026-04-29,753.14,Paid,9,2026-05-08
712521,913156,334,2026-04-29,56.7,Paid,11,2026-05-10
712522,911267,281,2026-04-27,57.83,Paid,7,2026-05-04
712523,907342,182,2026-04-27,62.65,Paid,5,2026-05-02
712524,907644,188,2026-04-28,63.96,Paid,7,2026-05-05
712525,903398,86,2026-04-28,59.52,Paid,0,2026-04-28
712526,915142,379,2026-04-27,52.5,Paid,22,2026-05-19
712527,905519,142,2026-04-28,54.67,Paid,0,2026-04-28
712528,916318,408,2026-04-29,56.59,Paid,13,2026-05-12
712529,906156,156,2026-04-27,62.09,Paid,10,2026-05-07
712530,901887,44,2026-04-27,55.42,Paid,3,2026-04-30
712531,913385,340,2026-04-28,70.43,Paid,12,2026-05-10
712532,910477,254,2026-04-29,66.32,Paid,11,2026-05-10
712533,917330,181,2026-04-28,463.73,Paid,21,2026-05-19
712534,915566,389,2026-04-29,52.99,Paid,1,2026-04-30
712535,904935,124,2026-04-30,88.19,Paid,5,2026-05-05
712536,902509,60,2026-04-28,61.2,Paid,12,2026-05-10
712537,909075,219,2026-04-28,70.93,Paid,22,2026-05-20
712538,915509,388,2026-04-30,58.64,Paid,2,2026-05-02
712539,909593,232,2026-04-29,58.89,Paid,2,2026-05-01
712540,915935,397,2026-04-29,54.72,Paid,6,2026-05-05
712541,913566,343,2026-04-28,84.67,Paid,6,2026-05-04
712542,907579,187,2026-04-28,65.2,Paid,0,2026-04-28
712543,916740,417,2026-04-29,59.0,Paid,13,2026-05-12
712544,905329,138,2026-04-29,52.2,Paid,0,2026-04-29
712545,903910,100,2026-04-30,117.58,Paid,5,2026-05-05
712546,917748,389,2026-04-28,470.57,Paid,7,2026-05-05
712547,909762,235,2026-04-30,53.15,Paid,13,2026-05-13
712548,902813,69,2026-04-28,54.8,Paid,10,2026-05-08
712549,906647,169,2026-04-28,65.81,Paid,14,2026-05-12
712550,911025,270,2026-04-29,57.74,Paid,3,2026-05-02
712551,915010,377,2026-04-30,74.53,Paid,0,2026-04-30
712552,911071,274,2026-04-28,73.49,Paid,16,2026-05-14
712553,917342,188,2026-04-28,357.5,Paid,19,2026-05-17
712554,916215,404,2026-04-30,56.01,Paid,12,2026-05-12
712555,912584,318,2026-04-30,58.42,Paid,0,2026-04-30
712556,906977,176,2026-04-28,76.6,Paid,5,2026-05-03
712557,906536,166,2026-04-29,59.33,Paid,5,2026-05-04
712558,904209,107,2026-04-30,57.97,Paid,2,2026-05-02
712559,908522,205,2026-04-28,84.29,Paid,12,2026-05-10
712560,912914,329,2026-04-29,70.26,Paid,12,2026-05-11
712561,916834,419,2026-04-29,84.18,Paid,13,2026-05-12
712562,902945,71,2026-04-28,51.08,Paid,16,2026-05-14
712563,909941,241,2026-04-29,56.88,Paid,17,2026-05-16
712564,904144,105,2026-04-30,59.95,Paid,18,2026-05-18
712565,907042,177,2026-04-29,57.32,Paid,10,2026-05-09
712566,903049,76,2026-04-29,55.84,Paid,0,2026-04-29
712567,915397,386,2026-04-29,54.86,Paid,13,2026-05-12
712568,900225,6,2026-04-29,52.91,Paid,0,2026-04-29
712569,908971,215,2026-05-01,120.73,Paid,12,2026-05-13
712570,911980,302,2026-04-30,117.93,Paid,0,2026-04-30
712571,905065,126,2026-05-01,81.16,Paid,15,2026-05-16
712572,915265,383,2026-04-29,52.3,Paid,14,2026-05-13
712573,910789,266,2026-05-01,57.74,Paid,11,2026-05-12
712574,915669,391,2026-04-30,57.85,Paid,3,2026-05-03
712575,905696,145,2026-05-01,125.08,Paid,4,2026-05-05
712576,900123,3,2026-04-29,72.33,Paid,15,2026-05-14
712577,909828,236,2026-05-01,117.31,Paid,8,2026-05-09
712578,908905,213,2026-05-01,114.37,Paid,13,2026-05-14
712579,907389,183,2026-04-30,89.11,Paid,2,2026-05-02
712580,917195,122,2026-04-30,3012.62,Paid,16,2026-05-16
712581,907278,181,2026-05-01,59.58,Paid,0,2026-05-01
712582,903853,99,2026-04-30,80.48,Paid,9,2026-05-09
712583,916159,403,2026-04-29,81.42,Paid,17,2026-05-16
712584,902303,54,2026-05-01,58.16,Paid,3,2026-05-04
712585,904078,104,2026-04-30,57.58,Paid,9,2026-05-09
712586,908050,196,2026-04-30,61.68,Paid,10,2026-05-10
712587,910619,259,2026-04-30,123.54,Paid,10,2026-05-10
712588,905000,125,2026-05-01,77.51,Paid,15,2026-05-16
712589,914556,366,2026-04-30,75.97,Paid,5,2026-05-05
712590,915463,387,2026-04-29,68.41,Paid,13,2026-05-12
712591,917290,165,2026-04-30,284.04,Paid,11,2026-05-11
712592,906043,152,2026-05-01,62.74,Paid,5,2026-05-06
712593,906214,157,2026-05-01,52.18,Paid,0,2026-05-01
712594,916084,401,2026-04-29,54.77,Paid,16,2026-05-15
712595,913194,335,2026-04-30,64.91,Paid,21,2026-05-21
712596,903133,79,2026-04-30,57.42,Paid,8,2026-05-08
712597,913110,333,2026-05-01,79.12,Paid,6,2026-05-07
712598,914341,361,2026-05-02,58.1,Paid,0,2026-05-02
712599,900773,19,2026-04-30,58.95,Paid,6,2026-05-06
712600,913840,350,2026-05-02,58.03,Paid,21,2026-05-23
712601,910081,246,2026-05-01,63.99,Paid,30,2026-05-31
712602,911584,289,2026-04-30,59.15,Paid,0,2026-04-30
712603,906260,158,2026-05-02,67.98,Paid,34,2026-06-05
712604,900661,16,2026-04-30,54.66,Paid,0,2026-04-30
712605,900179,4,2026-05-01,76.47,Paid,22,2026-05-23
712606,911435,286,2026-04-30,59.81,Paid,4,2026-05-04
712607,912083,304,2026-05-01,92.11,Paid,17,2026-05-18
712608,908456,204,2026-05-02,57.36,Paid,2,2026-05-04
712609,915613,390,2026-05-02,54.44,Paid,0,2026-05-02
712610,904521,115,2026-05-02,74.0,Paid,4,2026-05-06
712611,904727,120,2026-05-02,72.56,Paid,8,2026-05-10
712612,911165,279,2026-05-01,54.45,Paid,3,2026-05-04
712613,902360,55,2026-05-02,89.89,Paid,22,2026-05-24
712614,917546,294,2026-04-30,856.67,Paid,20,2026-05-20
712615,908849,212,2026-05-02,65.49,Paid,19,2026-05-21
712616,905884,148,2026-05-01,60.86,Paid,5,2026-05-06
712617,912547,317,2026-04-30,79.64,Paid,8,2026-05-08
712618,906601,167,2026-05-01,53.99,Paid,0,2026-05-01
712619,914612,367,2026-04-30,59.46,Paid,6,2026-05-06
712620,912463,314,2026-04-30,71.51,Paid,20,2026-05-20
712621,900039,1,2026-05-01,59.11,Paid,0,2026-05-01
712622,914510,365,2026-04-30,63.99,Paid,3,2026-05-03
712623,911915,299,2026-04-30,57.39,Paid,0,2026-04-30
712624,913896,351,2026-04-30,58.24,Paid,7,2026-05-07
712625,904625,118,2026-04-30,57.48,Paid,6,2026-05-06
712626,908633,207,2026-04-30,65.31,Paid,20,2026-05-20
712627,911538,288,2026-05-02,51.71,Paid,11,2026-05-13
712628,911811,295,2026-04-30,62.73,Paid,29,2026-05-29
712629,908115,197,2026-05-01,74.86,Paid,8,2026-05-09
712630,900424,11,2026-05-01,57.37,Paid,1,2026-05-02
712631,909141,221,2026-05-02,114.43,Paid,21,2026-05-23
712632,911708,293,2026-05-03,57.33,Paid,8,2026-05-11
712633,903740,97,2026-05-03,85.48,Paid,1,2026-05-04
712634,910346,251,2026-05-03,57.2,Paid,9,2026-05-12
712635,909414,228,2026-05-02,69.55,Paid,7,2026-05-09
712636,901132,29,2026-05-01,97.03,Paid,30,2026-05-31
712637,906751,171,2026-05-01,76.48,Paid,16,2026-05-17
712638,905968,150,2026-05-01,52.61,Paid,2,2026-05-03
712639,916591,413,2026-05-03,80.22,Paid,10,2026-05-13
712640,907711,190,2026-05-02,95.92,Paid,19,2026-05-21
712641,913252,336,2026-05-01,76.78,Paid,13,2026-05-14
712642,901339,34,2026-05-03,64.97,Paid,32,2026-06-04
712643,902880,70,2026-05-03,66.23,Paid,31,2026-06-03
712644,915736,393,2026-05-02,83.49,Paid,2,2026-05-04
712645,912150,306,2026-05-02,56.45,Paid,15,2026-05-17
712646,914954,376,2026-05-01,81.1,Paid,7,2026-05-08
712647,901406,35,2026-05-01,55.11,Paid,3,2026-05-04
712648,915077,378,2026-05-01,111.51,Paid,0,2026-05-01
712649,907446,184,2026-05-01,74.02,Paid,12,2026-05-13
712650,910893,268,2026-05-01,60.03,Paid,0,2026-05-01
712651,910959,269,2026-05-03,57.49,Paid,4,2026-05-07
712652,901613,39,2026-05-02,53.37,Paid,12,2026-05-14
712653,912027,303,2026-05-03,73.1,Paid,20,2026-05-23
712654,907212,180,2026-05-03,83.39,Paid,20,2026-05-23
712655,911108,275,2026-05-02,56.54,Paid,11,2026-05-13
712656,902643,64,2026-05-02,70.92,Paid,3,2026-05-05
712657,916038,399,2026-05-02,59.68,Paid,20,2026-05-22
712658,902123,51,2026-05-02,69.61,Paid,21,2026-05-23
712659,914209,357,2026-05-01,79.87,Paid,6,2026-05-07
712660,901066,28,2026-05-03,58.27,Paid,0,2026-05-03
712661,910412,252,2026-05-01,54.89,Paid,10,2026-05-11
712662,905150,132,2026-05-02,50.62,Paid,3,2026-05-05
712663,903333,85,2026-05-03,84.92,Paid,0,2026-05-03
712664,900263,7,2026-05-02,53.98,Paid,3,2026-05-05
712665,900320,9,2026-05-01,58.81,Paid,2,2026-05-03
712666,908803,211,2026-05-02,65.93,Paid,22,2026-05-24
712667,903512,88,2026-05-02,68.98,Paid,24,2026-05-26
712668,904314,110,2026-05-03,67.13,Paid,30,2026-06-02
712669,909895,238,2026-05-01,57.41,Paid,0,2026-05-01
712670,913794,349,2026-05-03,122.98,Paid,8,2026-05-11
712671,907776,191,2026-05-01,123.09,Paid,3,2026-05-04
712672,914831,373,2026-05-02,57.71,Paid,7,2026-05-09
712673,900727,18,2026-05-02,59.84,Paid,14,2026-05-16
712674,902547,61,2026-05-01,63.94,Paid,15,2026-05-16
712675,905819,147,2026-05-03,60.72,Paid,0,2026-05-03
712676,903570,92,2026-05-01,75.34,Paid,12,2026-05-13
712677,908295,200,2026-05-02,63.65,Paid,8,2026-05-10
712678,916900,420,2026-05-02,80.34,Paid,16,2026-05-18
712679,914275,359,2026-05-04,80.93,Paid,18,2026-05-22
712680,914142,356,2026-05-04,81.29,Paid,22,2026-05-26
712681,903807,98,2026-05-03,59.71,Paid,6,2026-05-09
712682,905388,139,2026-05-04,63.71,Paid,5,2026-05-09
712683,904568,116,2026-05-04,55.34,Paid,7,2026-05-11
712684,913727,348,2026-05-02,59.77,Paid,4,2026-05-06
712685,913453,341,2026-05-04,57.28,Paid,9,2026-05-13
712686,913319,339,2026-05-03,58.39,Paid,0,2026-05-03
712687,905112,129,2026-05-04,77.2,Paid,7,2026-05-11
712688,905283,137,2026-05-03,86.46,Paid,12,2026-05-15
712689,912980,330,2026-05-02,56.87,Paid,14,2026-05-16
712690,906847,173,2026-05-03,73.95,Paid,0,2026-05-03
712691,906479,165,2026-05-02,54.53,Paid,14,2026-05-16
712692,911858,298,2026-05-03,56.96,Paid,12,2026-05-15
712693,910835,267,2026-05-03,113.25,Paid,9,2026-05-12
712694,910686,261,2026-05-03,55.68,Paid,23,2026-05-26
712695,901000,27,2026-05-04,76.26,Paid,11,2026-05-15
712696,903191,81,2026-05-02,83.51,Paid,11,2026-05-13
712697,901236,31,2026-05-03,121.66,Paid,7,2026-05-10
712698,912397,313,2026-05-03,112.57,Paid,9,2026-05-12
712699,910175,248,2026-05-03,125.3,Paid,2,2026-05-05
712700,916487,411,2026-05-02,122.94,Paid,0,2026-05-02
712701,914697,370,2026-05-02,82.97,Paid,12,2026-05-14
712702,902019,47,2026-05-04,60.8,Paid,0,2026-05-04
712703,906704,170,2026-05-02,70.85,Paid,1,2026-05-03
712704,902190,52,2026-05-04,114.97,Paid,14,2026-05-18
712705,910279,250,2026-05-03,82.73,Paid,4,2026-05-07
712706,917352,194,2026-05-04,457.57,Paid,19,2026-05-23
712707,901717,41,2026-05-02,58.98,Paid,8,2026-05-10
712708,907513,186,2026-05-03,52.9,Paid,6,2026-05-09
712709,907919,194,2026-05-02,55.68,Paid,2,2026-05-04
712710,915803,394,2026-05-02,62.07,Paid,28,2026-05-30
712711,916384,409,2026-05-04,80.93,Paid,0,2026-05-04
712712,908745,210,2026-05-04,61.09,Paid,5,2026-05-09
712713,914000,353,2026-05-03,55.14,Paid,9,2026-05-12
712714,907343,182,2026-05-04,58.38,Paid,0,2026-05-04
712715,914046,354,2026-05-05,58.04,Paid,9,2026-05-14
712716,908708,209,2026-05-04,56.14,Paid,4,2026-05-08
712717,911481,287,2026-05-05,55.48,Paid,17,2026-05-22
712718,903956,102,2026-05-03,68.08,Paid,14,2026-05-17
712719,913045,331,2026-05-04,53.7,Paid,13,2026-05-17
712720,911370,283,2026-05-03,119.1,Paid,14,2026-05-17
712721,909348,227,2026-05-04,57.09,Paid,13,2026-05-17
712722,906912,175,2026-05-05,89.55,Paid,29,2026-06-03
712723,907108,178,2026-05-04,59.95,Paid,9,2026-05-13
712724,911212,280,2026-05-04,57.61,Paid,1,2026-05-05
712725,914444,363,2026-05-04,58.51,Paid,0,2026-05-04
712726,911268,281,2026-05-04,61.65,Paid,11,2026-05-15
712727,915869,395,2026-05-04,55.83,Paid,3,2026-05-07
712728,901953,45,2026-05-05,53.62,Paid,0,2026-05-05
712729,905753,146,2026-05-04,59.94,Paid,18,2026-05-22
712730,912744,323,2026-05-05,69.96,Paid,31,2026-06-05
712731,905650,144,2026-05-04,57.91,Paid,4,2026-05-08
712732,911314,282,2026-05-05,112.15,Paid,10,2026-05-15
712733,908390,203,2026-05-04,80.52,Paid,0,2026-05-04
712734,912641,320,2026-05-05,82.15,Paid,8,2026-05-13
712735,901471,36,2026-05-03,81.36,Paid,9,2026-05-12
712736,916694,416,2026-05-04,82.57,Paid,0,2026-05-04
712737,902463,58,2026-05-04,66.44,Paid,20,2026-05-24
712738,905585,143,2026-05-04,54.96,Paid,7,2026-05-11
712739,905225,135,2026-05-04,54.01,Paid,6,2026-05-10
712740,908248,199,2026-05-03,77.83,Paid,5,2026-05-08
712741,909997,242,2026-05-04,77.95,Paid,5,2026-05-09
712742,909207,222,2026-05-04,81.82,Paid,8,2026-05-12
712743,914916,375,2026-05-03,61.28,Paid,18,2026-05-21
712744,903636,95,2026-05-03,94.57,Paid,14,2026-05-17
712745,916430,410,2026-05-03,100.04,Paid,29,2026-06-01
712746,904671,119,2026-05-03,58.97,Paid,7,2026-05-10
712747,913661,347,2026-05-05,59.13,Paid,14,2026-05-19
712748,912848,328,2026-05-05,73.2,Paid,24,2026-05-29
712749,915143,379,2026-05-05,62.42,Paid,0,2026-05-05
712750,915190,381,2026-05-04,76.93,Paid,1,2026-05-05
712751,902747,66,2026-05-05,83.71,Paid,1,2026-05-06
712752,915567,389,2026-05-05,61.63,Paid,0,2026-05-05
712753,912791,324,2026-05-04,58.72,Paid,9,2026-05-13
712754,902585,62,2026-05-06,76.65,Paid,16,2026-05-22
712755,912331,312,2026-05-04,145.75,Paid,31,2026-06-04
712756,906432,164,2026-05-04,59.27,Paid,6,2026-05-10
712757,913520,342,2026-05-04,54.37,Paid,0,2026-05-04
712758,902257,53,2026-05-05,95.44,Paid,24,2026-05-29
712759,902407,57,2026-05-05,69.04,Paid,12,2026-05-17
712760,911641,290,2026-05-06,61.14,Paid,4,2026-05-10
712761,909697,234,2026-05-06,57.24,Paid,2,2026-05-08
712762,904380,111,2026-05-05,54.89,Paid,20,2026-05-25
712763,902066,48,2026-05-04,60.42,Paid,11,2026-05-15
712764,908587,206,2026-05-06,58.48,Paid,10,2026-05-16
712765,903399,86,2026-05-05,63.16,Paid,2,2026-05-07
712766,907985,195,2026-05-05,59.04,Paid,0,2026-05-05
712767,910478,254,2026-05-05,62.12,Paid,20,2026-05-25
712768,913943,352,2026-05-05,124.31,Paid,9,2026-05-14
712769,917367,203,2026-05-05,751.64,Paid,0,2026-05-05
712770,904869,123,2026-05-04,56.87,Paid,15,2026-05-19
712771,900934,25,2026-05-04,72.06,Paid,14,2026-05-18
712772,907645,188,2026-05-05,73.51,Paid,9,2026-05-14
712773,900596,15,2026-05-06,58.72,Paid,7,2026-05-13
712774,900877,22,2026-05-06,69.0,Paid,14,2026-05-20
712775,903465,87,2026-05-05,58.94,Paid,0,2026-05-05
712776,916937,10,2026-05-04,512.52,Paid,16,2026-05-20
712777,905520,142,2026-05-04,59.52,Paid,0,2026-05-04
712778,904013,103,2026-05-04,73.29,Paid,14,2026-05-18
712779,901660,40,2026-05-04,61.25,Paid,1,2026-05-05
712780,900491,13,2026-05-06,57.16,Paid,7,2026-05-13
712781,900830,21,2026-05-06,84.98,Paid,22,2026-05-28
712782,908182,198,2026-05-04,115.6,Paid,6,2026-05-10
712783,914735,371,2026-05-06,56.19,Paid,0,2026-05-06
712784,901822,43,2026-05-06,57.4,Paid,6,2026-05-12
712785,901888,44,2026-05-04,59.93,Paid,10,2026-05-14
712786,913386,340,2026-05-05,71.51,Paid,28,2026-06-02
712787,916778,418,2026-05-04,55.3,Paid,5,2026-05-09
712788,902814,69,2026-05-06,56.98,Paid,17,2026-05-23
712789,904210,107,2026-05-05,57.15,Paid,13,2026-05-18
712790,906081,153,2026-05-06,75.1,Paid,11,2026-05-17
712791,916835,419,2026-05-07,78.6,Paid,0,2026-05-07
712792,906006,151,2026-05-05,57.49,Paid,16,2026-05-21
712793,915936,397,2026-05-05,60.12,Paid,0,2026-05-05
712794,909594,232,2026-05-06,60.04,Paid,26,2026-06-01
712795,917137,98,2026-05-05,519.11,Paid,2,2026-05-07
712796,906537,166,2026-05-06,54.84,Paid,2,2026-05-08
712797,908523,205,2026-05-06,79.58,Paid,9,2026-05-15
712798,900367,10,2026-05-07,61.69,Paid,16,2026-05-23
712799,904936,124,2026-05-07,83.95,Paid,1,2026-05-08
712800,916262,406,2026-05-07,55.01,Paid,0,2026-05-07
712801,916216,404,2026-05-07,52.55,Paid,10,2026-05-17
712802,914084,355,2026-05-07,60.56,Paid,3,2026-05-10
712803,909763,235,2026-05-06,56.5,Paid,0,2026-05-06
712804,907155,179,2026-05-06,89.69,Paid,27,2026-06-02
712805,915011,377,2026-05-07,75.23,Paid,6,2026-05-13
712806,903911,100,2026-05-05,112.39,Paid,0,2026-05-05
712807,904145,105,2026-05-05,61.8,Paid,0,2026-05-05
712808,902946,71,2026-05-06,53.95,Paid,0,2026-05-06
712809,911026,270,2026-05-05,59.18,Paid,4,2026-05-09
712810,900040,1,2026-05-06,56.64,Paid,1,2026-05-07
712811,905454,140,2026-05-05,63.01,Paid,0,2026-05-05
712812,904522,115,2026-05-07,59.68,Paid,25,2026-06-01
712813,909076,219,2026-05-06,71.28,Paid,25,2026-05-31
712814,917624,329,2026-05-07,327.36,Paid,28,2026-06-04
712815,905001,125,2026-05-06,77.97,Paid,0,2026-05-06
712816,907043,177,2026-05-08,57.14,Paid,17,2026-05-25
712817,901340,34,2026-05-06,68.7,Paid,22,2026-05-28
712818,908051,196,2026-05-08,59.93,Paid,4,2026-05-12
712819,916122,402,2026-05-08,65.53,Paid,18,2026-05-26
712820,906215,157,2026-05-08,58.38,Paid,5,2026-05-13
712821,903096,77,2026-05-08,69.14,Paid,20,2026-05-28
712822,904256,109,2026-05-06,55.9,Paid,11,2026-05-17
712823,914659,368,2026-05-08,59.55,Paid,17,2026-05-25
712824,908972,215,2026-05-08,123.18,Paid,8,2026-05-16
712825,911755,294,2026-05-08,93.36,Paid,21,2026-05-29
712826,909829,236,2026-05-08,126.49,Paid,2,2026-05-10
712827,915341,385,2026-05-06,71.75,Paid,16,2026-05-22
712828,914342,361,2026-05-06,54.56,Paid,0,2026-05-06
712829,913111,333,2026-05-08,80.41,Paid,7,2026-05-15
712830,901764,42,2026-05-08,71.82,Paid,12,2026-05-20
712831,910620,259,2026-05-08,116.35,Paid,11,2026-05-19
712832,903050,76,2026-05-06,56.5,Paid,0,2026-05-06
712833,911539,288,2026-05-07,54.36,Paid,15,2026-05-22
712834,912915,329,2026-05-07,73.13,Paid,21,2026-05-28
712835,915398,386,2026-05-08,60.7,Paid,10,2026-05-18
712836,906298,159,2026-05-08,92.46,Paid,13,2026-05-21
712837,915670,391,2026-05-06,69.03,Paid,13,2026-05-19
712838,906374,163,2026-05-07,74.73,Paid,3,2026-05-10
712839,908906,213,2026-05-06,125.95,Paid,9,2026-05-15
712840,900086,2,2026-05-06,59.25,Paid,7,2026-05-13
712841,912197,307,2026-05-07,57.27,Paid,12,2026-05-19
712842,916319,408,2026-05-06,60.5,Paid,9,2026-05-15
712843,904079,104,2026-05-06,61.32,Paid,6,2026-05-12
712844,911981,302,2026-05-08,120.79,Paid,7,2026-05-15
712845,901518,37,2026-05-06,67.19,Paid,25,2026-05-31
712846,911916,299,2026-05-07,55.97,Paid,20,2026-05-27
712847,905885,148,2026-05-09,53.17,Paid,3,2026-05-12
712848,914511,365,2026-05-08,57.65,Paid,14,2026-05-22
712849,901237,31,2026-05-08,120.38,Paid,19,2026-05-27
712850,915464,387,2026-05-09,72.36,Paid,9,2026-05-18
712851,909292,226,2026-05-07,78.29,Paid,23,2026-05-30
712852,912464,314,2026-05-07,76.98,Paid,17,2026-05-24
712853,907580,187,2026-05-07,55.81,Paid,5,2026-05-12
712854,914613,367,2026-05-08,59.73,Paid,0,2026-05-08
712855,914276,359,2026-05-09,83.27,Paid,0,2026-05-09
712856,905066,126,2026-05-07,80.77,Paid,4,2026-05-11
712857,901001,27,2026-05-08,78.82,Paid,0,2026-05-08
712858,911812,295,2026-05-09,66.15,Paid,24,2026-06-02
712859,913897,351,2026-05-07,61.8,Paid,10,2026-05-17
712860,908457,204,2026-05-09,60.25,Paid,17,2026-05-26
712861,905188,133,2026-05-07,58.41,Paid,1,2026-05-08
712862,900425,11,2026-05-09,56.25,Paid,0,2026-05-09
712863,904626,118,2026-05-08,50.97,Paid,0,2026-05-08
712864,917511,276,2026-05-09,750.16,Paid,7,2026-05-16
712865,906978,176,2026-05-09,73.55,Paid,22,2026-05-31
712866,904774,121,2026-05-09,65.68,Paid,24,2026-06-02
712867,917149,102,2026-05-07,2854.02,Paid,27,2026-06-03
712868,912510,316,2026-05-08,115.92,Paid,10,2026-05-18
712869,906602,167,2026-05-09,58.45,Paid,5,2026-05-14
712870,902361,55,2026-05-08,92.13,Paid,18,2026-05-26
712871,906789,172,2026-05-09,56.8,Paid,0,2026-05-09
712872,911166,279,2026-05-07,53.62,Paid,15,2026-05-22
712873,907777,191,2026-05-09,122.08,Paid,1,2026-05-10
712874,904728,120,2026-05-09,81.56,Paid,15,2026-05-24
712875,900662,16,2026-05-08,59.5,Paid,13,2026-05-21
712876,910563,256,2026-05-09,61.58,Paid,0,2026-05-09
712877,910176,248,2026-05-07,120.28,Paid,0,2026-05-07
712878,908116,197,2026-05-08,80.35,Paid,8,2026-05-16
712879,912398,313,2026-05-07,122.58,Paid,1,2026-05-08
712880,911436,286,2026-05-08,48.73,Paid,3,2026-05-11
712881,900180,4,2026-05-07,79.62,Paid,5,2026-05-12
712882,909499,230,2026-05-07,120.35,Paid,20,2026-05-27
712883,912084,304,2026-05-07,99.76,Paid,20,2026-05-27
712884,916039,399,2026-05-09,60.66,Paid,4,2026-05-13
712885,910525,255,2026-05-09,57.46,Paid,16,2026-05-25
712886,901283,32,2026-05-10,61.29,Paid,0,2026-05-10
712887,901133,29,2026-05-09,90.71,Paid,23,2026-06-01
712888,910413,252,2026-05-09,60.08,Paid,25,2026-06-03
712889,913253,336,2026-05-08,78.83,Paid,0,2026-05-08
712890,901556,38,2026-05-10,57.6,Paid,3,2026-05-13
712891,913795,349,2026-05-08,125.58,Paid,18,2026-05-26
712892,905820,147,2026-05-08,54.33,Paid,16,2026-05-24
712893,914832,373,2026-05-08,55.76,Paid,10,2026-05-18
712894,908671,208,2026-05-10,121.5,Paid,7,2026-05-17
712895,914210,357,2026-05-08,81.59,Paid,14,2026-05-22
712896,901067,28,2026-05-10,60.85,Paid,0,2026-05-10
712897,915737,393,2026-05-08,79.77,Paid,10,2026-05-18
712898,900321,9,2026-05-09,58.57,Paid,3,2026-05-12
712899,903741,97,2026-05-10,82.87,Paid,4,2026-05-14
712900,916592,413,2026-05-10,78.49,Paid,4,2026-05-14
712901,909415,228,2026-05-08,82.02,Paid,13,2026-05-21
712902,911709,293,2026-05-10,54.15,Paid,5,2026-05-15
712903,902124,51,2026-05-09,68.14,Paid,21,2026-05-30
712904,900728,18,2026-05-09,58.11,Paid,0,2026-05-09
712905,907712,190,2026-05-08,93.04,Paid,19,2026-05-27
712906,908804,211,2026-05-08,67.5,Paid,16,2026-05-24
712907,904812,122,2026-05-08,92.82,Paid,26,2026-06-03
712908,909537,231,2026-05-10,75.32,Paid,5,2026-05-15
712909,901407,35,2026-05-10,52.43,Paid,0,2026-05-10
712910,907279,181,2026-05-08,57.3,Paid,0,2026-05-08
712911,909896,238,2026-05-10,59.5,Paid,0,2026-05-10
712912,910347,251,2026-05-08,53.55,Paid,0,2026-05-08
712913,902881,70,2026-05-08,68.66,Paid,24,2026-06-01
712914,912151,306,2026-05-09,59.01,Paid,13,2026-05-22
712915,915078,378,2026-05-09,114.62,Paid,10,2026-05-19
712916,907213,180,2026-05-08,76.75,Paid,3,2026-05-11
712917,904315,110,2026-05-09,70.79,Paid,9,2026-05-18
712918,909142,221,2026-05-08,118.57,Paid,3,2026-05-11
712919,916901,420,2026-05-10,85.92,Paid,3,2026-05-13
712920,903334,85,2026-05-09,77.54,Paid,7,2026-05-16
712921,903238,83,2026-05-08,57.07,Paid,4,2026-05-12
712922,910790,266,2026-05-08,58.68,Paid,3,2026-05-11
712923,906336,161,2026-05-08,56.33,Paid,5,2026-05-13
712924,914388,362,2026-05-10,56.42,Paid,8,2026-05-18
712925,914773,372,2026-05-09,126.97,Paid,5,2026-05-14
712926,903571,92,2026-05-08,79.57,Paid,0,2026-05-08
712927,901614,39,2026-05-10,59.38,Paid,0,2026-05-10
712928,910960,269,2026-05-09,49.84,Paid,11,2026-05-20
712929,910894,268,2026-05-08,58.59,Paid,4,2026-05-12
712930,908333,201,2026-05-08,58.11,Paid,0,2026-05-08
712931,902644,64,2026-05-09,86.07,Paid,10,2026-05-19
712932,907447,184,2026-05-10,84.07,Paid,9,2026-05-19
712933,906705,170,2026-05-10,78.5,Paid,21,2026-05-31
712934,900597,15,2026-05-11,54.68,Paid,0,2026-05-11
712935,902992,72,2026-05-10,80.95,Paid,11,2026-05-21
712936,907514,186,2026-05-11,62.43,Paid,0,2026-05-11
712937,913454,341,2026-05-11,58.56,Paid,11,2026-05-22
712938,901179,30,2026-05-11,55.02,Paid,0,2026-05-11
712939,917439,238,2026-05-09,594.8,Paid,3,2026-05-12
712940,910222,249,2026-05-11,76.32,Paid,13,2026-05-24
712941,901718,41,2026-05-11,58.71,Paid,15,2026-05-26
712942,900492,13,2026-05-10,63.82,Paid,3,2026-05-13
712943,917628,329,2026-05-10,2433.39,Paid,27,2026-06-06
712944,912981,330,2026-05-09,57.69,Paid,13,2026-05-22
712945,912273,309,2026-05-10,59.74,Paid,3,2026-05-13
712946,905389,139,2026-05-09,59.72,Paid,8,2026-05-17
712947,910044,245,2026-05-11,85.62,Paid,7,2026-05-18
712948,902191,52,2026-05-10,118.64,Paid,5,2026-05-15
712949,909640,233,2026-05-11,83.86,Paid,5,2026-05-16
712950,910280,250,2026-05-10,77.59,Paid,7,2026-05-17
712951,907920,194,2026-05-11,56.64,Paid,14,2026-05-25
712952,910687,261,2026-05-11,58.74,Paid,17,2026-05-28
712953,904465,114,2026-05-09,67.11,Paid,19,2026-05-28
712954,914143,356,2026-05-11,81.93,Paid,6,2026-05-17
712955,916488,411,2026-05-11,124.11,Paid,15,2026-05-26
712956,916534,412,2026-05-09,81.37,Paid,0,2026-05-09
712957,917017,43,2026-05-09,529.99,Paid,8,2026-05-17
712958,917361,200,2026-05-10,4995.84,Paid,10,2026-05-20
712959,903192,81,2026-05-09,92.55,Paid,10,2026-05-19
712960,917189,120,2026-05-09,371.93,Paid,6,2026-05-15
712961,906848,173,2026-05-09,75.14,Paid,9,2026-05-18
712962,913320,339,2026-05-10,58.5,Paid,4,2026-05-14
712963,910733,262,2026-05-09,62.13,Paid,21,2026-05-30
712964,913521,342,2026-05-11,57.12,Paid,1,2026-05-12
712965,903808,98,2026-05-10,53.71,Paid,0,2026-05-10
712966,905284,137,2026-05-09,77.74,Paid,5,2026-05-14
712967,910119,247,2026-05-11,67.38,Paid,21,2026-06-01
712968,915804,394,2026-05-11,67.57,Paid,27,2026-06-07
712969,902020,47,2026-05-09,55.75,Paid,7,2026-05-16
712970,912745,323,2026-05-12,71.86,Paid,25,2026-06-06
712971,905586,143,2026-05-10,54.95,Paid,0,2026-05-10
712972,909998,242,2026-05-12,77.83,Paid,7,2026-05-19
712973,913728,348,2026-05-11,57.95,Paid,1,2026-05-12
712974,907823,192,2026-05-10,120.47,Paid,8,2026-05-18
712975,916385,409,2026-05-10,77.71,Paid,4,2026-05-14
712976,915870,395,2026-05-11,57.02,Paid,12,2026-05-23
712977,907109,178,2026-05-11,63.58,Paid,7,2026-05-18
712978,909349,227,2026-05-10,56.52,Paid,1,2026-05-11
712979,909208,222,2026-05-10,82.84,Paid,26,2026-06-05
712980,906913,175,2026-05-12,99.94,Paid,18,2026-05-30
712981,907344,182,2026-05-12,57.16,Paid,0,2026-05-12
712982,905754,146,2026-05-12,58.33,Paid,1,2026-05-13
712983,916638,414,2026-05-12,61.46,Paid,17,2026-05-29
712984,905651,144,2026-05-11,63.93,Paid,20,2026-05-31
712985,901954,45,2026-05-10,57.32,Paid,16,2026-05-26
712986,911371,283,2026-05-11,122.38,Paid,11,2026-05-22
712987,901472,36,2026-05-10,87.49,Paid,0,2026-05-10
712988,911269,281,2026-05-10,57.23,Paid,18,2026-05-28
712989,914001,353,2026-05-12,59.47,Paid,9,2026-05-21
712990,915982,398,2026-05-12,62.92,Paid,20,2026-06-01
712991,903276,84,2026-05-12,58.89,Paid,1,2026-05-13
712992,914445,363,2026-05-11,56.45,Paid,0,2026-05-11
712993,908391,203,2026-05-10,74.19,Paid,12,2026-05-22
712994,913046,331,2026-05-12,63.55,Paid,12,2026-05-24
712995,908588,206,2026-05-12,61.2,Paid,27,2026-06-08
712996,914878,374,2026-05-11,76.59,Paid,21,2026-06-01
712997,912642,320,2026-05-10,75.4,Paid,15,2026-05-25
712998,904427,113,2026-05-11,50.91,Paid,16,2026-05-27
712999,906119,155,2026-05-12,54.8,Paid,4,2026-05-16
713000,905330,138,2026-05-10,63.15,Paid,6,2026-05-16
713001,905931,149,2026-05-10,57.76,Paid,5,2026-05-15
713002,902690,65,2026-05-11,55.0,Paid,9,2026-05-20
713003,916695,416,2026-05-11,85.43,Paid,0,2026-05-11
713004,909254,225,2026-05-10,62.61,Paid,12,2026-05-22
713005,905455,140,2026-05-10,62.99,Paid,0,2026-05-10
713006,912235,308,2026-05-11,56.16,Paid,10,2026-05-21
713007,915228,382,2026-05-12,73.6,Paid,25,2026-06-06
713008,908249,199,2026-05-11,80.23,Paid,17,2026-05-28
713009,903637,95,2026-05-12,93.14,Paid,19,2026-05-31
713010,912688,322,2026-05-11,120.79,Paid,0,2026-05-11
713011,915303,384,2026-05-11,71.03,Paid,20,2026-05-31
713012,902464,58,2026-05-11,65.42,Paid,7,2026-05-18
713013,909461,229,2026-05-10,63.66,Paid,12,2026-05-22
713014,902258,53,2026-05-13,93.24,Paid,18,2026-05-31
713015,917522,282,2026-05-11,5560.93,Paid,9,2026-05-20
713016,900538,14,2026-05-12,69.83,Paid,19,2026-05-31
713017,900831,21,2026-05-12,90.03,Paid,15,2026-05-27
713018,917626,329,2026-05-11,349.6,Paid,24,2026-06-04
713019,912332,312,2026-05-12,151.6,Paid,11,2026-05-23
713020,912849,328,2026-05-12,67.99,Paid,40,2026-06-21
713021,903683,96,2026-05-12,54.27,Paid,2,2026-05-14
713022,907646,188,2026-05-12,70.75,Paid,26,2026-06-07
713023,904381,111,2026-05-13,57.54,Paid,0,2026-05-13
713024,900935,25,2026-05-11,77.58,Paid,18,2026-05-29
713025,904870,123,2026-05-11,55.81,Paid,14,2026-05-25
713026,906157,156,2026-05-11,58.77,Paid,14,2026-05-25
713027,901823,43,2026-05-11,61.17,Paid,3,2026-05-14
713028,915144,379,2026-05-12,59.38,Paid,5,2026-05-17
713029,902748,66,2026-05-12,81.77,Paid,8,2026-05-20
713030,903466,87,2026-05-12,58.71,Paid,0,2026-05-12
713031,901889,44,2026-05-13,55.44,Paid,14,2026-05-27
713032,913662,347,2026-05-11,60.44,Paid,6,2026-05-17
713033,907986,195,2026-05-11,57.31,Paid,3,2026-05-14
713034,913604,345,2026-05-11,55.58,Paid,0,2026-05-11
713035,906433,164,2026-05-13,55.63,Paid,5,2026-05-18
713036,903400,86,2026-05-11,58.0,Paid,3,2026-05-14
713037,909698,234,2026-05-11,54.08,Paid,3,2026-05-14
713038,909018,216,2026-05-13,58.71,Paid,13,2026-05-26
713039,905521,142,2026-05-13,57.97,Paid,0,2026-05-13
713040,907861,193,2026-05-12,60.98,Paid,1,2026-05-13
713041,917638,335,2026-05-13,483.77,Paid,7,2026-05-20
713042,915568,389,2026-05-11,55.59,Paid,0,2026-05-11
713043,917092,76,2026-05-12,2150.87,Paid,0,2026-05-12
713044,911642,290,2026-05-13,55.52,Paid,11,2026-05-24
713045,904014,103,2026-05-12,83.45,Paid,7,2026-05-19
713046,908183,198,2026-05-13,114.35,Paid,8,2026-05-21
713047,910479,254,2026-05-11,67.31,Paid,24,2026-06-04
713048,913157,334,2026-05-11,58.04,Paid,2,2026-05-13
713049,913387,340,2026-05-12,65.38,Paid,28,2026-06-09
713050,916320,408,2026-05-12,58.44,Paid,16,2026-05-28
713051,900041,1,2026-05-14,57.74,Paid,4,2026-05-18
713052,904937,124,2026-05-14,81.27,Paid,0,2026-05-14
713053,904211,107,2026-05-13,57.36,Paid,0,2026-05-13
713054,914343,361,2026-05-14,50.94,Paid,6,2026-05-20
713055,911027,270,2026-05-14,54.47,Paid,2,2026-05-16
713056,909595,232,2026-05-13,58.25,Paid,13,2026-05-26
713057,902947,71,2026-05-14,57.19,Paid,6,2026-05-20
713058,909764,235,2026-05-12,58.27,Paid,16,2026-05-28
713059,913567,343,2026-05-13,84.5,Paid,16,2026-05-29
713060,909077,219,2026-05-13,73.3,Paid,26,2026-06-08
713061,913195,335,2026-05-12,55.88,Paid,1,2026-05-13
713062,915012,377,2026-05-13,81.05,Paid,1,2026-05-14
713063,903912,100,2026-05-13,114.4,Paid,3,2026-05-16
713064,904523,115,2026-05-12,66.57,Paid,18,2026-05-30
713065,907581,187,2026-05-13,60.98,Paid,4,2026-05-17
713066,906648,169,2026-05-14,70.01,Paid,22,2026-06-05
713067,906979,176,2026-05-13,78.98,Paid,0,2026-05-13
713068,916741,417,2026-05-14,55.34,Paid,12,2026-05-26
713069,914557,366,2026-05-14,80.07,Paid,14,2026-05-28
713070,902510,60,2026-05-13,60.27,Paid,15,2026-05-28
713071,917000,34,2026-05-13,2404.62,Paid,17,2026-05-30
713072,904146,105,2026-05-12,51.48,Paid,0,2026-05-12
713073,906538,166,2026-05-12,58.34,Paid,10,2026-05-22
713074,912585,318,2026-05-14,57.26,Paid,9,2026-05-23
713075,902815,69,2026-05-12,56.5,Paid,12,2026-05-24
713076,912916,329,2026-05-12,63.39,Paid,12,2026-05-24
713077,916217,404,2026-05-14,59.41,Paid,16,2026-05-30
713078,908524,205,2026-05-13,82.32,Paid,7,2026-05-20
713079,909942,241,2026-05-14,58.37,Paid,5,2026-05-19
713080,915510,388,2026-05-12,51.27,Paid,4,2026-05-16
713081,916836,419,2026-05-14,84.59,Paid,10,2026-05-24
713082,905969,150,2026-05-13,55.45,Paid,23,2026-06-05
713083,907280,181,2026-05-15,51.46,Paid,0,2026-05-15
713084,909830,236,2026-05-15,110.58,Paid,8,2026-05-23
713085,916085,401,2026-05-14,54.35,Paid,0,2026-05-14
713086,906044,152,2026-05-15,64.92,Paid,14,2026-05-29
713087,900226,6,2026-05-15,53.91,Paid,5,2026-05-20
713088,916979,27,2026-05-15,270.4,Paid,0,2026-05-15
713089,913112,333,2026-05-13,82.55,Paid,0,2026-05-13
713090,910791,266,2026-05-14,61.47,Paid,3,2026-05-17
713091,905002,125,2026-05-14,78.93,Paid,0,2026-05-14
713092,903051,76,2026-05-14,56.43,Paid,0,2026-05-14
713093,908973,215,2026-05-15,120.09,Paid,1,2026-05-16
713094,916160,403,2026-05-14,82.35,Paid,0,2026-05-14
713095,911109,275,2026-05-13,57.64,Paid,5,2026-05-18
713096,905697,145,2026-05-15,131.21,Paid,2,2026-05-17
713097,907390,183,2026-05-15,81.25,Paid,13,2026-05-28
713098,908052,196,2026-05-15,61.83,Paid,10,2026-05-25
713099,915399,386,2026-05-15,55.78,Paid,0,2026-05-15
713100,903854,99,2026-05-15,76.81,Paid,11,2026-05-26
713101,904080,104,2026-05-14,56.43,Paid,0,2026-05-14
713102,915465,387,2026-05-13,64.64,Paid,14,2026-05-27
713103,910621,259,2026-05-14,121.02,Paid,0,2026-05-14
713104,900124,3,2026-05-14,78.49,Paid,0,2026-05-14
713105,905067,126,2026-05-13,80.11,Paid,0,2026-05-13
713106,908907,213,2026-05-13,116.33,Paid,10,2026-05-23
713107,915266,383,2026-05-14,55.51,Paid,11,2026-05-25
713108,900663,16,2026-05-13,60.0,Paid,19,2026-06-01
713109,907778,191,2026-05-14,120.31,Paid,11,2026-05-25
713110,902304,54,2026-05-14,60.18,Paid,0,2026-05-14
713111,906216,157,2026-05-14,55.82,Paid,5,2026-05-19
713112,901341,34,2026-05-13,65.19,Paid,37,2026-06-19
713113,907044,177,2026-05-14,58.57,Paid,0,2026-05-14
713114,917777,399,2026-05-14,534.6,Paid,6,2026-05-20
713115,903134,79,2026-05-14,56.24,Paid,15,2026-05-29
713116,911982,302,2026-05-15,122.98,Paid,11,2026-05-26
713117,915671,391,2026-05-15,65.47,Paid,18,2026-06-02
713118,911540,288,2026-05-13,55.03,Paid,11,2026-05-24
713119,910177,248,2026-05-16,111.03,Paid,0,2026-05-16
713120,914277,359,2026-05-16,76.11,Paid,6,2026-05-22
713121,911585,289,2026-05-16,57.74,Paid,14,2026-05-30
713122,911072,274,2026-05-15,72.51,Paid,2,2026-05-17
713123,912399,313,2026-05-14,121.3,Paid,8,2026-05-22
713124,915614,390,2026-05-15,53.92,Paid,0,2026-05-15
713125,901002,27,2026-05-15,81.08,Paid,0,2026-05-15
713126,913898,351,2026-05-15,54.24,Paid,1,2026-05-16
713127,906603,167,2026-05-15,54.55,Paid,5,2026-05-20
713128,917516,279,2026-05-14,444.36,Paid,17,2026-05-31
713129,911437,286,2026-05-16,61.96,Paid,8,2026-05-24
713130,900181,4,2026-05-15,73.4,Paid,3,2026-05-18
713131,917402,222,2026-05-16,297.92,Paid,7,2026-05-23
713132,917632,331,2026-05-16,445.62,Paid,4,2026-05-20
713133,902362,55,2026-05-16,91.03,Paid,13,2026-05-29
713134,901238,31,2026-05-14,122.39,Paid,10,2026-05-24
713135,910082,246,2026-05-15,63.96,Paid,22,2026-06-06
713136,900426,11,2026-05-16,58.78,Paid,0,2026-05-16
713137,915937,397,2026-05-15,56.44,Paid,9,2026-05-24
713138,906261,158,2026-05-15,65.17,Paid,23,2026-06-07
713139,914512,365,2026-05-14,54.25,Paid,0,2026-05-14
713140,911167,279,2026-05-15,57.43,Paid,15,2026-05-30
713141,914614,367,2026-05-15,60.39,Paid,13,2026-05-28
713142,905886,148,2026-05-16,57.7,Paid,2,2026-05-18
713143,911917,299,2026-05-15,60.62,Paid,17,2026-06-01
713144,900774,19,2026-05-15,58.29,Paid,1,2026-05-16
713145,916040,399,2026-05-14,62.02,Paid,1,2026-05-15
713146,908117,197,2026-05-14,79.16,Paid,2,2026-05-16
713147,908850,212,2026-05-16,70.5,Paid,34,2026-06-19
713148,913841,350,2026-05-14,56.64,Paid,8,2026-05-22
713149,910836,267,2026-05-14,111.16,Paid,11,2026-05-25
713150,908458,204,2026-05-16,56.28,Paid,6,2026-05-22
713151,911813,295,2026-05-14,63.28,Paid,18,2026-06-01
713152,912548,317,2026-05-16,74.82,Paid,0,2026-05-16
713153,904729,120,2026-05-14,77.63,Paid,24,2026-06-07
713154,912465,314,2026-05-15,65.73,Paid,20,2026-06-04
713155,912085,304,2026-05-16,96.23,Paid,23,2026-06-08
713156,910348,251,2026-05-16,47.88,Paid,11,2026-05-27
713157,913796,349,2026-05-17,119.31,Paid,10,2026-05-27
713158,901408,35,2026-05-15,62.97,Paid,6,2026-05-21
713159,910895,268,2026-05-16,58.97,Paid,5,2026-05-21
713160,916902,420,2026-05-16,81.53,Paid,6,2026-05-22
713161,903335,85,2026-05-15,83.62,Paid,6,2026-05-21
713162,908296,200,2026-05-16,66.7,Paid,13,2026-05-29
713163,907448,184,2026-05-17,80.34,Paid,6,2026-05-23
713164,907713,190,2026-05-17,95.88,Paid,19,2026-06-05
713165,910414,252,2026-05-17,57.59,Paid,7,2026-05-24
713166,900729,18,2026-05-16,58.5,Paid,8,2026-05-24
713167,913254,336,2026-05-16,75.82,Paid,0,2026-05-16
713168,909897,238,2026-05-16,60.41,Paid,1,2026-05-17
713169,903513,88,2026-05-17,67.81,Paid,16,2026-06-02
713170,901068,28,2026-05-17,56.61,Paid,8,2026-05-25
713171,916593,413,2026-05-16,73.19,Paid,11,2026-05-27
713172,914955,376,2026-05-15,77.82,Paid,28,2026-06-12
713173,914211,357,2026-05-16,78.92,Paid,14,2026-05-30
713174,909416,228,2026-05-16,77.87,Paid,10,2026-05-26
713175,900264,7,2026-05-16,54.39,Paid,2,2026-05-18
713176,904316,110,2026-05-17,67.5,Paid,27,2026-06-13
713177,902645,64,2026-05-16,72.24,Paid,13,2026-05-29
713178,917509,275,2026-05-16,4873.38,Paid,9,2026-05-25
713179,907214,180,2026-05-17,79.95,Paid,6,2026-05-23
713180,912028,303,2026-05-17,80.77,Paid,0,2026-05-17
713181,911710,293,2026-05-15,56.94,Paid,7,2026-05-22
713182,903742,97,2026-05-17,79.6,Paid,15,2026-06-01
713183,902548,61,2026-05-15,66.56,Paid,30,2026-06-14
713184,909143,221,2026-05-16,119.58,Paid,8,2026-05-24
713185,908805,211,2026-05-15,75.09,Paid,15,2026-05-30
713186,914833,373,2026-05-16,58.39,Paid,23,2026-06-08
713187,917392,216,2026-05-17,2308.91,Paid,20,2026-06-06
713188,902125,51,2026-05-17,63.94,Paid,33,2026-06-19
713189,905151,132,2026-05-16,56.19,Paid,0,2026-05-16
713190,903572,92,2026-05-16,84.43,Paid,0,2026-05-16
713191,905821,147,2026-05-16,57.0,Paid,15,2026-05-31
713192,901615,39,2026-05-16,60.2,Paid,6,2026-05-22
713193,912152,306,2026-05-17,55.59,Paid,10,2026-05-27
713194,906752,171,2026-05-17,75.75,Paid,3,2026-05-20
713195,910961,269,2026-05-17,55.45,Paid,3,2026-05-20
713196,902882,70,2026-05-17,70.39,Paid,31,2026-06-17
713197,915738,393,2026-05-17,82.71,Paid,29,2026-06-15
713198,915079,378,2026-05-15,122.44,Paid,23,2026-06-07
713199,913522,342,2026-05-18,62.32,Paid,10,2026-05-28
713200,903809,98,2026-05-16,63.87,Paid,3,2026-05-19
713201,913321,339,2026-05-17,57.94,Paid,9,2026-05-26
713202,908634,207,2026-05-17,68.13,Paid,13,2026-05-30
713203,906480,165,2026-05-16,53.18,Paid,19,2026-06-04
713204,917334,183,2026-05-18,771.3,Paid,9,2026-05-27
713205,906706,170,2026-05-16,82.82,Paid,0,2026-05-16
713206,901134,29,2026-05-17,89.21,Paid,15,2026-06-01
713207,916489,411,2026-05-17,114.96,Paid,16,2026-06-02
713208,912982,330,2026-05-16,61.61,Paid,5,2026-05-21
713209,917701,366,2026-05-16,339.58,Paid,18,2026-06-03
713210,905390,139,2026-05-17,56.17,Paid,3,2026-05-20
713211,914144,356,2026-05-17,70.91,Paid,0,2026-05-17
713212,903193,81,2026-05-17,90.48,Paid,14,2026-05-31
713213,904627,118,2026-05-18,53.51,Paid,0,2026-05-18
713214,902021,47,2026-05-18,59.25,Paid,5,2026-05-23
713215,902192,52,2026-05-18,120.95,Paid,17,2026-06-04
713216,904569,116,2026-05-16,58.84,Paid,12,2026-05-28
713217,915805,394,2026-05-16,68.45,Paid,14,2026-05-30
713218,902067,48,2026-05-17,59.34,Paid,11,2026-05-28
713219,906849,173,2026-05-17,79.27,Paid,4,2026-05-21
713220,910688,261,2026-05-16,55.27,Paid,22,2026-06-07
713221,911213,280,2026-05-17,55.37,Paid,0,2026-05-17
713222,905113,129,2026-05-16,72.65,Paid,4,2026-05-20
713223,910281,250,2026-05-17,80.36,Paid,7,2026-05-24
713224,905285,137,2026-05-17,76.22,Paid,25,2026-06-11
713225,907515,186,2026-05-18,60.27,Paid,5,2026-05-23
713226,914917,375,2026-05-16,59.27,Paid,0,2026-05-16
713227,911859,298,2026-05-16,55.12,Paid,6,2026-05-22
713228,913729,348,2026-05-17,54.05,Paid,0,2026-05-17
713229,901719,41,2026-05-16,55.58,Paid,21,2026-06-06
713230,900493,13,2026-05-16,58.95,Paid,8,2026-05-24
713231,913455,341,2026-05-18,52.83,Paid,3,2026-05-21
713232,916431,410,2026-05-18,89.56,Paid,32,2026-06-19
713233,904672,119,2026-05-17,55.79,Paid,11,2026-05-28
713234,900322,9,2026-05-17,60.43,Paid,20,2026-06-06
713235,913047,331,2026-05-18,59.99,Paid,1,2026-05-19
713236,911372,283,2026-05-19,118.05,Paid,18,2026-06-06
713237,901473,36,2026-05-19,77.03,Paid,15,2026-06-03
713238,903957,102,2026-05-18,68.25,Paid,26,2026-06-13
713239,917565,302,2026-05-18,1304.99,Paid,2,2026-05-20
713240,914698,370,2026-05-17,74.77,Paid,19,2026-06-05
713241,914047,354,2026-05-18,57.21,Paid,0,2026-05-18
713242,916696,416,2026-05-18,84.29,Paid,0,2026-05-18
713243,914002,353,2026-05-17,52.39,Paid,0,2026-05-17
713244,907345,182,2026-05-18,60.69,Paid,3,2026-05-21
713245,905652,144,2026-05-19,59.37,Paid,12,2026-05-31
713246,908709,209,2026-05-19,57.68,Paid,19,2026-06-07
713247,903638,95,2026-05-19,95.22,Paid,19,2026-06-07
713248,911482,287,2026-05-18,55.61,Paid,0,2026-05-18
713249,917277,160,2026-05-18,432.22,Paid,7,2026-05-25
713250,909209,222,2026-05-18,78.44,Paid,16,2026-06-03
713251,914446,363,2026-05-18,58.24,Paid,8,2026-05-26
713252,912746,323,2026-05-18,70.04,Paid,14,2026-06-01
713253,908250,199,2026-05-17,82.98,Paid,14,2026-05-31
713254,902465,58,2026-05-17,67.62,Paid,11,2026-05-28
713255,909350,227,2026-05-19,58.01,Paid,0,2026-05-19
713256,905226,135,2026-05-18,59.73,Paid,6,2026-05-24
713257,907921,194,2026-05-17,58.26,Paid,13,2026-05-30
713258,905456,140,2026-05-18,54.92,Paid,18,2026-06-05
713259,905587,143,2026-05-18,55.73,Paid,10,2026-05-28
713260,916386,409,2026-05-19,79.61,Paid,18,2026-06-06
713261,911270,281,2026-05-17,58.91,Paid,22,2026-06-08
713262,905755,146,2026-05-19,55.94,Paid,18,2026-06-06
713263,911315,282,2026-05-17,105.95,Paid,3,2026-05-20
713264,907110,178,2026-05-18,51.22,Paid,2,2026-05-20
713265,912643,320,2026-05-19,74.34,Paid,2,2026-05-21
713266,915871,395,2026-05-17,62.49,Paid,0,2026-05-17
713267,906434,164,2026-05-18,62.0,Paid,11,2026-05-29
713268,902586,62,2026-05-19,76.68,Paid,6,2026-05-25
713269,912850,328,2026-05-18,68.92,Paid,17,2026-06-04
713270,912792,324,2026-05-20,54.09,Paid,21,2026-06-10
713271,915569,389,2026-05-20,56.38,Paid,0,2026-05-20
713272,909699,234,2026-05-20,60.85,Paid,5,2026-05-25
713273,912333,312,2026-05-20,126.27,Paid,16,2026-06-05
713274,907987,195,2026-05-19,57.87,Paid,4,2026-05-23
713275,913663,347,2026-05-18,57.64,Paid,4,2026-05-22
713276,915145,379,2026-05-18,57.29,Paid,10,2026-05-28
713277,908746,210,2026-05-19,61.93,Paid,0,2026-05-19
713278,902749,66,2026-05-20,73.93,Paid,19,2026-06-08
713279,915191,381,2026-05-20,80.31,Paid,9,2026-05-29
713280,900936,25,2026-05-20,74.64,Paid,12,2026-06-01
713281,910480,254,2026-05-18,67.08,Paid,34,2026-06-21
713282,904382,111,2026-05-20,60.41,Paid,7,2026-05-27
713283,902408,57,2026-05-19,70.02,Paid,30,2026-06-18
713284,913388,340,2026-05-19,68.12,Paid,11,2026-05-30
713285,900878,22,2026-05-20,69.64,Paid,14,2026-06-03
713286,916779,418,2026-05-19,58.29,Paid,0,2026-05-19
713287,908184,198,2026-05-20,122.35,Paid,4,2026-05-24
713288,901955,45,2026-05-19,56.68,Paid,15,2026-06-03
713289,906914,175,2026-05-19,97.5,Paid,16,2026-06-04
713290,900598,15,2026-05-18,59.53,Paid,6,2026-05-24
713291,901661,40,2026-05-18,59.43,Paid,9,2026-05-27
713292,913944,352,2026-05-18,117.99,Paid,0,2026-05-18
713293,917684,358,2026-05-18,524.11,Paid,20,2026-06-07
713294,904015,103,2026-05-19,78.81,Paid,6,2026-05-25
713295,908589,206,2026-05-20,53.37,Paid,4,2026-05-24
713296,901824,43,2026-05-18,56.69,Paid,5,2026-05-23
713297,905522,142,2026-05-18,58.9,Paid,5,2026-05-23
713298,914736,371,2026-05-19,63.74,Paid,6,2026-05-25
713299,904871,123,2026-05-18,62.27,Paid,0,2026-05-18
713300,903467,87,2026-05-18,61.34,Paid,14,2026-06-01
713301,902816,69,2026-05-20,55.72,Paid,0,2026-05-20
713302,904212,107,2026-05-21,58.54,Paid,10,2026-05-31
713303,904938,124,2026-05-21,79.78,Paid,9,2026-05-30
713304,915938,397,2026-05-21,56.81,Paid,2,2026-05-23
713305,906980,176,2026-05-19,81.35,Paid,22,2026-06-10
713306,907156,179,2026-05-19,94.07,Paid,21,2026-06-09
713307,906375,163,2026-05-19,80.57,Paid,6,2026-05-25
713308,912917,329,2026-05-19,71.1,Paid,27,2026-06-15
713309,907582,187,2026-05-19,57.31,Paid,0,2026-05-19
713310,903913,100,2026-05-19,121.48,Paid,0,2026-05-19
713311,916321,408,2026-05-19,62.89,Paid,2,2026-05-21
713312,916837,419,2026-05-19,88.02,Paid,0,2026-05-19
713313,914344,361,2026-05-19,62.23,Paid,7,2026-05-26
713314,916218,404,2026-05-19,54.91,Paid,4,2026-05-23
713315,911028,270,2026-05-20,56.7,Paid,23,2026-06-12
713316,908525,205,2026-05-19,77.95,Paid,17,2026-06-05
713317,904524,115,2026-05-20,62.08,Paid,27,2026-06-16
713318,900368,10,2026-05-20,54.36,Paid,0,2026-05-20
713319,902948,71,2026-05-20,61.69,Paid,19,2026-06-08
713320,917423,233,2026-05-21,647.45,Paid,12,2026-06-02
713321,910564,256,2026-05-21,61.69,Paid,11,2026-06-01
713322,916263,406,2026-05-19,58.6,Paid,13,2026-06-01
713323,906007,151,2026-05-19,57.4,Paid,5,2026-05-24
713324,909078,219,2026-05-21,65.0,Paid,23,2026-06-13
713325,900042,1,2026-05-19,57.09,Paid,5,2026-05-24
713326,911643,290,2026-05-19,57.8,Paid,12,2026-05-31
713327,915013,377,2026-05-19,74.52,Paid,1,2026-05-20
713328,908392,203,2026-05-19,73.04,Paid,0,2026-05-19
713329,906539,166,2026-05-21,58.49,Paid,13,2026-06-03
713330,901519,37,2026-05-21,65.32,Paid,20,2026-06-10
713331,904147,105,2026-05-19,57.66,Paid,23,2026-06-11
713332,909999,242,2026-05-20,85.16,Paid,0,2026-05-20
713333,914085,355,2026-05-21,62.58,Paid,12,2026-06-02
713334,909596,232,2026-05-20,56.88,Paid,16,2026-06-05
713335,909765,235,2026-05-21,57.8,Paid,0,2026-05-21
713336,909831,236,2026-05-22,112.61,Paid,19,2026-06-10
713337,903052,76,2026-05-21,62.54,Paid,1,2026-05-22
713338,911541,288,2026-05-21,58.97,Paid,27,2026-06-17
713339,908974,215,2026-05-20,113.31,Paid,0,2026-05-20
713340,900087,2,2026-05-22,60.49,Paid,3,2026-05-25
713341,908053,196,2026-05-20,59.57,Paid,13,2026-06-02
713342,906082,153,2026-05-21,86.37,Paid,12,2026-06-02
713343,900832,21,2026-05-22,98.17,Paid,36,2026-06-27
713344,912198,307,2026-05-21,55.82,Paid,1,2026-05-22
713345,907281,181,2026-05-22,55.92,Paid,11,2026-06-02
713346,905003,125,2026-05-21,78.71,Paid,4,2026-05-25
713347,915342,385,2026-05-20,69.66,Paid,7,2026-05-27
713348,916123,402,2026-05-20,73.41,Paid,19,2026-06-08
713349,915672,391,2026-05-20,66.99,Paid,23,2026-06-12
713350,902259,53,2026-05-22,90.58,Paid,11,2026-06-02
713351,906790,172,2026-05-20,59.13,Paid,3,2026-05-23
713352,910622,259,2026-05-20,124.24,Paid,22,2026-06-11
713353,904081,104,2026-05-20,59.61,Paid,2,2026-05-22
713354,903097,77,2026-05-20,65.56,Paid,31,2026-06-20
713355,907647,188,2026-05-20,68.05,Paid,20,2026-06-09
713356,917177,114,2026-05-21,834.36,Paid,15,2026-06-05
713357,911756,294,2026-05-22,89.39,Paid,16,2026-06-07
713358,915400,386,2026-05-21,55.22,Paid,13,2026-06-03
713359,906217,157,2026-05-20,55.37,Paid,0,2026-05-20
713360,917060,62,2026-05-22,550.89,Paid,4,2026-05-26
713361,907045,177,2026-05-20,58.75,Paid,23,2026-06-12
713362,917301,170,2026-05-20,554.51,Paid,4,2026-05-24
713363,904257,109,2026-05-22,55.72,Paid,15,2026-06-06
713364,908908,213,2026-05-20,115.14,Paid,8,2026-05-28
713365,914660,368,2026-05-22,59.1,Paid,7,2026-05-29
713366,901890,44,2026-05-21,63.48,Paid,0,2026-05-21
713367,911983,302,2026-05-22,122.13,Paid,17,2026-06-08
713368,901765,42,2026-05-20,82.21,Paid,5,2026-05-25
713369,913113,333,2026-05-20,75.18,Paid,5,2026-05-25
713370,901342,34,2026-05-22,62.02,Paid,21,2026-06-12
713371,903401,86,2026-05-21,55.39,Paid,6,2026-05-27
713372,917320,176,2026-05-23,727.2,Paid,1,2026-05-24
713373,909293,226,2026-05-21,78.51,Paid,13,2026-06-03
713374,908459,204,2026-05-21,61.57,Paid,7,2026-05-28
713375,900182,4,2026-05-23,67.54,Paid,0,2026-05-23
713376,904628,118,2026-05-22,54.76,Paid,3,2026-05-25
713377,909500,230,2026-05-21,121.85,Paid,0,2026-05-21
713378,900427,11,2026-05-23,60.54,Paid,0,2026-05-23
713379,910178,248,2026-05-23,111.57,Paid,0,2026-05-23
713380,904466,114,2026-05-21,69.69,Paid,22,2026-06-12
713381,902363,55,2026-05-23,93.35,Paid,17,2026-06-09
713382,912466,314,2026-05-21,69.03,Paid,25,2026-06-15
713383,901239,31,2026-05-22,130.22,Paid,19,2026-06-10
713384,912086,304,2026-05-23,91.4,Paid,28,2026-06-20
713385,911168,279,2026-05-21,59.79,Paid,0,2026-05-21
713386,910526,255,2026-05-23,59.13,Paid,3,2026-05-26
713387,912400,313,2026-05-23,110.38,Paid,15,2026-06-07
713388,912511,316,2026-05-21,119.97,Paid,2,2026-05-23
713389,916041,399,2026-05-22,54.55,Paid,6,2026-05-28
713390,910792,266,2026-05-22,48.05,Paid,3,2026-05-25
713391,905189,133,2026-05-22,52.25,Paid,6,2026-05-28
713392,914615,367,2026-05-23,55.66,Paid,3,2026-05-26
713393,905068,126,2026-05-21,83.02,Paid,0,2026-05-21
713394,901003,27,2026-05-21,76.16,Paid,2,2026-05-23
713395,914278,359,2026-05-21,74.02,Paid,0,2026-05-21
713396,914513,365,2026-05-23,59.53,Paid,12,2026-06-04
713397,908118,197,2026-05-22,80.06,Paid,7,2026-05-29
713398,904730,120,2026-05-23,79.01,Paid,0,2026-05-23
713399,911438,286,2026-05-23,58.82,Paid,10,2026-06-02
713400,911918,299,2026-05-21,55.78,Paid,8,2026-05-29
713401,906604,167,2026-05-22,58.68,Paid,7,2026-05-29
713402,911814,295,2026-05-22,67.55,Paid,16,2026-06-07
713403,905887,148,2026-05-22,58.06,Paid,3,2026-05-25
713404,913899,351,2026-05-22,64.84,Paid,21,2026-06-12
713405,904775,121,2026-05-21,68.74,Paid,30,2026-06-20
713406,907215,180,2026-05-23,76.42,Paid,11,2026-06-03
713407,901557,38,2026-05-22,57.03,Paid,24,2026-06-15
713408,901284,32,2026-05-22,54.48,Paid,13,2026-06-04
713409,910896,268,2026-05-24,52.55,Paid,12,2026-06-05
713410,914774,372,2026-05-22,123.77,Paid,4,2026-05-26
713411,915080,378,2026-05-22,131.85,Paid,1,2026-05-23
713412,909898,238,2026-05-24,58.83,Paid,1,2026-05-25
713413,914212,357,2026-05-24,84.39,Paid,0,2026-05-24
713414,912153,306,2026-05-22,60.23,Paid,2,2026-05-24
713415,904317,110,2026-05-23,69.07,Paid,6,2026-05-29
713416,914389,362,2026-05-22,54.04,Paid,7,2026-05-29
713417,903573,92,2026-05-24,77.02,Paid,12,2026-06-05
713418,909417,228,2026-05-22,72.07,Paid,0,2026-05-22
713419,907449,184,2026-05-22,71.78,Paid,6,2026-05-28
713420,901409,35,2026-05-24,56.09,Paid,20,2026-06-13
713421,902883,70,2026-05-24,67.22,Paid,10,2026-06-03
713422,909538,231,2026-05-22,79.6,Paid,0,2026-05-22
713423,908672,208,2026-05-23,117.38,Paid,19,2026-06-11
713424,907779,191,2026-05-23,107.3,Paid,0,2026-05-23
713425,915466,387,2026-05-24,63.63,Paid,26,2026-06-19
713426,906299,159,2026-05-24,90.4,Paid,13,2026-06-06
713427,900323,9,2026-05-22,55.31,Paid,10,2026-06-01
713428,910349,251,2026-05-22,59.06,Paid,0,2026-05-22
713429,908806,211,2026-05-23,67.3,Paid,17,2026-06-09
713430,903743,97,2026-05-24,87.14,Paid,15,2026-06-08
713431,910415,252,2026-05-24,60.77,Paid,11,2026-06-04
713432,902646,64,2026-05-22,79.09,Paid,2,2026-05-24
713433,900730,18,2026-05-22,55.5,Paid,6,2026-05-28
713434,913255,336,2026-05-22,79.62,Paid,5,2026-05-27
713435,901069,28,2026-05-24,55.85,Paid,6,2026-05-30
713436,911711,293,2026-05-24,59.33,Paid,0,2026-05-24
713437,901616,39,2026-05-23,55.94,Paid,0,2026-05-23
713438,913797,349,2026-05-22,117.65,Paid,0,2026-05-22
713439,908334,201,2026-05-22,61.97,Paid,19,2026-06-10
713440,901135,29,2026-05-24,95.46,Paid,20,2026-06-13
713441,909144,221,2026-05-23,116.62,Paid,23,2026-06-15
713442,904813,122,2026-05-22,92.66,Paid,23,2026-06-14
713443,903239,83,2026-05-22,63.04,Paid,0,2026-05-22
713444,900664,16,2026-05-22,53.92,Paid,6,2026-05-28
713445,903810,98,2026-05-24,56.67,Paid,0,2026-05-24
713446,913456,341,2026-05-23,57.4,Paid,0,2026-05-23
713447,914145,356,2026-05-23,70.66,Paid,6,2026-05-29
713448,905286,137,2026-05-25,75.71,Paid,3,2026-05-28
713449,902022,47,2026-05-25,52.95,Paid,0,2026-05-25
713450,901720,41,2026-05-24,54.91,Paid,23,2026-06-16
713451,915806,394,2026-05-23,67.67,Paid,27,2026-06-19
713452,913730,348,2026-05-24,59.21,Paid,3,2026-05-27
713453,906850,173,2026-05-23,86.73,Paid,7,2026-05-30
713454,900599,15,2026-05-23,60.13,Paid,9,2026-06-01
713455,902126,51,2026-05-23,66.11,Paid,17,2026-06-09
713456,910223,249,2026-05-25,79.55,Paid,7,2026-06-01
713457,910282,250,2026-05-24,85.83,Paid,8,2026-06-01
713458,912983,330,2026-05-23,58.07,Paid,14,2026-06-06
713459,913322,339,2026-05-25,57.14,Paid,14,2026-06-08
713460,910120,247,2026-05-23,69.58,Paid,13,2026-06-05
713461,907922,194,2026-05-23,55.16,Paid,3,2026-05-26
713462,903336,85,2026-05-25,83.18,Paid,0,2026-05-25
713463,903277,84,2026-05-23,64.59,Paid,2,2026-05-25
713464,910045,245,2026-05-23,80.54,Paid,4,2026-05-27
713465,901180,30,2026-05-23,51.2,Paid,1,2026-05-24
713466,916594,413,2026-05-24,82.89,Paid,0,2026-05-24
713467,902993,72,2026-05-23,76.44,Paid,0,2026-05-23
713468,916535,412,2026-05-25,72.64,Paid,0,2026-05-25
713469,906707,170,2026-05-24,77.35,Paid,12,2026-06-05
713470,916490,411,2026-05-25,121.9,Paid,2,2026-05-27
713471,903194,81,2026-05-25,87.72,Paid,25,2026-06-19
713472,910734,262,2026-05-25,67.17,Paid,21,2026-06-15
713473,905391,139,2026-05-24,54.27,Paid,0,2026-05-24
713474,907516,186,2026-05-24,57.65,Paid,0,2026-05-24
713475,902193,52,2026-05-23,114.35,Paid,8,2026-05-31
713476,913523,342,2026-05-24,53.57,Paid,19,2026-06-12
713477,909641,233,2026-05-23,76.25,Paid,15,2026-06-07
713478,912274,309,2026-05-23,56.11,Paid,3,2026-05-26
713479,900494,13,2026-05-24,57.22,Paid,0,2026-05-24
713480,910689,261,2026-05-24,56.89,Paid,11,2026-06-04
713481,917552,295,2026-05-24,8239.95,Paid,15,2026-06-08
713482,902466,58,2026-05-25,64.54,Paid,21,2026-06-15
713483,906337,161,2026-05-25,61.12,Paid,13,2026-06-07
713484,915739,393,2026-05-25,78.35,Paid,0,2026-05-25
713485,902691,65,2026-05-25,57.73,Paid,19,2026-06-13
713486,909210,222,2026-05-24,77.67,Paid,12,2026-06-05
713487,909255,225,2026-05-24,56.47,Paid,7,2026-05-31
713488,912644,320,2026-05-24,85.01,Paid,19,2026-06-12
713489,905457,140,2026-05-24,57.89,Paid,8,2026-06-01
713490,905588,143,2026-05-24,59.26,Paid,1,2026-05-25
713491,905653,144,2026-05-25,60.88,Paid,23,2026-06-17
713492,912747,323,2026-05-25,69.71,Paid,25,2026-06-19
713493,914447,363,2026-05-26,52.28,Paid,5,2026-05-31
713494,909351,227,2026-05-26,59.0,Paid,3,2026-05-29
713495,905756,146,2026-05-25,58.78,Paid,12,2026-06-06
713496,905822,147,2026-05-26,56.05,Paid,0,2026-05-26
713497,904428,113,2026-05-25,57.01,Paid,7,2026-06-01
713498,914834,373,2026-05-24,68.95,Paid,5,2026-05-29
713499,914879,374,2026-05-25,84.16,Paid,11,2026-06-05
713500,905932,149,2026-05-25,61.87,Paid,5,2026-05-30
713501,912236,308,2026-05-26,56.36,Paid,6,2026-06-01
713502,905331,138,2026-05-24,58.53,Paid,9,2026-06-02
713503,909462,229,2026-05-24,61.66,Paid,4,2026-05-28
713504,903639,95,2026-05-24,88.72,Paid,23,2026-06-16
713505,906120,155,2026-05-24,54.16,Paid,3,2026-05-27
713506,915229,382,2026-05-25,69.4,Paid,19,2026-06-13
713507,915304,384,2026-05-25,65.45,Paid,31,2026-06-25
713508,917680,357,2026-05-24,624.17,Paid,0,2026-05-24
713509,912689,322,2026-05-24,124.07,Paid,4,2026-05-28
713510,901474,36,2026-05-26,79.18,Paid,11,2026-06-06
713511,915983,398,2026-05-24,67.19,Paid,23,2026-06-16
713512,911271,281,2026-05-25,58.78,Paid,15,2026-06-09
713513,916697,416,2026-05-24,79.02,Paid,15,2026-06-08
713514,901956,45,2026-05-25,52.68,Paid,14,2026-06-08
713515,907111,178,2026-05-25,54.34,Paid,0,2026-05-25
713516,907824,192,2026-05-25,119.14,Paid,11,2026-06-05
713517,916639,414,2026-05-26,57.42,Paid,0,2026-05-26
713518,915872,395,2026-05-24,53.3,Paid,22,2026-06-15
713519,906915,175,2026-05-26,94.71,Paid,27,2026-06-22
713520,908251,199,2026-05-24,76.42,Paid,11,2026-06-04
713521,913048,331,2026-05-26,58.27,Paid,10,2026-06-05
713522,911373,283,2026-05-26,123.09,Paid,16,2026-06-11
713523,907714,190,2026-05-25,94.8,Paid,19,2026-06-13
713524,910000,242,2026-05-24,85.72,Paid,8,2026-06-01
713525,916387,409,2026-05-26,72.43,Paid,4,2026-05-30
713526,917450,244,2026-05-24,536.88,Paid,7,2026-05-31
713527,914003,353,2026-05-26,62.03,Paid,0,2026-05-26
713528,916903,420,2026-05-26,70.73,Paid,0,2026-05-26
713529,907346,182,2026-05-24,56.67,Paid,12,2026-06-05
713530,908590,206,2026-05-24,60.25,Paid,20,2026-06-13
713531,908393,203,2026-05-24,76.56,Paid,8,2026-06-01
713532,910962,269,2026-05-25,58.12,Paid,4,2026-05-29
713533,904872,123,2026-05-27,58.97,Paid,6,2026-06-02
713534,917174,112,2026-05-26,4274.32,Paid,4,2026-05-30
713535,904016,103,2026-05-27,76.02,Paid,3,2026-05-30
713536,907648,188,2026-05-26,64.94,Paid,18,2026-06-13
713537,901825,43,2026-05-25,59.46,Paid,10,2026-06-04
713538,916322,408,2026-05-25,55.63,Paid,6,2026-05-31
713539,911644,290,2026-05-27,60.67,Paid,4,2026-05-31
713540,912334,312,2026-05-27,125.9,Paid,17,2026-06-13
713541,912851,328,2026-05-26,69.41,Paid,21,2026-06-16
713542,901891,44,2026-05-26,55.97,Paid,8,2026-06-03
713543,913158,334,2026-05-26,58.07,Paid,7,2026-06-02
713544,917646,341,2026-05-26,536.08,Paid,8,2026-06-03
713545,917765,395,2026-05-25,258.91,Paid,0,2026-05-25
713546,903468,87,2026-05-26,59.01,Paid,0,2026-05-26
713547,915570,389,2026-05-27,62.94,Paid,0,2026-05-27
713548,900833,21,2026-05-27,97.83,Paid,21,2026-06-17
713549,902260,53,2026-05-25,96.49,Paid,9,2026-06-03
713550,903402,86,2026-05-27,64.51,Paid,9,2026-06-05
713551,907988,195,2026-05-26,63.06,Paid,8,2026-06-03
713552,906435,164,2026-05-26,56.16,Paid,8,2026-06-03
713553,906158,156,2026-05-25,56.09,Paid,0,2026-05-25
713554,913605,345,2026-05-25,54.44,Paid,4,2026-05-29
713555,908185,198,2026-05-26,125.21,Paid,2,2026-05-28
713556,903684,96,2026-05-26,59.56,Paid,30,2026-06-25
713557,904383,111,2026-05-25,57.4,Paid,16,2026-06-10
713558,907862,193,2026-05-26,58.96,Paid,20,2026-06-15
713559,910481,254,2026-05-27,74.81,Paid,3,2026-05-30
713560,900539,14,2026-05-26,66.27,Paid,20,2026-06-15
713561,917571,306,2026-05-25,415.71,Paid,0,2026-05-25
713562,915146,379,2026-05-26,63.54,Paid,2,2026-05-28
713563,905523,142,2026-05-25,54.19,Paid,13,2026-06-07
713564,902750,66,2026-05-27,78.62,Paid,6,2026-06-02
713565,900043,1,2026-05-26,57.8,Paid,5,2026-05-31
713566,912586,318,2026-05-27,55.99,Paid,9,2026-06-05
713567,916742,417,2026-05-27,62.55,Paid,3,2026-05-30
713568,916838,419,2026-05-27,78.09,Paid,12,2026-06-08
713569,907583,187,2026-05-28,59.33,Paid,1,2026-05-29
713570,914558,366,2026-05-27,84.06,Paid,9,2026-06-05
713571,900937,25,2026-05-27,78.72,Paid,1,2026-05-28
713572,915511,388,2026-05-28,60.85,Paid,22,2026-06-19
713573,915939,397,2026-05-28,52.04,Paid,14,2026-06-11
713574,906981,176,2026-05-28,78.64,Paid,0,2026-05-28
713575,902511,60,2026-05-28,60.51,Paid,4,2026-06-01
713576,913196,335,2026-05-28,62.33,Paid,8,2026-06-05
713577,902817,69,2026-05-27,55.95,Paid,0,2026-05-27
713578,909700,234,2026-05-26,60.13,Paid,0,2026-05-26
713579,906649,169,2026-05-27,64.24,Paid,25,2026-06-21
713580,912918,329,2026-05-27,68.43,Paid,23,2026-06-19
713581,911073,274,2026-05-26,79.01,Paid,17,2026-06-12
713582,915014,377,2026-05-28,86.67,Paid,13,2026-06-10
713583,904525,115,2026-05-28,66.43,Paid,12,2026-06-09
713584,902949,71,2026-05-28,57.7,Paid,4,2026-06-01
713585,917501,271,2026-05-27,220.69,Paid,3,2026-05-30
713586,906540,166,2026-05-26,48.27,Paid,3,2026-05-29
713587,908526,205,2026-05-28,73.76,Paid,9,2026-06-06
713588,904939,124,2026-05-28,84.45,Paid,5,2026-06-02
713589,916219,404,2026-05-28,59.22,Paid,2,2026-05-30
713590,909766,235,2026-05-27,64.35,Paid,9,2026-06-05
713591,915467,387,2026-05-27,73.53,Paid,7,2026-06-03
713592,902305,54,2026-05-29,60.01,Paid,4,2026-06-02
713593,915401,386,2026-05-27,54.33,Paid,0,2026-05-27
713594,915673,391,2026-05-29,70.17,Paid,22,2026-06-20
713595,903053,76,2026-05-29,56.02,Paid,9,2026-06-07
713596,915267,383,2026-05-27,51.32,Paid,13,2026-06-09
713597,913664,347,2026-05-28,60.43,Paid,10,2026-06-07
713598,903914,100,2026-05-29,117.84,Paid,0,2026-05-29
713599,900665,16,2026-05-27,59.07,Paid,15,2026-06-11
713600,916086,401,2026-05-27,58.19,Paid,3,2026-05-30
713601,904082,104,2026-05-29,59.44,Paid,16,2026-06-14
713602,917650,342,2026-05-27,5541.06,Paid,3,2026-05-30
713603,903135,79,2026-05-28,60.22,Paid,3,2026-05-31
713604,901343,34,2026-05-28,65.86,Paid,20,2026-06-17
713605,903855,99,2026-05-27,79.63,Paid,2,2026-05-29
713606,916989,31,2026-05-27,4316.2,Paid,1,2026-05-28
713607,908909,213,2026-05-28,123.0,Paid,4,2026-06-01
713608,907780,191,2026-05-29,109.88,Paid,0,2026-05-29
713609,913568,343,2026-05-29,77.68,Paid,10,2026-06-08
713610,905004,125,2026-05-28,81.55,Paid,10,2026-06-07
713611,913114,333,2026-05-27,80.33,Paid,3,2026-05-30
713612,905069,126,2026-05-28,72.36,Paid,0,2026-05-28
713613,907046,177,2026-05-28,58.32,Paid,20,2026-06-17
713614,910623,259,2026-05-29,111.63,Paid,16,2026-06-14
713615,911110,275,2026-05-28,56.34,Paid,6,2026-06-03
713616,909019,216,2026-05-28,54.66,Paid,0,2026-05-28
713617,911029,270,2026-05-29,55.45,Paid,6,2026-06-04
713618,907282,181,2026-05-28,55.5,Paid,25,2026-06-22
713619,907391,183,2026-05-27,81.93,Paid,11,2026-06-07
713620,908054,196,2026-05-29,64.85,Paid,12,2026-06-10
713621,905698,145,2026-05-28,120.54,Paid,0,2026-05-28
713622,910793,266,2026-05-29,54.86,Paid,9,2026-06-07
713623,909079,219,2026-05-28,66.22,Paid,26,2026-06-23
713624,906045,152,2026-05-27,61.01,Paid,5,2026-06-01
713625,909832,236,2026-05-27,114.91,Paid,0,2026-05-27
713626,905970,150,2026-05-28,56.52,Paid,8,2026-06-05
713627,911984,302,2026-05-27,124.53,Paid,12,2026-06-08
713628,909597,232,2026-05-29,61.25,Paid,7,2026-06-05
713629,913389,340,2026-05-27,69.8,Paid,21,2026-06-17
713630,916161,403,2026-05-29,75.72,Paid,0,2026-05-29
713631,905888,148,2026-05-29,55.21,Paid,2,2026-05-31
713632,911919,299,2026-05-30,59.96,Paid,12,2026-06-11
713633,906605,167,2026-05-28,55.92,Paid,3,2026-05-31
713634,900775,19,2026-05-29,61.47,Paid,0,2026-05-29
713635,906218,157,2026-05-29,54.05,Paid,15,2026-06-13
713636,902364,55,2026-05-29,96.92,Paid,15,2026-06-13
713637,904731,120,2026-05-28,81.63,Paid,3,2026-05-31
713638,910179,248,2026-05-28,120.59,Paid,17,2026-06-14
713639,912401,313,2026-05-29,121.86,Paid,10,2026-06-08
713640,900183,4,2026-05-29,79.02,Paid,0,2026-05-29
713641,908119,197,2026-05-28,77.06,Paid,7,2026-06-04
713642,904629,118,2026-05-28,60.66,Paid,0,2026-05-28
713643,914279,359,2026-05-28,76.56,Paid,12,2026-06-09
713644,912467,314,2026-05-30,64.83,Paid,22,2026-06-21
713645,908851,212,2026-05-28,70.97,Paid,23,2026-06-20
713646,910837,267,2026-05-28,125.75,Paid,19,2026-06-16
713647,914345,361,2026-05-30,56.57,Paid,2,2026-06-01
713648,901004,27,2026-05-30,84.06,Paid,6,2026-06-05
713649,912549,317,2026-05-28,76.31,Paid,0,2026-05-28
713650,911815,295,2026-05-28,66.99,Paid,23,2026-06-20
713651,914514,365,2026-05-29,51.57,Paid,5,2026-06-03
713652,916042,399,2026-05-28,60.51,Paid,0,2026-05-28
713653,911169,279,2026-05-28,60.72,Paid,9,2026-06-06
713654,901240,31,2026-05-29,122.18,Paid,7,2026-06-05
713655,917407,228,2026-05-29,554.37,Paid,5,2026-06-03
713656,913900,351,2026-05-30,52.93,Paid,2,2026-06-01
713657,909943,241,2026-05-29,55.15,Paid,3,2026-06-01
713658,908635,207,2026-05-29,66.27,Paid,31,2026-06-29
713659,900428,11,2026-05-29,52.14,Paid,1,2026-05-30
713660,912087,304,2026-05-30,90.55,Paid,27,2026-06-26
713661,904213,107,2026-05-29,54.92,Paid,6,2026-06-04
713662,908460,204,2026-05-30,52.0,Paid,0,2026-05-30
713663,908975,215,2026-05-30,115.83,Paid,2,2026-06-01
713664,917774,398,2026-05-28,4298.42,Paid,24,2026-06-21
713665,906262,158,2026-05-28,68.92,Paid,21,2026-06-18
713666,911586,289,2026-05-28,60.46,Paid,4,2026-06-01
713667,915615,390,2026-05-29,58.89,Paid,0,2026-05-29
713668,913842,350,2026-05-28,59.94,Paid,1,2026-05-29
713669,910083,246,2026-05-29,66.36,Paid,22,2026-06-20
713670,911439,286,2026-05-30,57.51,Paid,27,2026-06-26
713671,904148,105,2026-05-28,55.39,Paid,0,2026-05-28
713672,910416,252,2026-05-31,56.87,Paid,0,2026-05-31
713673,908297,200,2026-05-29,71.09,Paid,0,2026-05-29
713674,901070,28,2026-05-31,61.99,Paid,2,2026-06-02
713675,903514,88,2026-05-29,63.58,Paid,25,2026-06-23
713676,900265,7,2026-05-29,61.04,Paid,15,2026-06-13
713677,907715,190,2026-05-31,98.37,Paid,6,2026-06-06
713678,903574,92,2026-05-29,79.01,Paid,6,2026-06-04
713679,901136,29,2026-05-29,86.26,Paid,7,2026-06-05
713680,916904,420,2026-05-29,75.95,Paid,14,2026-06-12
713681,910350,251,2026-05-30,58.73,Paid,5,2026-06-04
713682,900731,18,2026-05-30,61.46,Paid,20,2026-06-19
713683,913256,336,2026-05-29,79.14,Paid,0,2026-05-29
713684,900324,9,2026-05-29,55.07,Paid,6,2026-06-04
713685,904318,110,2026-05-29,63.02,Paid,18,2026-06-16
713686,909899,238,2026-05-31,59.09,Paid,5,2026-06-05
713687,903744,97,2026-05-29,74.69,Paid,10,2026-06-08
713688,905152,132,2026-05-30,57.13,Paid,21,2026-06-20
713689,908807,211,2026-05-30,65.23,Paid,13,2026-06-12
713690,914213,357,2026-05-29,87.03,Paid,0,2026-05-29
713691,917155,103,2026-05-30,3515.57,Paid,13,2026-06-12
713692,909418,228,2026-05-30,82.62,Paid,0,2026-05-30
713693,900227,6,2026-05-29,59.36,Paid,18,2026-06-16
713694,916595,413,2026-05-29,82.22,Paid,15,2026-06-13
713695,914956,376,2026-05-31,83.01,Paid,13,2026-06-13
713696,909145,221,2026-05-29,128.49,Paid,25,2026-06-23
713697,910963,269,2026-05-29,60.56,Paid,5,2026-06-03
713698,901617,39,2026-05-30,56.85,Paid,12,2026-06-11
713699,905823,147,2026-05-29,59.85,Paid,4,2026-06-02
713700,914835,373,2026-05-31,54.61,Paid,5,2026-06-05
713701,907216,180,2026-05-30,75.79,Paid,4,2026-06-03
713702,902884,70,2026-05-31,66.31,Paid,16,2026-06-16
713703,912154,306,2026-05-30,55.65,Paid,5,2026-06-04
713704,915081,378,2026-05-30,116.97,Paid,11,2026-06-10
713705,902127,51,2026-05-29,66.26,Paid,14,2026-06-12
713706,915740,393,2026-05-29,80.31,Paid,11,2026-06-09
713707,912029,303,2026-05-30,79.38,Paid,14,2026-06-13
713708,906753,171,2026-05-31,69.16,Paid,3,2026-06-03
713709,911542,288,2026-05-30,58.59,Paid,5,2026-06-04
713710,902647,64,2026-05-31,82.43,Paid,19,2026-06-19
713711,911712,293,2026-05-30,59.32,Paid,3,2026-06-02
713712,902549,61,2026-05-30,70.17,Paid,18,2026-06-17
713713,910897,268,2026-05-29,60.0,Paid,17,2026-06-15
713714,907450,184,2026-05-31,76.67,Paid,0,2026-05-31
713715,913798,349,2026-05-29,117.99,Paid,0,2026-05-29
713716,901410,35,2026-05-31,55.19,Paid,16,2026-06-16
713717,914616,367,2026-05-31,59.56,Paid,0,2026-05-31
713718,903337,85,2026-05-31,81.88,Paid,0,2026-05-31
713719,900125,3,2026-05-30,79.87,Paid,10,2026-06-09
713720,914146,356,2026-05-31,71.94,Paid,24,2026-06-24
713721,917190,120,2026-05-30,572.74,Paid,7,2026-06-06
713722,905287,137,2026-05-30,77.1,Paid,8,2026-06-07
713723,904570,116,2026-05-31,58.55,Paid,7,2026-06-07
713724,900495,13,2026-06-01,58.67,Paid,10,2026-06-11
713725,902023,47,2026-05-31,54.98,Paid,11,2026-06-11
713726,915807,394,2026-05-30,67.04,Paid,25,2026-06-24
713727,907517,186,2026-05-30,56.56,Paid,18,2026-06-17
713728,911214,280,2026-05-30,59.13,Paid,15,2026-06-14
713729,913323,339,2026-05-30,57.73,Paid,8,2026-06-07
713730,917459,251,2026-05-31,761.2,Paid,18,2026-06-18
713731,902194,52,2026-05-31,113.62,Paid,5,2026-06-05
713732,911860,298,2026-05-30,57.97,Paid,3,2026-06-02
713733,917554,296,2026-06-01,5446.27,Paid,0,2026-06-01
713734,916491,411,2026-06-01,112.33,Paid,5,2026-06-06
713735,906481,165,2026-05-31,61.91,Paid,9,2026-06-09
713736,913457,341,2026-06-01,56.27,Paid,11,2026-06-12
713737,902068,48,2026-05-31,58.11,Paid,5,2026-06-05
713738,900600,15,2026-05-30,57.84,Paid,7,2026-06-06
713739,917057,61,2026-06-01,8795.01,Paid,21,2026-06-22
713740,914699,370,2026-05-30,79.6,Paid,4,2026-06-03
713741,910283,250,2026-05-30,78.22,Paid,5,2026-06-04
713742,903195,81,2026-05-30,93.31,Paid,20,2026-06-19
713743,912984,330,2026-05-31,55.06,Paid,24,2026-06-24
713744,913731,348,2026-06-01,59.28,Paid,1,2026-06-02
713745,905392,139,2026-05-31,58.55,Paid,0,2026-05-31
713746,901721,41,2026-05-30,57.27,Paid,1,2026-05-31
713747,907923,194,2026-06-01,57.04,Paid,18,2026-06-19
713748,910690,261,2026-05-31,54.81,Paid,15,2026-06-15
713749,903811,98,2026-05-31,54.07,Paid,0,2026-05-31
713750,905114,129,2026-05-30,82.7,Paid,10,2026-06-09
713751,912748,323,2026-05-31,63.69,Paid,31,2026-07-01
713752,916432,410,2026-05-31,96.35,Paid,17,2026-06-17
713753,911483,287,2026-06-01,58.47,Paid,0,2026-06-01
713754,907347,182,2026-06-01,52.98,Paid,1,2026-06-02
713755,908747,210,2026-05-31,54.45,Paid,17,2026-06-17
713756,905757,146,2026-06-02,55.15,Paid,7,2026-06-09
713757,903640,95,2026-06-01,98.87,Paid,20,2026-06-21
713758,905458,140,2026-06-02,62.75,Paid,1,2026-06-03
713759,905589,143,2026-05-31,57.94,Paid,11,2026-06-11
713760,916388,409,2026-06-01,76.0,Paid,13,2026-06-14
713761,905227,135,2026-06-01,58.55,Paid,20,2026-06-21
713762,912645,320,2026-06-01,80.33,Paid,16,2026-06-17
713763,901475,36,2026-05-31,77.85,Paid,0,2026-05-31
713764,902467,58,2026-06-01,66.77,Paid,19,2026-06-20
713765,907112,178,2026-05-31,52.73,Paid,3,2026-06-03
713766,908710,209,2026-05-31,54.36,Paid,21,2026-06-21
713767,908394,203,2026-06-01,82.86,Paid,24,2026-06-25
713768,905654,144,2026-05-31,57.22,Paid,0,2026-05-31
713769,908252,199,2026-05-31,83.08,Paid,9,2026-06-09
713770,911316,282,2026-06-02,118.29,Paid,7,2026-06-09
713771,914448,363,2026-06-02,59.11,Paid,8,2026-06-10
713772,903958,102,2026-06-01,73.68,Paid,28,2026-06-29
713773,901957,45,2026-05-31,53.43,Paid,4,2026-06-04
713774,915873,395,2026-05-31,59.87,Paid,12,2026-06-12
713775,914048,354,2026-05-31,58.72,Paid,8,2026-06-08
713776,910001,242,2026-06-02,80.32,Paid,20,2026-06-22
713777,916698,416,2026-06-01,83.93,Paid,7,2026-06-08
713778,914004,353,2026-05-31,58.97,Paid,2,2026-06-02
713779,911272,281,2026-05-31,55.27,Paid,8,2026-06-08
713780,911374,283,2026-06-02,115.91,Paid,0,2026-06-02
713781,908591,206,2026-06-02,57.09,Paid,0,2026-06-02
713782,913049,331,2026-06-01,54.28,Paid,11,2026-06-12
713783,917004,36,2026-06-02,7567.19,Paid,3,2026-06-05
713784,917355,195,2026-06-02,296.37,Paid,4,2026-06-06
713785,906916,175,2026-05-31,93.37,Paid,10,2026-06-10
713786,906851,173,2026-06-01,80.6,Paid,12,2026-06-13
713787,913524,342,2026-05-31,53.33,Paid,16,2026-06-16
713788,917670,352,2026-05-31,7833.06,Paid,15,2026-06-15
713789,909352,227,2026-06-02,59.51,Paid,3,2026-06-05
713790,904673,119,2026-06-01,54.2,Paid,0,2026-06-01
713791,909211,222,2026-05-31,83.85,Paid,3,2026-06-03
713792,904384,111,2026-06-03,57.1,Paid,0,2026-06-03
713793,906083,153,2026-06-02,76.05,Paid,9,2026-06-11
713794,903403,86,2026-06-02,55.93,Paid,4,2026-06-06
713795,902409,57,2026-06-01,75.65,Paid,23,2026-06-24
713796,901826,43,2026-06-03,58.45,Paid,11,2026-06-14
713797,917346,191,2026-06-03,922.49,Paid,0,2026-06-03
713798,900879,22,2026-06-03,61.31,Paid,16,2026-06-19
713799,914918,375,2026-06-02,57.83,Paid,11,2026-06-13
713800,906376,163,2026-06-01,77.72,Paid,7,2026-06-08
713801,907649,188,2026-06-03,62.06,Paid,15,2026-06-18
713802,901892,44,2026-06-01,50.55,Paid,2,2026-06-03
713803,902261,53,2026-06-03,95.53,Paid,15,2026-06-18
713804,903469,87,2026-06-01,56.49,Paid,0,2026-06-01
713805,912852,328,2026-06-01,65.63,Paid,16,2026-06-17
713806,916780,418,2026-06-01,50.17,Paid,4,2026-06-05
713807,907989,195,2026-06-03,55.25,Paid,0,2026-06-03
713808,911645,290,2026-06-02,55.95,Paid,0,2026-06-02
713809,905524,142,2026-06-02,61.13,Paid,0,2026-06-02
713810,913390,340,2026-06-02,68.54,Paid,22,2026-06-24
713811,900938,25,2026-06-03,76.87,Paid,0,2026-06-03
713812,909701,234,2026-06-02,55.94,Paid,13,2026-06-15
713813,913665,347,2026-06-01,54.85,Paid,0,2026-06-01
713814,910482,254,2026-06-03,60.05,Paid,26,2026-06-29
713815,902751,66,2026-06-03,78.52,Paid,14,2026-06-17
713816,904017,103,2026-06-02,80.72,Paid,8,2026-06-10
713817,915192,381,2026-06-03,79.6,Paid,5,2026-06-08
713818,906436,164,2026-06-01,57.7,Paid,14,2026-06-15
713819,901662,40,2026-06-01,52.77,Paid,2,2026-06-03
713820,906708,170,2026-06-01,73.53,Paid,0,2026-06-01
713821,900834,21,2026-06-02,91.3,Paid,22,2026-06-24
713822,908186,198,2026-06-01,117.27,Paid,2,2026-06-03
713823,904873,123,2026-06-01,59.5,Paid,10,2026-06-11
713824,915147,379,2026-06-01,55.07,Paid,0,2026-06-01
713825,912335,312,2026-06-01,142.61,Paid,5,2026-06-06
713826,916323,408,2026-06-03,56.59,Paid,8,2026-06-11
713827,914737,371,2026-06-01,63.15,Paid,13,2026-06-14
713828,913945,352,2026-06-04,120.55,Paid,9,2026-06-13
713829,916220,404,2026-06-04,61.25,Paid,6,2026-06-10
713830,909767,235,2026-06-02,53.93,Paid,3,2026-06-05
713831,904214,107,2026-06-04,58.88,Paid,0,2026-06-04
713832,903915,100,2026-06-04,121.87,Paid,18,2026-06-22
713833,911030,270,2026-06-03,59.51,Paid,12,2026-06-15
713834,917477,259,2026-06-04,4682.76,Paid,10,2026-06-14
713835,916839,419,2026-06-04,79.68,Paid,0,2026-06-04
713836,915571,389,2026-06-03,57.49,Paid,6,2026-06-09
713837,912919,329,2026-06-02,66.43,Paid,23,2026-06-25
713838,904526,115,2026-06-02,70.46,Paid,12,2026-06-14
713839,902818,69,2026-06-02,54.61,Paid,17,2026-06-19
713840,901520,37,2026-06-03,72.35,Paid,11,2026-06-14
713841,916963,20,2026-06-04,700.37,Paid,3,2026-06-07
713842,904149,105,2026-06-03,59.58,Paid,6,2026-06-09
713843,907157,179,2026-06-03,88.78,Paid,9,2026-06-12
713844,907584,187,2026-06-03,53.14,Paid,0,2026-06-03
713845,916264,406,2026-06-02,55.95,Paid,7,2026-06-09
713846,900369,10,2026-06-02,55.51,Paid,12,2026-06-14
713847,908527,205,2026-06-04,83.7,Paid,20,2026-06-24
713848,917248,145,2026-06-04,1296.13,Paid,10,2026-06-14
713849,909598,232,2026-06-03,62.69,Paid,14,2026-06-17
713850,915015,377,2026-06-04,75.15,Paid,3,2026-06-07
713851,914086,355,2026-06-02,59.95,Paid,3,2026-06-05
713852,909080,219,2026-06-03,66.59,Paid,23,2026-06-26
713853,902950,71,2026-06-02,59.81,Paid,13,2026-06-15
713854,906541,166,2026-06-04,60.81,Paid,0,2026-06-04
713855,910565,256,2026-06-02,61.35,Paid,0,2026-06-02
713856,904940,124,2026-06-02,79.94,Paid,5,2026-06-07
713857,915940,397,2026-06-03,55.84,Paid,0,2026-06-03
713858,906982,176,2026-06-02,76.14,Paid,3,2026-06-05
713859,902587,62,2026-06-03,74.86,Paid,12,2026-06-15
713860,912199,307,2026-06-03,58.46,Paid,8,2026-06-11
713861,911543,288,2026-06-05,58.27,Paid,13,2026-06-18
713862,912793,324,2026-06-03,52.35,Paid,0,2026-06-03
713863,915402,386,2026-06-03,57.96,Paid,10,2026-06-13
713864,908055,196,2026-06-04,60.54,Paid,1,2026-06-05
713865,906008,151,2026-06-05,61.19,Paid,14,2026-06-19
713866,915468,387,2026-06-04,70.83,Paid,23,2026-06-27
713867,910794,266,2026-06-03,53.48,Paid,11,2026-06-14
713868,914661,368,2026-06-04,54.28,Paid,10,2026-06-14
713869,901766,42,2026-06-05,75.2,Paid,0,2026-06-05
713870,915674,391,2026-06-05,69.7,Paid,11,2026-06-16
713871,903054,76,2026-06-04,64.95,Paid,14,2026-06-18
713872,904083,104,2026-06-05,59.45,Paid,8,2026-06-13
713873,903098,77,2026-06-04,74.1,Paid,42,2026-07-16
713874,900044,1,2026-06-04,57.94,Paid,13,2026-06-17
713875,917328,180,2026-06-04,4136.96,Paid,0,2026-06-04
713876,905070,126,2026-06-04,76.63,Paid,6,2026-06-10
713877,916124,402,2026-06-04,69.54,Paid,12,2026-06-16
713878,908910,213,2026-06-04,116.88,Paid,9,2026-06-13
713879,911985,302,2026-06-05,112.78,Paid,13,2026-06-18
713880,900088,2,2026-06-05,53.26,Paid,6,2026-06-11
713881,917394,217,2026-06-04,3415.06,Paid,7,2026-06-11
713882,910624,259,2026-06-03,131.25,Paid,21,2026-06-24
713883,915343,385,2026-06-04,86.95,Paid,0,2026-06-04
713884,907283,181,2026-06-03,62.11,Paid,4,2026-06-07
713885,901344,34,2026-06-04,67.68,Paid,12,2026-06-16
713886,913115,333,2026-06-04,82.45,Paid,7,2026-06-11
713887,914346,361,2026-06-03,60.23,Paid,21,2026-06-24
713888,906219,157,2026-06-05,62.83,Paid,0,2026-06-05
713889,909833,236,2026-06-03,112.32,Paid,4,2026-06-07
713890,900666,16,2026-06-03,58.68,Paid,0,2026-06-03
713891,906791,172,2026-06-03,56.47,Paid,0,2026-06-03
713892,904258,109,2026-06-03,56.12,Paid,0,2026-06-03
713893,905005,125,2026-06-03,78.81,Paid,0,2026-06-03
713894,908976,215,2026-06-03,114.59,Paid,8,2026-06-11
713895,906300,159,2026-06-04,95.49,Paid,12,2026-06-16
713896,911757,294,2026-06-04,89.2,Paid,33,2026-07-07
713897,902365,55,2026-06-04,93.27,Paid,19,2026-06-23
713898,909294,226,2026-06-04,74.56,Paid,21,2026-06-25
713899,911816,295,2026-06-06,60.24,Paid,32,2026-07-08
713900,912468,314,2026-06-05,69.95,Paid,7,2026-06-12
713901,910180,248,2026-06-05,119.59,Paid,7,2026-06-12
713902,900429,11,2026-06-06,56.0,Paid,7,2026-06-13
713903,910527,255,2026-06-04,61.72,Paid,1,2026-06-05
713904,917815,420,2026-06-05,436.78,Paid,17,2026-06-22
713905,912402,313,2026-06-04,117.29,Paid,1,2026-06-05
713906,904776,121,2026-06-04,63.44,Paid,30,2026-07-04
713907,900184,4,2026-06-06,86.91,Paid,14,2026-06-20
713908,904630,118,2026-06-04,53.03,Paid,0,2026-06-04
713909,905190,133,2026-06-04,56.99,Paid,0,2026-06-04
713910,911170,279,2026-06-04,59.01,Paid,12,2026-06-16
713911,901005,27,2026-06-05,79.94,Paid,1,2026-06-06
713912,916043,399,2026-06-04,55.99,Paid,10,2026-06-14
713913,904732,120,2026-06-04,74.66,Paid,0,2026-06-04
713914,901241,31,2026-06-06,125.36,Paid,13,2026-06-19
713915,906606,167,2026-06-05,59.76,Paid,0,2026-06-05
713916,904467,114,2026-06-05,67.15,Paid,17,2026-06-22
713917,917162,106,2026-06-05,432.48,Paid,14,2026-06-19
713918,912088,304,2026-06-06,95.83,Paid,29,2026-07-05
713919,911440,286,2026-06-06,53.75,Paid,13,2026-06-19
713920,914515,365,2026-06-05,58.44,Paid,0,2026-06-05
713921,909501,230,2026-06-06,121.6,Paid,4,2026-06-10
713922,912512,316,2026-06-05,112.93,Paid,1,2026-06-06
713923,907781,191,2026-06-05,114.98,Paid,15,2026-06-20
713924,913901,351,2026-06-06,62.27,Paid,5,2026-06-11
713925,908120,197,2026-06-04,81.32,Paid,13,2026-06-17
713926,914280,359,2026-06-04,76.37,Paid,0,2026-06-04
713927,907047,177,2026-06-06,56.2,Paid,17,2026-06-23
713928,908461,204,2026-06-04,55.99,Paid,15,2026-06-19
713929,914617,367,2026-06-04,57.91,Paid,14,2026-06-18
713930,902885,70,2026-06-05,65.91,Paid,17,2026-06-22
713931,902128,51,2026-06-06,67.86,Paid,16,2026-06-22
713932,915102,378,2026-06-07,197.83,Paid,9,2026-06-16
713933,911050,270,2026-06-06,96.05,Paid,9,2026-06-15
713934,914100,355,2026-06-05,88.95,Paid,4,2026-06-09
713935,909146,221,2026-06-07,120.77,Paid,25,2026-07-02
713936,908335,201,2026-06-05,58.29,Paid,15,2026-06-20
713937,904319,110,2026-06-05,68.64,Paid,12,2026-06-17
713938,905824,147,2026-06-07,53.72,Paid,6,2026-06-13
713939,915741,393,2026-06-05,76.09,Paid,2,2026-06-07
713940,904960,124,2026-06-06,126.12,Paid,10,2026-06-16
713941,914836,373,2026-06-06,60.24,Paid,7,2026-06-13
713942,913173,334,2026-06-07,96.57,Paid,13,2026-06-20
713943,905889,148,2026-06-06,57.97,Paid,6,2026-06-12
713944,908481,204,2026-06-07,85.18,Paid,1,2026-06-08
713945,913257,336,2026-06-07,72.82,Paid,9,2026-06-16
713946,915082,378,2026-06-07,119.41,Paid,3,2026-06-10
713947,917131,96,2026-06-07,452.63,Paid,6,2026-06-13
713948,907217,180,2026-06-07,82.92,Paid,13,2026-06-20
713949,900732,18,2026-06-07,55.83,Paid,12,2026-06-19
713950,902488,58,2026-06-07,124.04,Paid,38,2026-07-15
713951,912155,306,2026-06-07,55.18,Paid,1,2026-06-08
713952,914390,362,2026-06-05,56.95,Paid,12,2026-06-17
713953,903575,92,2026-06-05,82.16,Paid,0,2026-06-05
713954,901411,35,2026-06-06,54.83,Paid,7,2026-06-13
713955,903338,85,2026-06-05,70.57,Paid,4,2026-06-09
713956,915488,387,2026-06-06,116.48,Paid,19,2026-06-25
713957,917472,256,2026-06-07,581.92,Paid,0,2026-06-07
713958,909419,228,2026-06-05,84.96,Paid,10,2026-06-15
713959,910351,251,2026-06-05,52.5,Paid,6,2026-06-11
713960,907736,190,2026-06-06,149.03,Paid,20,2026-06-26
713961,902648,64,2026-06-05,74.39,Paid,6,2026-06-11
713962,910711,261,2026-06-07,87.33,Paid,13,2026-06-20
713963,900325,9,2026-06-05,57.82,Paid,3,2026-06-08
713964,901618,39,2026-06-07,52.58,Paid,30,2026-07-07
713965,911713,293,2026-06-06,54.62,Paid,4,2026-06-10
713966,911920,299,2026-06-07,60.14,Paid,25,2026-07-02
713967,908808,211,2026-06-07,74.69,Paid,11,2026-06-18
713968,907944,194,2026-06-05,90.18,Paid,9,2026-06-14
713969,906338,161,2026-06-06,57.87,Paid,4,2026-06-10
713970,916596,413,2026-06-06,77.38,Paid,0,2026-06-06
713971,901285,32,2026-06-06,55.02,Paid,4,2026-06-10
713972,907716,190,2026-06-07,94.49,Paid,4,2026-06-11
713973,916905,420,2026-06-05,76.73,Paid,0,2026-06-05
713974,909539,231,2026-06-06,82.47,Paid,10,2026-06-16
713975,902525,60,2026-06-07,98.64,Paid,7,2026-06-14
713976,900139,3,2026-06-05,122.66,Paid,0,2026-06-05
713977,914214,357,2026-06-05,81.85,Paid,5,2026-06-10
713978,903528,88,2026-06-05,115.91,Paid,10,2026-06-15
713979,910964,269,2026-06-06,56.39,Paid,0,2026-06-06
713980,908673,208,2026-06-05,121.94,Paid,0,2026-06-05
713981,912422,313,2026-06-06,192.18,Paid,0,2026-06-06
713982,906457,164,2026-06-07,83.39,Paid,3,2026-06-10
713983,914775,372,2026-06-07,120.88,Paid,8,2026-06-15
713984,904814,122,2026-06-06,91.39,Paid,6,2026-06-12
713985,910541,255,2026-06-05,92.33,Paid,14,2026-06-19
713986,901558,38,2026-06-07,57.59,Paid,9,2026-06-16
713987,901137,29,2026-06-07,94.74,Paid,34,2026-07-11
713988,901071,28,2026-06-07,63.15,Paid,9,2026-06-16
713989,907451,184,2026-06-07,73.43,Paid,5,2026-06-12
713990,903765,97,2026-06-06,131.27,Paid,1,2026-06-07
713991,917598,315,2026-06-06,2017.43,Paid,4,2026-06-10
713992,910898,268,2026-06-05,57.89,Paid,12,2026-06-17
713993,903745,97,2026-06-07,75.48,Paid,0,2026-06-07
713994,913799,349,2026-06-06,105.75,Paid,1,2026-06-07
713995,903240,83,2026-06-05,57.61,Paid,0,2026-06-05
713996,910503,254,2026-06-08,113.23,Paid,31,2026-07-09
713997,905393,139,2026-06-08,57.16,Paid,4,2026-06-12
713998,901181,30,2026-06-08,55.53,Paid,8,2026-06-16
713999,900601,15,2026-06-08,52.32,Paid,3,2026-06-11
714000,901195,30,2026-06-06,98.1,Paid,5,2026-06-11
714001,907924,194,2026-06-07,58.13,Paid,8,2026-06-15
714002,905413,139,2026-06-06,93.83,Paid,26,2026-07-02
714003,903972,102,2026-06-07,113.68,Paid,14,2026-06-21
714004,909957,241,2026-06-08,90.26,Paid,5,2026-06-13
714005,903595,92,2026-06-07,128.99,Paid,0,2026-06-07
714006,912666,320,2026-06-06,141.02,Paid,4,2026-06-10
714007,903812,98,2026-06-07,55.33,Paid,0,2026-06-07
714008,914970,376,2026-06-08,128.43,Paid,0,2026-06-08
714009,913732,348,2026-06-08,61.14,Paid,7,2026-06-15
714010,916240,404,2026-06-08,95.17,Paid,7,2026-06-15
714011,903196,81,2026-06-07,92.19,Paid,27,2026-07-04
714012,910121,247,2026-06-07,66.6,Paid,12,2026-06-19
714013,910224,249,2026-06-06,82.47,Paid,12,2026-06-18
714014,909100,219,2026-06-06,121.88,Paid,23,2026-06-29
714015,912985,330,2026-06-06,59.43,Paid,1,2026-06-07
714016,901722,41,2026-06-06,55.84,Paid,17,2026-06-23
714017,916942,14,2026-06-06,3535.8,Paid,16,2026-06-22
714018,910284,250,2026-06-07,83.0,Paid,9,2026-06-16
714019,903278,84,2026-06-07,63.29,Paid,0,2026-06-07
714020,912526,316,2026-06-06,177.29,Paid,0,2026-06-06
714021,914147,356,2026-06-07,79.75,Paid,2,2026-06-09
714022,917640,338,2026-06-08,228.87,Paid,20,2026-06-28
714023,917117,86,2026-06-08,1605.69,Paid,2,2026-06-10
714024,917664,348,2026-06-07,363.86,Paid,2,2026-06-09
714025,911124,275,2026-06-07,85.44,Paid,16,2026-06-23
714026,910735,262,2026-06-07,72.59,Paid,24,2026-07-01
714027,905288,137,2026-06-07,77.06,Paid,12,2026-06-19
714028,916492,411,2026-06-08,110.72,Paid,1,2026-06-09
714029,910022,242,2026-06-08,116.95,Paid,9,2026-06-17
714030,900959,25,2026-06-08,124.94,Paid,12,2026-06-20
714031,912275,309,2026-06-06,51.15,Paid,6,2026-06-12
714032,910417,252,2026-06-06,65.01,Paid,16,2026-06-22
714033,902994,72,2026-06-06,80.29,Paid,6,2026-06-12
714034,917184,118,2026-06-07,2197.4,Paid,9,2026-06-16
714035,910046,245,2026-06-07,85.97,Paid,4,2026-06-11
714036,913525,342,2026-06-06,62.57,Paid,9,2026-06-15
714037,915808,394,2026-06-06,71.97,Paid,17,2026-06-23
714038,902195,52,2026-06-07,124.9,Paid,3,2026-06-10
714039,913458,341,2026-06-07,60.19,Paid,7,2026-06-14
714040,914025,353,2026-06-08,94.91,Paid,9,2026-06-17
714041,913324,339,2026-06-08,56.55,Paid,2,2026-06-10
714042,906709,170,2026-06-07,78.26,Paid,10,2026-06-17
714043,908547,205,2026-06-07,139.59,Paid,14,2026-06-21
714044,906852,173,2026-06-08,78.41,Paid,18,2026-06-26
714045,915592,389,2026-06-06,100.05,Paid,0,2026-06-06
714046,906872,173,2026-06-06,125.39,Paid,13,2026-06-19
714047,909642,233,2026-06-07,71.72,Paid,9,2026-06-16
714048,904443,113,2026-06-08,90.98,Paid,4,2026-06-12
714049,908930,213,2026-06-07,201.93,Paid,11,2026-06-18
714050,915357,385,2026-06-07,133.36,Paid,0,2026-06-07
714051,902423,57,2026-06-06,115.51,Paid,23,2026-06-29
714052,900496,13,2026-06-08,59.16,Paid,6,2026-06-14
714053,902024,47,2026-06-06,53.65,Paid,15,2026-06-21
714054,908592,206,2026-06-09,53.01,Paid,0,2026-06-09
714055,914005,353,2026-06-07,52.54,Paid,3,2026-06-10
714056,913050,331,2026-06-08,54.1,Paid,9,2026-06-17
714057,908395,203,2026-06-07,78.08,Paid,11,2026-06-18
714058,914880,374,2026-06-09,76.96,Paid,0,2026-06-09
714059,910002,242,2026-06-08,81.56,Paid,2,2026-06-10
714060,905933,149,2026-06-08,58.02,Paid,0,2026-06-08
714061,915828,394,2026-06-07,114.96,Paid,26,2026-07-03
714062,908253,199,2026-06-08,76.97,Paid,2,2026-06-10
714063,908996,215,2026-06-09,183.56,Paid,5,2026-06-14
714064,916063,399,2026-06-07,102.74,Paid,0,2026-06-07
714065,909900,238,2026-06-08,57.89,Paid,0,2026-06-08
714066,916978,25,2026-06-08,618.57,Paid,9,2026-06-17
714067,905758,146,2026-06-08,60.34,Paid,12,2026-06-20
714068,912749,323,2026-06-07,77.14,Paid,13,2026-06-20
714069,914449,363,2026-06-09,55.01,Paid,11,2026-06-20
714070,912769,323,2026-06-09,110.92,Paid,17,2026-06-26
714071,916640,414,2026-06-08,58.03,Paid,16,2026-06-24
714072,905459,140,2026-06-08,57.71,Paid,6,2026-06-14
714073,912690,322,2026-06-09,113.81,Paid,14,2026-06-23
714074,905332,138,2026-06-09,54.31,Paid,12,2026-06-21
714075,903641,95,2026-06-07,99.13,Paid,22,2026-06-29
714076,907348,182,2026-06-07,54.31,Paid,8,2026-06-15
714077,912646,320,2026-06-07,78.97,Paid,6,2026-06-13
714078,915305,384,2026-06-09,63.74,Paid,8,2026-06-17
714079,905590,143,2026-06-07,59.6,Paid,3,2026-06-10
714080,917456,249,2026-06-09,603.11,Paid,3,2026-06-12
714081,905655,144,2026-06-09,56.34,Paid,6,2026-06-15
714082,909212,222,2026-06-09,78.97,Paid,9,2026-06-18
714083,915230,382,2026-06-07,68.89,Paid,20,2026-06-27
714084,907113,178,2026-06-07,60.91,Paid,4,2026-06-11
714085,909256,225,2026-06-07,61.76,Paid,7,2026-06-14
714086,901299,32,2026-06-08,94.03,Paid,4,2026-06-12
714087,915984,398,2026-06-09,66.81,Paid,24,2026-07-03
714088,906729,170,2026-06-07,120.35,Paid,3,2026-06-10
714089,911375,283,2026-06-08,120.75,Paid,0,2026-06-08
714090,915874,395,2026-06-08,51.49,Paid,1,2026-06-09
714091,911273,281,2026-06-08,61.36,Paid,0,2026-06-08
714092,901958,45,2026-06-09,61.65,Paid,13,2026-06-22
714093,904429,113,2026-06-09,59.09,Paid,0,2026-06-09
714094,915572,389,2026-06-09,58.36,Paid,11,2026-06-20
714095,917693,362,2026-06-10,4691.14,Paid,14,2026-06-24
714096,915148,379,2026-06-10,57.48,Paid,18,2026-06-28
714097,909020,216,2026-06-09,55.37,Paid,1,2026-06-10
714098,907604,187,2026-06-09,101.16,Paid,8,2026-06-17
714099,901742,41,2026-06-10,94.07,Paid,8,2026-06-18
714100,904874,123,2026-06-10,57.74,Paid,12,2026-06-22
714101,907990,195,2026-06-08,56.86,Paid,17,2026-06-25
714102,911646,290,2026-06-08,60.14,Paid,2,2026-06-10
714103,910691,261,2026-06-10,58.01,Paid,9,2026-06-19
714104,906159,156,2026-06-08,48.94,Paid,9,2026-06-17
714105,904385,111,2026-06-08,58.2,Paid,0,2026-06-08
714106,905525,142,2026-06-10,56.16,Paid,0,2026-06-10
714107,903404,86,2026-06-09,57.56,Paid,0,2026-06-09
714108,913070,331,2026-06-08,95.59,Paid,14,2026-06-22
714109,903685,96,2026-06-09,58.76,Paid,22,2026-07-01
714110,907237,180,2026-06-10,126.85,Paid,0,2026-06-10
714111,906663,169,2026-06-09,110.57,Paid,11,2026-06-20
714112,913606,345,2026-06-09,62.22,Paid,5,2026-06-14
714113,904790,121,2026-06-10,117.34,Paid,19,2026-06-29
714114,908649,207,2026-06-08,108.36,Paid,26,2026-07-04
714115,905128,129,2026-06-09,119.47,Paid,0,2026-06-09
714116,913005,330,2026-06-09,93.69,Paid,7,2026-06-16
714117,913159,334,2026-06-08,59.46,Paid,3,2026-06-11
714118,902692,65,2026-06-08,54.71,Paid,5,2026-06-13
714119,909702,234,2026-06-08,60.03,Paid,15,2026-06-23
714120,900835,21,2026-06-09,91.11,Paid,14,2026-06-23
714121,902752,66,2026-06-08,78.4,Paid,0,2026-06-08
714122,916324,408,2026-06-10,56.75,Paid,0,2026-06-10
714123,901476,36,2026-06-08,79.72,Paid,5,2026-06-13
714124,907518,186,2026-06-10,58.26,Paid,8,2026-06-18
714125,915168,379,2026-06-09,97.29,Paid,8,2026-06-17
714126,916389,409,2026-06-10,76.78,Paid,0,2026-06-10
714127,902262,53,2026-06-09,97.5,Paid,0,2026-06-09
714128,915629,390,2026-06-10,97.76,Paid,1,2026-06-11
714129,916409,409,2026-06-10,128.33,Paid,10,2026-06-20
714130,900516,13,2026-06-10,87.95,Paid,0,2026-06-10
714131,907650,188,2026-06-08,68.9,Paid,19,2026-06-27
714132,908187,198,2026-06-10,115.76,Paid,11,2026-06-21
714133,906437,164,2026-06-08,61.87,Paid,6,2026-06-14
714134,916536,412,2026-06-09,76.23,Paid,9,2026-06-18
714135,917539,290,2026-06-08,541.31,Paid,0,2026-06-08
714136,905346,138,2026-06-09,91.14,Paid,9,2026-06-18
714137,907863,193,2026-06-10,59.89,Paid,0,2026-06-10
714138,901893,44,2026-06-09,54.06,Paid,8,2026-06-17
714139,901827,43,2026-06-08,55.48,Paid,5,2026-06-13
714140,910483,254,2026-06-08,70.53,Paid,12,2026-06-20
714141,904018,103,2026-06-09,81.71,Paid,14,2026-06-23
714142,903470,87,2026-06-08,57.17,Paid,7,2026-06-15
714143,900540,14,2026-06-10,69.37,Paid,28,2026-07-08
714144,907825,192,2026-06-09,116.35,Paid,17,2026-06-26
714145,910437,252,2026-06-09,87.31,Paid,12,2026-06-21
714146,913391,340,2026-06-10,62.5,Paid,33,2026-07-13
714147,911228,280,2026-06-10,95.86,Paid,3,2026-06-13
714148,906917,175,2026-06-09,93.36,Paid,19,2026-06-28
714149,912237,308,2026-06-10,62.28,Paid,6,2026-06-16
714150,901091,28,2026-06-10,95.25,Paid,14,2026-06-24
714151,908207,198,2026-06-11,178.64,Paid,0,2026-06-11
714152,916278,406,2026-06-11,97.13,Paid,8,2026-06-19
714153,913569,343,2026-06-11,78.49,Paid,23,2026-07-04
714154,911031,270,2026-06-11,56.35,Paid,12,2026-06-23
714155,902148,51,2026-06-10,119.27,Paid,18,2026-06-28
714156,915941,397,2026-06-09,56.19,Paid,8,2026-06-17
714157,909944,241,2026-06-10,58.38,Paid,2,2026-06-12
714158,913197,335,2026-06-10,58.52,Paid,19,2026-06-29
714159,913666,347,2026-06-09,54.78,Paid,3,2026-06-12
714160,902512,60,2026-06-10,58.46,Paid,7,2026-06-17
714161,916344,408,2026-06-10,98.12,Paid,6,2026-06-16
714162,902215,52,2026-06-10,198.83,Paid,0,2026-06-10
714163,912488,314,2026-06-10,114.91,Paid,29,2026-07-09
714164,912920,329,2026-06-11,71.02,Paid,15,2026-06-26
714165,902468,58,2026-06-11,73.61,Paid,15,2026-06-26
714166,904941,124,2026-06-10,82.54,Paid,3,2026-06-13
714167,907303,181,2026-06-10,88.98,Paid,0,2026-06-10
714168,909768,235,2026-06-10,58.75,Paid,0,2026-06-10
714169,916221,404,2026-06-09,54.6,Paid,8,2026-06-17
714170,909353,227,2026-06-11,60.25,Paid,9,2026-06-20
714171,904150,105,2026-06-11,57.23,Paid,0,2026-06-11
714172,902951,71,2026-06-09,61.69,Paid,0,2026-06-09
714173,907171,179,2026-06-09,162.87,Paid,22,2026-07-01
714174,914347,361,2026-06-11,56.88,Paid,12,2026-06-23
714175,915035,377,2026-06-09,116.61,Paid,17,2026-06-26
714176,902819,69,2026-06-11,55.69,Paid,0,2026-06-11
714177,911874,298,2026-06-10,93.58,Paid,5,2026-06-15
714178,912289,309,2026-06-11,90.62,Paid,0,2026-06-11
714179,900939,25,2026-06-09,75.45,Paid,8,2026-06-17
714180,906121,155,2026-06-11,59.24,Paid,20,2026-07-01
714181,906542,166,2026-06-09,49.02,Paid,8,2026-06-17
714182,904215,107,2026-06-11,58.98,Paid,12,2026-06-23
714183,909081,219,2026-06-11,62.65,Paid,18,2026-06-29
714184,909599,232,2026-06-09,59.9,Paid,5,2026-06-14
714185,916699,416,2026-06-11,79.38,Paid,0,2026-06-11
714186,912336,312,2026-06-10,138.32,Paid,16,2026-06-26
714187,909463,229,2026-06-11,57.4,Paid,9,2026-06-20
714188,915016,377,2026-06-11,81.85,Paid,4,2026-06-15
714189,908010,195,2026-06-09,85.81,Paid,3,2026-06-12
714190,903916,100,2026-06-10,118.04,Paid,23,2026-07-03
714191,913210,335,2026-06-09,95.01,Paid,6,2026-06-15
714192,909618,232,2026-06-09,98.48,Paid,16,2026-06-25
714193,911074,274,2026-06-11,76.7,Paid,5,2026-06-16
714194,916446,410,2026-06-11,154.87,Paid,27,2026-07-08
714195,917419,232,2026-06-12,1670.37,Paid,19,2026-07-01
714196,902905,70,2026-06-10,102.19,Paid,14,2026-06-24
714197,917605,322,2026-06-12,5950.62,Paid,0,2026-06-12
714198,914559,366,2026-06-11,79.76,Paid,14,2026-06-25
714199,915675,391,2026-06-12,63.76,Paid,20,2026-07-02
714200,917426,234,2026-06-11,514.95,Paid,2,2026-06-13
714201,912853,328,2026-06-12,73.92,Paid,16,2026-06-28
714202,907670,188,2026-06-12,111.33,Paid,23,2026-07-05
714203,908828,211,2026-06-11,110.76,Paid,11,2026-06-22
714204,900228,6,2026-06-11,56.09,Paid,7,2026-06-18
714205,911986,302,2026-06-11,116.76,Paid,13,2026-06-24
714206,908056,196,2026-06-11,56.96,Paid,14,2026-06-25
714207,910795,266,2026-06-12,56.64,Paid,6,2026-06-18
714208,900126,3,2026-06-12,78.23,Paid,10,2026-06-22
714209,907538,186,2026-06-10,95.13,Paid,0,2026-06-10
714210,906650,169,2026-06-10,72.43,Paid,15,2026-06-25
714211,907585,187,2026-06-10,58.5,Paid,4,2026-06-14
714212,902306,54,2026-06-10,58.92,Paid,5,2026-06-15
714213,916959,19,2026-06-11,524.25,Paid,9,2026-06-20
714214,901345,34,2026-06-11,66.82,Paid,17,2026-06-28
714215,915512,388,2026-06-11,58.96,Paid,6,2026-06-17
714216,911544,288,2026-06-11,60.24,Paid,2,2026-06-13
714217,904527,115,2026-06-10,62.27,Paid,5,2026-06-15
714218,917719,375,2026-06-10,232.22,Paid,21,2026-07-01
714219,915268,383,2026-06-12,59.41,Paid,26,2026-07-08
714220,915403,386,2026-06-12,56.83,Paid,0,2026-06-12
714221,910625,259,2026-06-12,122.98,Paid,0,2026-06-12
714222,908911,213,2026-06-10,116.87,Paid,0,2026-06-10
714223,917671,352,2026-06-12,579.32,Paid,6,2026-06-18
714224,908349,201,2026-06-10,95.67,Paid,21,2026-07-01
714225,914894,374,2026-06-12,127.47,Paid,1,2026-06-13
714226,904084,104,2026-06-10,62.49,Paid,6,2026-06-16
714227,904894,123,2026-06-10,96.05,Paid,18,2026-06-28
714228,908977,215,2026-06-10,125.25,Paid,11,2026-06-21
714229,902772,66,2026-06-10,126.48,Paid,0,2026-06-10
714230,905971,150,2026-06-12,56.1,Paid,11,2026-06-23
714231,916162,403,2026-06-10,80.81,Paid,8,2026-06-18
714232,905025,125,2026-06-10,120.37,Paid,0,2026-06-10
714233,909834,236,2026-06-11,111.9,Paid,11,2026-06-22
714234,905071,126,2026-06-10,81.75,Paid,12,2026-06-22
714235,913277,336,2026-06-12,124.58,Paid,23,2026-07-05
714236,903856,99,2026-06-11,82.53,Paid,8,2026-06-19
714237,903055,76,2026-06-12,60.43,Paid,1,2026-06-13
714238,907048,177,2026-06-11,62.95,Paid,6,2026-06-17
714239,902044,47,2026-06-10,93.15,Paid,17,2026-06-27
714240,914932,375,2026-06-11,97.51,Paid,0,2026-06-11
714241,913116,333,2026-06-10,76.95,Paid,6,2026-06-16
714242,911111,275,2026-06-10,62.53,Paid,5,2026-06-15
714243,907067,177,2026-06-12,93.59,Paid,15,2026-06-27
714244,913686,347,2026-06-13,104.93,Paid,0,2026-06-13
714245,910838,267,2026-06-13,122.25,Paid,0,2026-06-13
714246,915616,390,2026-06-13,57.23,Paid,2,2026-06-15
714247,900185,4,2026-06-12,80.6,Paid,31,2026-07-13
714248,908636,207,2026-06-11,68.61,Paid,28,2026-07-09
714249,905610,143,2026-06-12,90.95,Paid,9,2026-06-21
714250,916044,399,2026-06-13,58.6,Paid,0,2026-06-13
714251,906983,176,2026-06-12,76.81,Paid,1,2026-06-13
714252,912550,317,2026-06-12,84.56,Paid,0,2026-06-12
714253,906263,158,2026-06-11,64.33,Paid,14,2026-06-25
714254,911190,279,2026-06-12,98.55,Paid,5,2026-06-17
714255,912563,317,2026-06-11,123.65,Paid,17,2026-06-28
714256,905675,144,2026-06-11,95.3,Paid,0,2026-06-11
714257,911600,289,2026-06-11,95.95,Paid,0,2026-06-11
714258,911441,286,2026-06-13,58.9,Paid,4,2026-06-17
714259,912089,304,2026-06-12,93.37,Paid,10,2026-06-22
714260,902319,54,2026-06-13,90.43,Paid,8,2026-06-21
714261,905890,148,2026-06-13,58.41,Paid,11,2026-06-24
714262,904733,120,2026-06-11,81.31,Paid,6,2026-06-17
714263,906607,167,2026-06-13,61.13,Paid,27,2026-07-10
714264,916840,419,2026-06-11,82.08,Paid,11,2026-06-22
714265,912587,318,2026-06-13,59.49,Paid,0,2026-06-13
714266,911921,299,2026-06-13,59.74,Paid,8,2026-06-21
714267,905006,125,2026-06-12,80.7,Paid,0,2026-06-12
714268,914618,367,2026-06-13,58.7,Paid,6,2026-06-19
714269,902366,55,2026-06-12,95.55,Paid,17,2026-06-29
714270,910084,246,2026-06-11,71.67,Paid,27,2026-07-08
714271,903074,76,2026-06-11,89.4,Paid,12,2026-06-23
714272,910097,246,2026-06-13,118.77,Paid,24,2026-07-07
714273,900045,1,2026-06-13,57.37,Paid,5,2026-06-18
714274,901242,31,2026-06-11,109.16,Paid,0,2026-06-11
714275,905984,150,2026-06-12,95.5,Paid,0,2026-06-12
714276,911587,289,2026-06-11,53.95,Paid,17,2026-06-28
714277,911087,274,2026-06-12,123.68,Paid,4,2026-06-16
714278,901638,39,2026-06-12,98.17,Paid,13,2026-06-25
714279,913843,350,2026-06-13,60.64,Paid,4,2026-06-17
714280,900430,11,2026-06-11,60.47,Paid,10,2026-06-21
714281,909308,226,2026-06-13,128.48,Paid,3,2026-06-16
714282,907782,191,2026-06-11,113.27,Paid,0,2026-06-11
714283,908852,212,2026-06-12,66.31,Paid,11,2026-06-23
714284,908462,204,2026-06-12,59.87,Paid,18,2026-06-30
714285,908528,205,2026-06-12,79.56,Paid,0,2026-06-12
714286,914516,365,2026-06-13,60.89,Paid,13,2026-06-26
714287,912403,313,2026-06-13,120.46,Paid,12,2026-06-25
714288,916743,417,2026-06-12,58.38,Paid,8,2026-06-20
714289,905699,145,2026-06-11,127.86,Paid,4,2026-06-15
714290,913902,351,2026-06-11,61.68,Paid,0,2026-06-11
714291,912005,302,2026-06-11,192.29,Paid,7,2026-06-18
714292,911817,295,2026-06-13,72.95,Paid,21,2026-07-04
714293,907392,183,2026-06-13,73.58,Paid,1,2026-06-14
714294,913258,336,2026-06-12,75.85,Paid,15,2026-06-27
714295,907218,180,2026-06-14,80.2,Paid,13,2026-06-27
714296,907284,181,2026-06-13,61.33,Paid,6,2026-06-19
714297,902649,64,2026-06-14,85.9,Paid,18,2026-07-02
714298,901072,28,2026-06-14,50.11,Paid,6,2026-06-20
714299,907801,191,2026-06-12,171.61,Paid,12,2026-06-24
714300,903576,92,2026-06-14,75.3,Paid,14,2026-06-28
714301,914215,357,2026-06-12,80.52,Paid,11,2026-06-23
714302,908298,200,2026-06-14,66.05,Paid,20,2026-07-04
714303,900266,7,2026-06-12,56.68,Paid,4,2026-06-16
714304,900667,16,2026-06-12,57.15,Paid,2,2026-06-14
714305,906220,157,2026-06-13,58.13,Paid,18,2026-07-01
714306,900326,9,2026-06-12,55.31,Paid,9,2026-06-21
714307,904320,110,2026-06-12,81.19,Paid,27,2026-07-09
714308,917336,185,2026-06-13,8016.58,Paid,5,2026-06-18
714309,915319,384,2026-06-14,120.91,Paid,15,2026-06-29
714310,916087,401,2026-06-12,58.13,Paid,0,2026-06-12
714311,915083,378,2026-06-13,125.11,Paid,11,2026-06-24
714312,902082,48,2026-06-13,93.29,Paid,1,2026-06-14
714313,906097,153,2026-06-13,125.25,Paid,0,2026-06-13
714314,910965,269,2026-06-14,58.75,Paid,10,2026-06-24
714315,906754,171,2026-06-14,77.19,Paid,9,2026-06-23
714316,903515,88,2026-06-13,64.46,Paid,32,2026-07-15
714317,903869,99,2026-06-13,130.59,Paid,0,2026-06-13
714318,906046,152,2026-06-14,55.71,Paid,13,2026-06-27
714319,908809,211,2026-06-13,70.52,Paid,23,2026-07-06
714320,901138,29,2026-06-12,93.73,Paid,0,2026-06-12
714321,915469,387,2026-06-13,64.54,Paid,23,2026-07-06
714322,916794,418,2026-06-12,92.3,Paid,12,2026-06-24
714323,910418,252,2026-06-14,54.43,Paid,3,2026-06-17
714324,911940,299,2026-06-14,87.32,Paid,2,2026-06-16
714325,905153,132,2026-06-12,53.74,Paid,8,2026-06-20
714326,909420,228,2026-06-13,78.87,Paid,0,2026-06-13
714327,914469,363,2026-06-13,91.47,Paid,9,2026-06-22
714328,901619,39,2026-06-12,60.14,Paid,2,2026-06-14
714329,905825,147,2026-06-12,57.77,Paid,3,2026-06-15
714330,902129,51,2026-06-13,66.93,Paid,15,2026-06-28
714331,916906,420,2026-06-13,73.28,Paid,7,2026-06-20
714332,916597,413,2026-06-14,71.55,Paid,0,2026-06-14
714333,902886,70,2026-06-14,68.43,Paid,17,2026-07-01
714334,912469,314,2026-06-14,70.56,Paid,10,2026-06-24
714335,915742,393,2026-06-12,77.31,Paid,0,2026-06-12
714336,902668,64,2026-06-12,124.64,Paid,10,2026-06-22
714337,914856,373,2026-06-12,88.59,Paid,0,2026-06-12
714338,901412,35,2026-06-12,55.71,Paid,7,2026-06-19
714339,905166,132,2026-06-13,92.75,Paid,20,2026-07-03
714340,907717,190,2026-06-12,91.79,Paid,17,2026-06-29
714341,907452,184,2026-06-12,74.77,Paid,10,2026-06-22
714342,906173,156,2026-06-13,88.52,Paid,11,2026-06-24
714343,916756,417,2026-06-13,93.19,Paid,0,2026-06-13
714344,914281,359,2026-06-12,68.12,Paid,3,2026-06-15
714345,903339,85,2026-06-13,82.46,Paid,6,2026-06-19
714346,902550,61,2026-06-12,69.43,Paid,28,2026-07-10
714347,900241,6,2026-06-13,97.39,Paid,11,2026-06-24
714348,906352,161,2026-06-14,96.16,Paid,0,2026-06-14
714349,912807,324,2026-06-14,92.09,Paid,11,2026-06-25
714350,914837,373,2026-06-12,57.39,Paid,16,2026-06-28
714351,903136,79,2026-06-13,57.52,Paid,5,2026-06-18
714352,900733,18,2026-06-12,58.01,Paid,2,2026-06-14
714353,907877,193,2026-06-14,93.39,Paid,22,2026-07-06
714354,911714,293,2026-06-14,59.13,Paid,0,2026-06-14
714355,912030,303,2026-06-13,78.92,Paid,6,2026-06-19
714356,903746,97,2026-06-13,81.25,Paid,1,2026-06-14
714357,913819,349,2026-06-14,175.02,Paid,11,2026-06-25
714358,913800,349,2026-06-13,123.95,Paid,0,2026-06-13
714359,917203,126,2026-06-15,837.25,Paid,7,2026-06-22
714360,917592,315,2026-06-15,565.49,Paid,16,2026-07-01
714361,902025,47,2026-06-15,62.15,Paid,0,2026-06-15
714362,913135,333,2026-06-14,149.58,Paid,0,2026-06-14
714363,905394,139,2026-06-15,57.82,Paid,3,2026-06-18
714364,914572,366,2026-06-13,133.73,Paid,4,2026-06-17
714365,909232,222,2026-06-14,136.21,Paid,16,2026-06-30
714366,900497,13,2026-06-15,51.84,Paid,2,2026-06-17
714367,911861,298,2026-06-13,62.3,Paid,12,2026-06-25
714368,901006,27,2026-06-14,81.34,Paid,6,2026-06-20
714369,907925,194,2026-06-15,59.03,Paid,7,2026-06-22
714370,900602,15,2026-06-14,53.81,Paid,9,2026-06-23
714371,911171,279,2026-06-15,56.16,Paid,7,2026-06-22
714372,916616,413,2026-06-14,122.99,Paid,0,2026-06-14
714373,907133,178,2026-06-15,104.46,Paid,0,2026-06-15
714374,915809,394,2026-06-13,69.95,Paid,17,2026-06-30
714375,903935,100,2026-06-14,190.39,Paid,2,2026-06-16
714376,914919,375,2026-06-15,51.79,Paid,4,2026-06-19
714377,906805,172,2026-06-13,93.33,Paid,0,2026-06-13
714378,903813,98,2026-06-15,59.57,Paid,1,2026-06-16
714379,908121,197,2026-06-13,77.1,Paid,0,2026-06-13
714380,907002,176,2026-06-14,126.58,Paid,17,2026-07-01
714381,904631,118,2026-06-13,57.7,Paid,0,2026-06-13
714382,911215,280,2026-06-13,59.6,Paid,21,2026-07-04
714383,905115,129,2026-06-13,83.79,Paid,0,2026-06-13
714384,910899,268,2026-06-14,53.14,Paid,5,2026-06-19
714385,913733,348,2026-06-15,56.43,Paid,0,2026-06-15
714386,900776,19,2026-06-15,53.7,Paid,14,2026-06-29
714387,910238,249,2026-06-15,128.58,Paid,1,2026-06-16
714388,908140,197,2026-06-15,125.53,Paid,8,2026-06-23
714389,917220,133,2026-06-15,614.42,Paid,9,2026-06-24
714390,912156,306,2026-06-14,53.87,Paid,16,2026-06-30
714391,915694,391,2026-06-14,98.21,Paid,17,2026-07-01
714392,901534,37,2026-06-14,117.71,Paid,29,2026-07-13
714393,902196,52,2026-06-13,125.95,Paid,3,2026-06-16
714394,912986,330,2026-06-13,58.86,Paid,9,2026-06-22
714395,917391,215,2026-06-13,4110.67,Paid,2,2026-06-15
714396,907368,182,2026-06-13,96.35,Paid,16,2026-06-29
714397,910181,248,2026-06-15,117.3,Paid,2,2026-06-17
714398,909722,234,2026-06-15,94.68,Paid,0,2026-06-15
714399,903197,81,2026-06-14,98.64,Paid,17,2026-07-01
714400,915206,381,2026-06-13,127.46,Paid,9,2026-06-22
714401,900789,19,2026-06-15,87.42,Paid,3,2026-06-18
714402,906710,170,2026-06-13,75.48,Paid,4,2026-06-17
714403,911666,290,2026-06-15,88.37,Paid,0,2026-06-15
714404,913325,339,2026-06-15,59.15,Paid,0,2026-06-15
714405,914700,370,2026-06-13,76.07,Paid,16,2026-06-29
714406,902069,48,2026-06-14,57.8,Paid,11,2026-06-25
714407,906853,173,2026-06-14,79.37,Paid,4,2026-06-18
714408,914148,356,2026-06-13,82.08,Paid,10,2026-06-23
714409,910692,261,2026-06-14,56.81,Paid,13,2026-06-27
714410,910371,251,2026-06-15,96.17,Paid,21,2026-07-06
714411,903358,85,2026-06-14,127.41,Paid,7,2026-06-21
714412,905545,142,2026-06-15,98.29,Paid,9,2026-06-24
714413,912600,318,2026-06-14,93.07,Paid,21,2026-07-05
714414,916493,411,2026-06-14,112.83,Paid,8,2026-06-22
714415,909853,236,2026-06-14,176.5,Paid,0,2026-06-14
714416,909920,238,2026-06-14,98.37,Paid,2,2026-06-16
714417,904405,111,2026-06-15,93.59,Paid,5,2026-06-20
714418,905289,137,2026-06-13,76.58,Paid,0,2026-06-13
714419,901723,41,2026-06-15,60.05,Paid,11,2026-06-26
714420,913526,342,2026-06-15,51.78,Paid,25,2026-07-10
714421,904571,116,2026-06-14,63.73,Paid,4,2026-06-18
714422,913459,341,2026-06-15,56.59,Paid,7,2026-06-22
714423,913620,345,2026-06-14,93.26,Paid,8,2026-06-22
714424,916175,403,2026-06-13,122.21,Paid,3,2026-06-16
714425,903292,84,2026-06-13,96.35,Paid,9,2026-06-22
714426,912043,303,2026-06-13,132.31,Paid,12,2026-06-25
714427,907519,186,2026-06-13,54.45,Paid,20,2026-07-03
714428,910285,250,2026-06-13,75.64,Paid,3,2026-06-16
714429,913344,339,2026-06-14,93.03,Paid,16,2026-06-30
714430,906482,165,2026-06-13,57.59,Paid,8,2026-06-21
714431,911376,283,2026-06-16,117.06,Paid,0,2026-06-16
714432,902838,69,2026-06-16,103.52,Paid,22,2026-07-08
714433,912750,323,2026-06-15,64.54,Paid,23,2026-07-08
714434,905759,146,2026-06-15,62.71,Paid,6,2026-06-21
714435,911733,293,2026-06-15,91.37,Paid,14,2026-06-29
714436,906059,152,2026-06-16,97.79,Paid,10,2026-06-26
714437,911484,287,2026-06-15,55.1,Paid,0,2026-06-15
714438,907471,184,2026-06-16,124.99,Paid,11,2026-06-27
714439,909213,222,2026-06-15,76.75,Paid,19,2026-07-04
714440,905656,144,2026-06-14,55.83,Paid,0,2026-06-14
714441,916390,409,2026-06-16,77.71,Paid,3,2026-06-19
714442,911274,281,2026-06-15,55.85,Paid,13,2026-06-28
714443,911317,282,2026-06-16,120.22,Paid,0,2026-06-16
714444,916433,410,2026-06-16,99.6,Paid,17,2026-07-03
714445,909147,221,2026-06-16,120.16,Paid,0,2026-06-16
714446,906022,151,2026-06-14,100.46,Paid,13,2026-06-27
714447,901364,34,2026-06-16,112.7,Paid,19,2026-07-05
714448,915875,395,2026-06-15,60.88,Paid,0,2026-06-15
714449,907349,182,2026-06-14,55.52,Paid,6,2026-06-20
714450,916512,411,2026-06-15,178.92,Paid,19,2026-07-04
714451,901913,44,2026-06-14,85.06,Paid,15,2026-06-29
714452,912647,320,2026-06-15,69.78,Paid,9,2026-06-24
714453,901261,31,2026-06-15,181.77,Paid,8,2026-06-23
714454,901959,45,2026-06-14,53.13,Paid,0,2026-06-14
714455,905460,140,2026-06-14,59.9,Paid,4,2026-06-18
714456,914957,376,2026-06-16,72.04,Paid,2,2026-06-18
714457,907114,178,2026-06-16,57.18,Paid,0,2026-06-16
714458,905591,143,2026-06-15,52.2,Paid,16,2026-07-01
714459,904674,119,2026-06-16,54.44,Paid,0,2026-06-16
714460,916700,416,2026-06-15,81.98,Paid,4,2026-06-19
714461,908254,199,2026-06-14,78.38,Paid,9,2026-06-23
714462,908748,210,2026-06-14,54.51,Paid,0,2026-06-14
714463,908711,209,2026-06-14,59.81,Paid,4,2026-06-18
714464,913051,331,2026-06-15,61.64,Paid,9,2026-06-24
714465,903642,95,2026-06-14,89.21,Paid,5,2026-06-19
714466,909787,235,2026-06-14,93.38,Paid,16,2026-06-30
714467,908612,206,2026-06-16,90.55,Paid,0,2026-06-16
714468,904038,103,2026-06-15,126.38,Paid,0,2026-06-15
714469,917316,174,2026-06-14,1486.1,Paid,2,2026-06-16
714470,914006,353,2026-06-16,57.97,Paid,14,2026-06-30
714471,910352,251,2026-06-16,57.18,Paid,18,2026-07-04
714472,905228,135,2026-06-15,59.29,Paid,2,2026-06-17
714473,909901,238,2026-06-16,62.44,Paid,8,2026-06-24
714474,914049,354,2026-06-14,47.19,Paid,3,2026-06-17
714475,908593,206,2026-06-14,56.37,Paid,14,2026-06-28
714476,914300,359,2026-06-14,110.81,Paid,4,2026-06-18
714477,914062,354,2026-06-16,85.78,Paid,0,2026-06-16
714478,908396,203,2026-06-15,74.89,Paid,19,2026-07-04
714479,903959,102,2026-06-16,72.47,Paid,33,2026-07-19
714480,900855,21,2026-06-15,146.57,Paid,24,2026-07-09
714481,914450,363,2026-06-16,58.39,Paid,10,2026-06-26
714482,913478,341,2026-06-14,90.45,Paid,0,2026-06-14
714483,910003,242,2026-06-16,84.76,Paid,11,2026-06-27
714484,911293,281,2026-06-17,91.59,Paid,11,2026-06-28
714485,904103,104,2026-06-15,97.28,Paid,6,2026-06-21
714486,907651,188,2026-06-16,71.78,Paid,36,2026-07-22
714487,915244,382,2026-06-17,118.69,Paid,19,2026-07-06
714488,912356,312,2026-06-15,217.25,Paid,24,2026-07-09
714489,916781,418,2026-06-17,58.37,Paid,0,2026-06-17
714490,902263,53,2026-06-17,88.89,Paid,11,2026-06-28
714491,901828,43,2026-06-17,58.55,Paid,3,2026-06-20
714492,913545,342,2026-06-16,93.78,Paid,0,2026-06-16
714493,908188,198,2026-06-16,111.47,Paid,0,2026-06-16
714494,901477,36,2026-06-15,86.22,Paid,4,2026-06-19
714495,915573,389,2026-06-17,57.09,Paid,3,2026-06-20
714496,901663,40,2026-06-16,58.86,Paid,1,2026-06-17
714497,909354,227,2026-06-15,64.05,Paid,9,2026-06-24
714498,907991,195,2026-06-16,53.79,Paid,2,2026-06-18
714499,913946,352,2026-06-17,116.87,Paid,16,2026-07-03
714500,900836,21,2026-06-16,95.55,Paid,12,2026-06-28
714501,900880,22,2026-06-16,70.54,Paid,13,2026-06-29
714502,904019,103,2026-06-15,81.21,Paid,9,2026-06-24
714503,900204,4,2026-06-17,120.67,Paid,8,2026-06-25
714504,913667,347,2026-06-16,61.05,Paid,13,2026-06-29
714505,903471,87,2026-06-16,57.51,Paid,8,2026-06-24
714506,915193,381,2026-06-16,79.42,Paid,2,2026-06-18
714507,900940,25,2026-06-17,79.71,Paid,10,2026-06-27
714508,902970,71,2026-06-16,98.87,Paid,8,2026-06-24
714509,912337,312,2026-06-16,149.72,Paid,18,2026-07-04
714510,904875,123,2026-06-15,58.86,Paid,0,2026-06-15
714511,904386,111,2026-06-17,57.39,Paid,5,2026-06-22
714512,910304,250,2026-06-16,121.4,Paid,0,2026-06-16
714513,902753,66,2026-06-15,77.06,Paid,13,2026-06-28
714514,901894,44,2026-06-16,55.74,Paid,0,2026-06-16
714515,909034,216,2026-06-16,88.18,Paid,6,2026-06-22
714516,905526,142,2026-06-15,56.82,Paid,0,2026-06-15
714517,906438,164,2026-06-15,55.11,Paid,3,2026-06-18
714518,902588,62,2026-06-15,74.91,Paid,0,2026-06-15
714519,902410,57,2026-06-16,66.84,Paid,18,2026-07-04
714520,915422,386,2026-06-17,90.65,Paid,4,2026-06-21
714521,910484,254,2026-06-17,74.13,Paid,12,2026-06-29
714522,906377,163,2026-06-16,74.3,Paid,0,2026-06-16
714523,903490,87,2026-06-16,96.07,Paid,3,2026-06-19
714524,902469,58,2026-06-17,70.74,Paid,18,2026-07-05
714525,913392,340,2026-06-17,69.81,Paid,27,2026-07-14
714526,911647,290,2026-06-17,55.4,Paid,0,2026-06-17
714527,912794,324,2026-06-15,56.16,Paid,0,2026-06-15
714528,912873,328,2026-06-17,108.8,Paid,8,2026-06-25
714529,904650,118,2026-06-18,91.93,Paid,3,2026-06-21
714530,902601,62,2026-06-17,123.91,Paid,18,2026-07-05
714531,900279,7,2026-06-18,93.06,Paid,12,2026-06-30
714532,900370,10,2026-06-17,55.63,Paid,9,2026-06-26
714533,904528,115,2026-06-17,68.83,Paid,7,2026-06-24
714534,916222,404,2026-06-16,55.0,Paid,8,2026-06-24
714535,911032,270,2026-06-17,52.29,Paid,25,2026-07-12
714536,906561,166,2026-06-17,99.51,Paid,30,2026-07-17
714537,908687,208,2026-06-16,192.15,Paid,0,2026-06-16
714538,902820,69,2026-06-18,59.31,Paid,7,2026-06-25
714539,903917,100,2026-06-17,124.63,Paid,13,2026-06-30
714540,906543,166,2026-06-18,55.89,Paid,8,2026-06-26
714541,912854,328,2026-06-17,63.88,Paid,15,2026-07-02
714542,916841,419,2026-06-18,76.28,Paid,6,2026-06-24
714543,915017,377,2026-06-18,82.91,Paid,22,2026-07-10
714544,916138,402,2026-06-17,119.64,Paid,18,2026-07-05
714545,909769,235,2026-06-18,59.29,Paid,22,2026-07-10
714546,915149,379,2026-06-16,54.01,Paid,10,2026-06-26
714547,906009,151,2026-06-18,55.87,Paid,2,2026-06-20
714548,900046,1,2026-06-17,60.85,Paid,15,2026-07-02
714549,908273,199,2026-06-18,121.22,Paid,0,2026-06-18
714550,910566,256,2026-06-16,62.14,Paid,6,2026-06-22
714551,901521,37,2026-06-16,65.85,Paid,25,2026-07-11
714552,906767,171,2026-06-17,127.14,Paid,6,2026-06-23
714553,916925,420,2026-06-18,114.42,Paid,7,2026-06-25
714554,909600,232,2026-06-18,57.69,Paid,5,2026-06-23
714555,914789,372,2026-06-16,182.64,Paid,14,2026-06-30
714556,914348,361,2026-06-18,53.22,Paid,9,2026-06-27
714557,908865,212,2026-06-18,112.93,Paid,19,2026-07-07
714558,914087,355,2026-06-17,56.46,Paid,5,2026-06-22
714559,913959,352,2026-06-17,184.04,Paid,6,2026-06-23
714560,904216,107,2026-06-16,56.54,Paid,15,2026-07-01
714561,906390,163,2026-06-18,136.04,Paid,1,2026-06-19
714562,908529,205,2026-06-17,75.55,Paid,3,2026-06-20
714563,906084,153,2026-06-17,78.24,Paid,6,2026-06-23
714564,900893,22,2026-06-18,105.78,Paid,19,2026-07-07
714565,915281,383,2026-06-16,94.06,Paid,0,2026-06-16
714566,912921,329,2026-06-18,66.25,Paid,13,2026-07-01
714567,915942,397,2026-06-16,57.57,Paid,3,2026-06-19
714568,906984,176,2026-06-17,75.05,Paid,0,2026-06-17
714569,906937,175,2026-06-18,145.53,Paid,33,2026-07-21
714570,909082,219,2026-06-16,73.18,Paid,19,2026-07-05
714571,916325,408,2026-06-18,53.51,Paid,13,2026-07-01
714572,904151,105,2026-06-18,60.65,Paid,10,2026-06-28
714573,916265,406,2026-06-18,57.59,Paid,6,2026-06-24
714574,907586,187,2026-06-18,57.34,Paid,0,2026-06-18
714575,911836,295,2026-06-16,117.28,Paid,13,2026-06-29
714576,906918,175,2026-06-18,95.33,Paid,24,2026-07-12
714577,904584,116,2026-06-16,98.9,Paid,13,2026-06-29
714578,917537,289,2026-06-18,592.36,Paid,6,2026-06-24
714579,902952,71,2026-06-18,54.15,Paid,1,2026-06-19
714580,906314,159,2026-06-16,162.88,Paid,13,2026-06-29
714581,907158,179,2026-06-16,87.08,Paid,9,2026-06-25
714582,904942,124,2026-06-16,72.72,Paid,23,2026-07-09
714583,904752,120,2026-06-16,132.1,Paid,4,2026-06-20
714584,914738,371,2026-06-17,62.91,Paid,17,2026-07-04
714585,900089,2,2026-06-19,58.05,Paid,9,2026-06-28
714586,908057,196,2026-06-17,51.95,Paid,0,2026-06-17
714587,904085,104,2026-06-17,57.21,Paid,7,2026-06-24
714588,915470,387,2026-06-19,66.39,Paid,8,2026-06-27
714589,908978,215,2026-06-18,123.79,Paid,0,2026-06-18
714590,903661,95,2026-06-18,153.29,Paid,20,2026-07-08
714591,914637,367,2026-06-19,94.88,Paid,6,2026-06-25
714592,905844,147,2026-06-18,87.31,Paid,17,2026-07-05
714593,900686,16,2026-06-19,91.07,Paid,16,2026-07-05
714594,900102,2,2026-06-18,97.52,Paid,0,2026-06-18
714595,909553,231,2026-06-17,125.55,Paid,11,2026-06-28
714596,916100,401,2026-06-17,98.43,Paid,8,2026-06-25
714597,901346,34,2026-06-17,65.9,Paid,23,2026-07-10
714598,914662,368,2026-06-17,59.94,Paid,2,2026-06-19
714599,906135,155,2026-06-18,85.52,Paid,13,2026-07-01
714600,913752,348,2026-06-19,96.95,Paid,8,2026-06-27
714601,903149,79,2026-06-17,98.3,Paid,11,2026-06-28
714602,911987,302,2026-06-17,126.54,Paid,13,2026-06-30
714603,905007,125,2026-06-19,78.85,Paid,9,2026-06-28
714604,909703,234,2026-06-18,56.09,Paid,2,2026-06-20
714605,916125,402,2026-06-19,64.98,Paid,15,2026-07-04
714606,910200,248,2026-06-19,189.26,Paid,0,2026-06-19
714607,906239,157,2026-06-18,86.68,Paid,0,2026-06-18
714608,908912,213,2026-06-19,125.23,Paid,2,2026-06-21
714609,915676,391,2026-06-19,67.73,Paid,17,2026-07-06
714610,910626,259,2026-06-19,124.3,Paid,6,2026-06-25
714611,900668,16,2026-06-17,57.3,Paid,21,2026-07-08
714612,904259,109,2026-06-19,55.96,Paid,6,2026-06-25
714613,907285,181,2026-06-19,58.6,Paid,8,2026-06-27
714614,906626,167,2026-06-18,97.27,Paid,6,2026-06-24
714615,901572,38,2026-06-19,97.81,Paid,13,2026-07-02
714616,906301,159,2026-06-17,90.75,Paid,18,2026-07-05
714617,905909,148,2026-06-18,91.23,Paid,6,2026-06-24
714618,913117,333,2026-06-17,83.21,Paid,3,2026-06-20
714619,902706,65,2026-06-19,91.54,Paid,5,2026-06-24
714620,910796,266,2026-06-18,58.94,Paid,0,2026-06-18
714621,915344,385,2026-06-18,79.27,Paid,2,2026-06-20
714622,913921,351,2026-06-18,87.65,Paid,7,2026-06-25
714623,904828,122,2026-06-18,159.98,Paid,33,2026-07-21
714624,912200,307,2026-06-18,55.33,Paid,2,2026-06-20
714625,906792,172,2026-06-19,57.8,Paid,2,2026-06-21
714626,903405,86,2026-06-18,56.86,Paid,5,2026-06-23
714627,907783,191,2026-06-18,118.16,Paid,0,2026-06-18
714628,906221,157,2026-06-17,55.79,Paid,0,2026-06-17
714629,903056,76,2026-06-18,57.61,Paid,0,2026-06-18
714630,905072,126,2026-06-19,76.82,Paid,5,2026-06-24
714631,907049,177,2026-06-17,54.09,Paid,16,2026-07-03
714632,901676,40,2026-06-19,92.39,Paid,0,2026-06-19
714633,916719,416,2026-06-17,135.28,Paid,19,2026-07-06
714634,911172,279,2026-06-18,57.19,Paid,0,2026-06-18
714635,911758,294,2026-06-18,92.86,Paid,6,2026-06-24
714636,915404,386,2026-06-20,58.71,Paid,19,2026-07-09
714637,910851,267,2026-06-20,186.28,Paid,10,2026-06-30
714638,900064,1,2026-06-20,93.54,Paid,17,2026-07-07
714639,914282,359,2026-06-18,80.62,Paid,0,2026-06-18
714640,916045,399,2026-06-18,57.46,Paid,14,2026-07-02
714641,911771,294,2026-06-18,144.81,Paid,25,2026-07-13
714642,910182,248,2026-06-18,115.49,Paid,2,2026-06-20
714643,905191,133,2026-06-18,57.93,Paid,7,2026-06-25
714644,915894,395,2026-06-20,94.11,Paid,11,2026-07-01
714645,915998,398,2026-06-18,93.79,Paid,12,2026-06-30
714646,908075,196,2026-06-20,98.65,Paid,6,2026-06-26
714647,908122,197,2026-06-19,72.91,Paid,9,2026-06-28
714648,912513,316,2026-06-19,120.89,Paid,2,2026-06-21
714649,909166,221,2026-06-18,188.8,Paid,7,2026-06-25
714650,910814,266,2026-06-20,92.12,Paid,5,2026-06-25
714651,909295,226,2026-06-20,81.9,Paid,6,2026-06-26
714652,911818,295,2026-06-18,65.42,Paid,23,2026-07-11
714653,915960,397,2026-06-19,82.58,Paid,0,2026-06-19
714654,908463,204,2026-06-18,60.57,Paid,11,2026-06-29
714655,905891,148,2026-06-20,53.25,Paid,14,2026-07-04
714656,913411,340,2026-06-19,109.41,Paid,34,2026-07-23
714657,910528,255,2026-06-20,55.09,Paid,15,2026-07-05
714658,914517,365,2026-06-20,51.65,Paid,19,2026-07-09
714659,904777,121,2026-06-20,63.7,Paid,20,2026-07-10
714660,917263,152,2026-06-18,442.69,Paid,7,2026-06-25
714661,901007,27,2026-06-19,79.73,Paid,4,2026-06-23
714662,903832,98,2026-06-18,96.11,Paid,10,2026-06-28
714663,904339,110,2026-06-18,114.37,Paid,24,2026-07-12
714664,913903,351,2026-06-19,58.72,Paid,0,2026-06-19
714665,909477,229,2026-06-19,99.96,Paid,6,2026-06-25
714666,912704,322,2026-06-20,177.02,Paid,18,2026-07-08
714667,901243,31,2026-06-18,122.77,Paid,19,2026-07-07
714668,900752,18,2026-06-20,97.61,Paid,13,2026-07-03
714669,903424,86,2026-06-20,90.5,Paid,11,2026-07-01
714670,910918,268,2026-06-20,94.93,Paid,8,2026-06-28
714671,908724,209,2026-06-18,87.87,Paid,0,2026-06-18
714672,915525,388,2026-06-20,94.83,Paid,0,2026-06-20
714673,902367,55,2026-06-18,87.82,Paid,9,2026-06-27
714674,902282,53,2026-06-19,150.11,Paid,17,2026-07-06
714675,909656,233,2026-06-19,135.48,Paid,15,2026-07-04
714676,904169,105,2026-06-18,89.83,Paid,0,2026-06-18
714677,911922,299,2026-06-18,57.0,Paid,10,2026-06-28
714678,909502,230,2026-06-19,119.72,Paid,6,2026-06-25
714679,906608,167,2026-06-20,59.56,Paid,2,2026-06-22
714680,913856,350,2026-06-18,90.57,Paid,4,2026-06-22
714681,904734,120,2026-06-20,81.15,Paid,2,2026-06-22
714682,904272,109,2026-06-18,92.62,Paid,3,2026-06-21
714683,900186,4,2026-06-20,69.51,Paid,8,2026-06-28
714684,912090,304,2026-06-20,84.17,Paid,18,2026-07-08
714685,904632,118,2026-06-20,57.67,Paid,11,2026-07-01
714686,911330,282,2026-06-18,188.95,Paid,5,2026-06-23
714687,907405,183,2026-06-20,123.26,Paid,9,2026-06-29
714688,910749,262,2026-06-18,119.3,Paid,21,2026-07-09
714689,916859,419,2026-06-20,122.58,Paid,9,2026-06-29
714690,914619,367,2026-06-18,52.9,Paid,2,2026-06-20
714691,904468,114,2026-06-20,63.8,Paid,28,2026-07-18
714692,912470,314,2026-06-20,72.12,Paid,34,2026-07-24
714693,910135,247,2026-06-19,113.51,Paid,15,2026-07-04
714694,911442,286,2026-06-19,54.06,Paid,12,2026-07-01
714695,912404,313,2026-06-19,115.17,Paid,14,2026-07-03
714696,903216,81,2026-06-18,143.1,Paid,12,2026-06-30
714697,900431,11,2026-06-18,60.11,Paid,26,2026-07-14
714698,917515,278,2026-06-20,6658.27,Paid,0,2026-06-20
714699,912939,329,2026-06-20,120.49,Paid,18,2026-07-08
714700,915761,393,2026-06-19,126.79,Paid,0,2026-06-19
714701,907219,180,2026-06-19,77.4,Paid,6,2026-06-25
714702,903747,97,2026-06-21,72.57,Paid,13,2026-07-04
714703,900734,18,2026-06-20,56.67,Paid,17,2026-07-07
714704,905826,147,2026-06-19,61.66,Paid,13,2026-07-02
714705,903099,77,2026-06-21,68.91,Paid,23,2026-07-14
714706,905090,126,2026-06-20,130.54,Paid,19,2026-07-09
714707,908336,201,2026-06-19,57.45,Paid,0,2026-06-19
714708,914838,373,2026-06-19,62.09,Paid,2,2026-06-21
714709,907453,184,2026-06-19,81.79,Paid,14,2026-07-03
714710,903112,77,2026-06-19,109.14,Paid,18,2026-07-07
714711,901559,38,2026-06-21,60.05,Paid,14,2026-07-05
714712,917039,53,2026-06-19,3985.11,Paid,19,2026-07-08
714713,914216,357,2026-06-19,81.65,Paid,7,2026-06-26
714714,901620,39,2026-06-20,53.25,Paid,4,2026-06-24
714715,901767,42,2026-06-21,80.73,Paid,18,2026-07-09
714716,903241,83,2026-06-20,63.19,Paid,21,2026-07-11
714717,910900,268,2026-06-21,58.45,Paid,13,2026-07-04
714718,909148,221,2026-06-21,118.49,Paid,13,2026-07-04
714719,912108,304,2026-06-19,151.63,Paid,27,2026-07-16
714720,911497,287,2026-06-19,91.29,Paid,4,2026-06-23
714721,915743,393,2026-06-21,77.87,Paid,15,2026-07-06
714722,914366,361,2026-06-21,92.8,Paid,3,2026-06-24
714723,908674,208,2026-06-20,120.2,Paid,6,2026-06-26
714724,901286,32,2026-06-21,60.15,Paid,0,2026-06-21
714725,904815,122,2026-06-21,88.85,Paid,30,2026-07-21
714726,910419,252,2026-06-21,58.81,Paid,5,2026-06-26
714727,911545,288,2026-06-19,55.12,Paid,2,2026-06-21
714728,914391,362,2026-06-19,58.79,Paid,1,2026-06-20
714729,900345,9,2026-06-19,85.97,Paid,30,2026-07-19
714730,908761,210,2026-06-20,92.02,Paid,5,2026-06-25
714731,907718,190,2026-06-20,82.66,Paid,25,2026-07-15
714732,900327,9,2026-06-21,57.75,Paid,4,2026-06-25
714733,914535,365,2026-06-19,87.52,Paid,11,2026-06-30
714734,902130,51,2026-06-20,66.97,Paid,19,2026-07-09
714735,902650,64,2026-06-21,73.6,Paid,0,2026-06-21
714736,908810,211,2026-06-19,71.35,Paid,16,2026-07-05
714737,906339,161,2026-06-19,58.15,Paid,17,2026-07-06
714738,903577,92,2026-06-20,81.83,Paid,5,2026-06-25
714739,902385,55,2026-06-19,175.01,Paid,12,2026-07-01
714740,902563,61,2026-06-19,118.27,Paid,17,2026-07-06
714741,904234,107,2026-06-21,89.76,Paid,9,2026-06-30
714742,901157,29,2026-06-20,149.97,Paid,4,2026-06-24
714743,911715,293,2026-06-19,60.27,Paid,0,2026-06-19
714744,901139,29,2026-06-19,92.33,Paid,21,2026-07-10
714745,901073,28,2026-06-20,55.28,Paid,2,2026-06-22
714746,909540,231,2026-06-19,78.09,Paid,12,2026-07-01
714747,906495,165,2026-06-20,93.44,Paid,28,2026-07-18
714748,913801,349,2026-06-19,116.31,Paid,7,2026-06-26
714749,917480,260,2026-06-20,1212.17,Paid,10,2026-06-30
714750,913259,336,2026-06-19,84.17,Paid,10,2026-06-29
714751,910966,269,2026-06-20,60.28,Paid,1,2026-06-21
714752,902887,70,2026-06-21,72.57,Paid,29,2026-07-20
714753,900554,14,2026-06-20,118.35,Paid,25,2026-07-15
714754,904321,110,2026-06-21,66.58,Paid,28,2026-07-19
714755,909902,238,2026-06-19,56.75,Paid,18,2026-07-07
714756,912157,306,2026-06-19,55.23,Paid,3,2026-06-22
714757,915084,378,2026-06-20,117.67,Paid,10,2026-06-30
714758,905241,135,2026-06-20,91.02,Paid,0,2026-06-20
714759,914675,368,2026-06-20,93.12,Paid,8,2026-06-28
714760,916907,420,2026-06-20,80.34,Paid,0,2026-06-20
714761,910353,251,2026-06-21,58.56,Paid,11,2026-07-02
714762,909373,227,2026-06-21,99.51,Paid,13,2026-07-04
714763,901413,35,2026-06-21,57.82,Paid,12,2026-07-03
714764,909421,228,2026-06-21,84.65,Paid,8,2026-06-29
714765,909835,236,2026-06-19,116.75,Paid,0,2026-06-19
714766,905947,149,2026-06-19,91.56,Paid,8,2026-06-27
714767,914713,370,2026-06-19,132.79,Paid,0,2026-06-19
714768,900449,11,2026-06-19,94.97,Paid,13,2026-07-02
714769,901780,42,2026-06-21,133.37,Paid,10,2026-07-01
714770,903814,98,2026-06-22,58.52,Paid,6,2026-06-28
714771,910984,269,2026-06-21,90.08,Paid,0,2026-06-21
714772,905778,146,2026-06-20,96.41,Paid,12,2026-07-02
714773,913734,348,2026-06-20,60.36,Paid,14,2026-07-04
714774,902995,72,2026-06-21,71.98,Paid,27,2026-07-18
714775,910047,245,2026-06-22,73.76,Paid,3,2026-06-25
714776,904687,119,2026-06-22,85.75,Paid,13,2026-07-05
714777,908415,203,2026-06-20,121.47,Paid,3,2026-06-23
714778,900603,15,2026-06-21,51.54,Paid,12,2026-07-03
714779,906854,173,2026-06-20,74.55,Paid,22,2026-07-12
714780,909643,233,2026-06-21,82.92,Paid,12,2026-07-03
714781,911395,283,2026-06-21,201.85,Paid,9,2026-06-30
714782,901724,41,2026-06-22,65.16,Paid,0,2026-06-22
714783,911460,286,2026-06-21,96.07,Paid,9,2026-06-30
714784,908311,200,2026-06-21,113.28,Paid,23,2026-07-14
714785,910060,245,2026-06-21,122.72,Paid,3,2026-06-24
714786,903008,72,2026-06-21,131.2,Paid,9,2026-06-30
714787,915810,394,2026-06-20,71.89,Paid,5,2026-06-25
714788,910122,247,2026-06-20,65.16,Paid,16,2026-07-06
714789,900383,10,2026-06-22,95.12,Paid,0,2026-06-22
714790,902026,47,2026-06-21,53.34,Paid,0,2026-06-21
714791,902197,52,2026-06-20,113.34,Paid,0,2026-06-20
714792,906711,170,2026-06-21,79.73,Paid,4,2026-06-25
714793,913326,339,2026-06-22,59.28,Paid,8,2026-06-30
714794,900498,13,2026-06-20,55.84,Paid,9,2026-06-29
714795,911563,288,2026-06-22,84.41,Paid,0,2026-06-22
714796,913460,341,2026-06-22,60.29,Paid,3,2026-06-25
714797,914149,356,2026-06-22,78.5,Paid,5,2026-06-27
714798,904546,115,2026-06-20,100.05,Paid,17,2026-07-07
714799,912276,309,2026-06-20,59.19,Paid,5,2026-06-25
714800,907839,192,2026-06-21,172.91,Paid,3,2026-06-24
714801,907926,194,2026-06-21,56.88,Paid,10,2026-07-01
714802,905308,137,2026-06-20,122.27,Paid,9,2026-06-29
714803,910693,261,2026-06-22,58.7,Paid,17,2026-07-09
714804,916598,413,2026-06-22,80.46,Paid,0,2026-06-22
714805,903198,81,2026-06-20,89.03,Paid,15,2026-07-05
714806,916537,412,2026-06-22,81.57,Paid,13,2026-07-05
714807,903699,96,2026-06-21,86.2,Paid,21,2026-07-12
714808,905395,139,2026-06-22,57.89,Paid,25,2026-07-17
714809,905290,137,2026-06-21,77.26,Paid,9,2026-06-30
714810,910579,256,2026-06-22,102.77,Paid,0,2026-06-22
714811,901496,36,2026-06-21,123.35,Paid,13,2026-07-04
714812,910736,262,2026-06-20,76.29,Paid,7,2026-06-27
714813,910225,249,2026-06-20,81.39,Paid,21,2026-07-11
714814,901182,30,2026-06-20,60.45,Paid,0,2026-06-20
714815,912987,330,2026-06-22,57.26,Paid,14,2026-07-06
714816,914776,372,2026-06-21,109.73,Paid,0,2026-06-21
714817,903279,84,2026-06-22,59.42,Paid,15,2026-07-07
714818,916494,411,2026-06-20,124.1,Paid,0,2026-06-20
714819,910286,250,2026-06-20,79.07,Paid,0,2026-06-20
714820,905204,133,2026-06-22,92.09,Paid,8,2026-06-30
714821,903254,83,2026-06-21,90.12,Paid,10,2026-07-01
714822,910644,259,2026-06-21,175.42,Paid,6,2026-06-27
714823,907520,186,2026-06-21,56.04,Paid,0,2026-06-21
714824,901025,27,2026-06-21,131.4,Paid,4,2026-06-25
714825,913052,331,2026-06-22,52.99,Paid,13,2026-07-05
714826,904430,113,2026-06-21,62.32,Paid,5,2026-06-26
714827,909439,228,2026-06-21,131.71,Paid,15,2026-07-06
714828,914167,356,2026-06-21,127.14,Paid,12,2026-07-03
714829,906122,155,2026-06-22,61.49,Paid,5,2026-06-27
714830,900621,15,2026-06-23,86.65,Paid,4,2026-06-27
714831,907115,178,2026-06-23,57.72,Paid,13,2026-07-06
714832,905461,140,2026-06-22,61.84,Paid,11,2026-07-03
714833,914007,353,2026-06-22,61.5,Paid,0,2026-06-22
714834,914751,371,2026-06-22,95.29,Paid,8,2026-06-30
714835,905592,143,2026-06-22,55.25,Paid,0,2026-06-22
714836,901478,36,2026-06-22,76.86,Paid,1,2026-06-23
714837,905934,149,2026-06-21,51.89,Paid,2,2026-06-23
714838,914451,363,2026-06-22,57.92,Paid,4,2026-06-26
714839,906919,175,2026-06-22,93.2,Paid,25,2026-07-17
714840,912213,307,2026-06-22,90.12,Paid,17,2026-07-09
714841,916654,414,2026-06-22,86.49,Paid,14,2026-07-06
714842,916641,414,2026-06-23,56.44,Paid,0,2026-06-23
714843,917591,314,2026-06-23,2870.43,Paid,23,2026-07-16
714844,916391,409,2026-06-21,77.91,Paid,0,2026-06-21
714845,901960,45,2026-06-21,55.05,Paid,8,2026-06-29
714846,901978,45,2026-06-21,93.04,Paid,7,2026-06-28
714847,915985,398,2026-06-21,68.91,Paid,13,2026-07-04
714848,912238,308,2026-06-23,54.89,Paid,19,2026-07-12
714849,908397,203,2026-06-23,78.1,Paid,9,2026-07-02
714850,909355,227,2026-06-23,61.6,Paid,13,2026-07-06
714851,909464,229,2026-06-22,58.82,Paid,4,2026-06-26
714852,915876,395,2026-06-21,56.59,Paid,0,2026-06-21
714853,903340,85,2026-06-23,83.15,Paid,4,2026-06-27
714854,901431,35,2026-06-23,92.29,Paid,12,2026-07-05
714855,912251,308,2026-06-21,89.89,Paid,8,2026-06-29
714856,912691,322,2026-06-23,123.45,Paid,0,2026-06-23
714857,908594,206,2026-06-23,62.88,Paid,15,2026-07-08
714858,907826,192,2026-06-22,123.88,Paid,7,2026-06-29
714859,912751,323,2026-06-22,68.32,Paid,24,2026-07-16
714860,908255,199,2026-06-21,74.67,Paid,14,2026-07-05
714861,915306,384,2026-06-23,71.74,Paid,3,2026-06-26
714862,912648,320,2026-06-23,77.76,Paid,0,2026-06-23
714863,916701,416,2026-06-21,74.85,Paid,4,2026-06-25
714864,914404,362,2026-06-23,100.14,Paid,15,2026-07-08
714865,904481,114,2026-06-22,104.1,Paid,32,2026-07-24
714866,909257,225,2026-06-22,54.8,Paid,4,2026-06-26
714867,909515,230,2026-06-23,197.88,Paid,6,2026-06-29
714868,916550,412,2026-06-21,127.46,Paid,14,2026-07-05
714869,905479,140,2026-06-22,85.42,Paid,9,2026-07-01
714870,906276,158,2026-06-21,112.73,Paid,7,2026-06-28
714871,907350,182,2026-06-21,58.28,Paid,1,2026-06-22
714872,909214,222,2026-06-21,72.23,Paid,10,2026-07-01
714873,902470,58,2026-06-23,67.07,Paid,13,2026-07-06
714874,905333,138,2026-06-21,55.84,Paid,4,2026-06-25
714875,902693,65,2026-06-22,57.65,Paid,0,2026-06-22
714876,903643,95,2026-06-22,101.91,Paid,31,2026-07-23
714877,910004,242,2026-06-22,77.27,Paid,0,2026-06-22
714878,913582,343,2026-06-23,124.39,Paid,6,2026-06-29
714879,905712,145,2026-06-21,201.46,Paid,0,2026-06-21
714880,914234,357,2026-06-21,130.66,Paid,0,2026-06-21
714881,900941,25,2026-06-23,75.56,Paid,8,2026-07-01
714882,912175,306,2026-06-23,94.15,Paid,0,2026-06-23
714883,911275,281,2026-06-23,53.78,Paid,0,2026-06-23
714884,913160,334,2026-06-24,55.06,Paid,11,2026-07-05
714885,913393,340,2026-06-23,69.23,Paid,28,2026-07-21
714886,917705,371,2026-06-24,435.05,Paid,11,2026-07-05
714887,902754,66,2026-06-22,77.05,Paid,3,2026-06-25
714888,907992,195,2026-06-23,61.28,Paid,0,2026-06-23
714889,909704,234,2026-06-24,58.72,Paid,2,2026-06-26
714890,917041,53,2026-06-22,541.16,Paid,28,2026-07-20
714891,901895,44,2026-06-23,58.83,Paid,16,2026-07-09
714892,904387,111,2026-06-22,54.01,Paid,9,2026-07-01
714893,913527,342,2026-06-22,59.1,Paid,1,2026-06-23
714894,916326,408,2026-06-22,56.23,Paid,8,2026-06-30
714895,902264,53,2026-06-22,86.29,Paid,16,2026-07-08
714896,915574,389,2026-06-22,61.44,Paid,22,2026-07-14
714897,904876,123,2026-06-23,55.58,Paid,11,2026-07-04
714898,901847,43,2026-06-24,81.24,Paid,5,2026-06-29
714899,909021,216,2026-06-22,64.66,Paid,2,2026-06-24
714900,901829,43,2026-06-23,53.47,Paid,14,2026-07-07
714901,906439,164,2026-06-22,59.13,Paid,6,2026-06-28
714902,913668,347,2026-06-24,53.28,Paid,4,2026-06-28
714903,900837,21,2026-06-22,90.06,Paid,11,2026-07-03
714904,900541,14,2026-06-24,65.14,Paid,12,2026-07-06
714905,911648,290,2026-06-23,57.17,Paid,2,2026-06-25
714906,917061,64,2026-06-24,3099.25,Paid,9,2026-07-03
714907,912338,312,2026-06-23,140.07,Paid,21,2026-07-14
714908,912855,328,2026-06-22,73.9,Paid,19,2026-07-11
714909,913607,345,2026-06-24,57.06,Paid,12,2026-07-06
714910,903686,96,2026-06-23,55.94,Paid,10,2026-07-03
714911,910485,254,2026-06-23,66.25,Paid,34,2026-07-27
714912,909270,225,2026-06-23,90.01,Paid,17,2026-07-10
714913,905527,142,2026-06-22,54.77,Paid,0,2026-06-22
714914,903406,86,2026-06-23,54.55,Paid,8,2026-07-01
714915,904529,115,2026-06-24,63.74,Paid,19,2026-07-13
714916,915513,388,2026-06-24,55.97,Paid,12,2026-07-06
714917,917801,412,2026-06-23,654.73,Paid,0,2026-06-23
714918,907864,193,2026-06-23,60.27,Paid,20,2026-07-13
714919,917514,277,2026-06-23,2375.67,Paid,2,2026-06-25
714920,904152,105,2026-06-23,64.5,Paid,13,2026-07-06
714921,907587,187,2026-06-23,58.13,Paid,5,2026-06-28
714922,909083,219,2026-06-24,66.56,Paid,20,2026-07-14
714923,914349,361,2026-06-23,60.2,Paid,10,2026-07-03
714924,904217,107,2026-06-23,56.64,Paid,12,2026-07-05
714925,906651,169,2026-06-23,73.38,Paid,6,2026-06-29
714926,916842,419,2026-06-24,81.9,Paid,14,2026-07-08
714927,900047,1,2026-06-23,54.53,Paid,2,2026-06-25
714928,914560,366,2026-06-23,69.78,Paid,21,2026-07-14
714929,906985,176,2026-06-25,77.27,Paid,10,2026-07-05
714930,915231,382,2026-06-25,65.49,Paid,5,2026-06-30
714931,912922,329,2026-06-23,73.73,Paid,4,2026-06-27
714932,909770,235,2026-06-25,55.68,Paid,0,2026-06-25
714933,906544,166,2026-06-25,61.45,Paid,0,2026-06-25
714934,904943,124,2026-06-23,75.15,Paid,2,2026-06-25
714935,909945,241,2026-06-23,55.99,Paid,0,2026-06-23
714936,915943,397,2026-06-24,60.03,Paid,0,2026-06-24
714937,915018,377,2026-06-25,76.36,Paid,0,2026-06-25
714938,913198,335,2026-06-24,60.3,Paid,5,2026-06-29
714939,905657,144,2026-06-25,54.87,Paid,10,2026-07-05
714940,913570,343,2026-06-25,80.51,Paid,0,2026-06-25
714941,908530,205,2026-06-25,79.34,Paid,0,2026-06-25
714942,907652,188,2026-06-23,62.89,Paid,18,2026-07-11
714943,903472,87,2026-06-24,55.97,Paid,18,2026-07-12
714944,909601,232,2026-06-23,56.68,Paid,0,2026-06-23
714945,912588,318,2026-06-24,56.37,Paid,0,2026-06-24
714946,916744,417,2026-06-25,57.35,Paid,0,2026-06-25
714947,902953,71,2026-06-24,56.5,Paid,0,2026-06-24
714948,902821,69,2026-06-25,58.0,Paid,18,2026-07-13
714949,911377,283,2026-06-23,117.77,Paid,2,2026-06-25
714950,914881,374,2026-06-25,78.47,Paid,8,2026-07-03
714951,903918,100,2026-06-25,119.75,Paid,0,2026-06-25
714952,902513,60,2026-06-23,58.02,Paid,17,2026-07-10
714953,905760,146,2026-06-23,56.57,Paid,9,2026-07-02
714954,911075,274,2026-06-25,82.3,Paid,0,2026-06-25
714955,903857,99,2026-06-26,81.53,Paid,0,2026-06-26
714956,910797,266,2026-06-24,53.35,Paid,0,2026-06-24
714957,906222,157,2026-06-24,60.39,Paid,5,2026-06-29
714958,908189,198,2026-06-24,116.02,Paid,12,2026-07-06
714959,908913,213,2026-06-26,128.84,Paid,11,2026-07-07
714960,917261,152,2026-06-25,1910.63,Paid,0,2026-06-25
714961,905972,150,2026-06-25,58.17,Paid,6,2026-07-01
714962,907286,181,2026-06-25,61.25,Paid,0,2026-06-25
714963,917055,61,2026-06-26,3045.79,Paid,32,2026-07-28
714964,900669,16,2026-06-26,55.25,Paid,20,2026-07-16
714965,900229,6,2026-06-26,58.36,Paid,15,2026-07-11
714966,904020,103,2026-06-24,80.07,Paid,11,2026-07-05
714967,905073,126,2026-06-25,74.97,Paid,8,2026-07-03
714968,905700,145,2026-06-25,120.29,Paid,18,2026-07-13
714969,903057,76,2026-06-26,59.56,Paid,7,2026-07-03
714970,917580,309,2026-06-24,237.85,Paid,15,2026-07-09
714971,915677,391,2026-06-26,65.68,Paid,4,2026-06-30
714972,901347,34,2026-06-24,66.44,Paid,17,2026-07-11
714973,911033,270,2026-06-26,54.15,Paid,6,2026-07-02
714974,916088,401,2026-06-25,56.45,Paid,22,2026-07-17
714975,904086,104,2026-06-24,53.43,Paid,17,2026-07-11
714976,908979,215,2026-06-26,127.08,Paid,0,2026-06-26
714977,915150,379,2026-06-24,61.24,Paid,4,2026-06-28
714978,916163,403,2026-06-24,79.04,Paid,7,2026-07-01
714979,906160,156,2026-06-25,60.29,Paid,7,2026-07-02
714980,907393,183,2026-06-25,82.07,Paid,6,2026-07-01
714981,911112,275,2026-06-24,57.93,Paid,15,2026-07-09
714982,907784,191,2026-06-26,110.31,Paid,9,2026-07-05
714983,915405,386,2026-06-25,62.3,Paid,17,2026-07-12
714984,907050,177,2026-06-26,55.35,Paid,20,2026-07-16
714985,902307,54,2026-06-26,49.96,Paid,6,2026-07-02
714986,913118,333,2026-06-25,79.2,Paid,6,2026-07-01
714987,903137,79,2026-06-24,56.31,Paid,15,2026-07-09
714988,917464,253,2026-06-25,344.8,Paid,19,2026-07-14
714989,911546,288,2026-06-26,56.6,Paid,14,2026-07-10
714990,905008,125,2026-06-24,79.38,Paid,22,2026-07-16
714991,915471,387,2026-06-24,66.8,Paid,26,2026-07-20
714992,911988,302,2026-06-24,117.18,Paid,14,2026-07-08
714993,908058,196,2026-06-24,59.95,Paid,2,2026-06-26
714994,906047,152,2026-06-25,60.87,Paid,9,2026-07-04
714995,908637,207,2026-06-27,70.0,Paid,21,2026-07-18
714996,915617,390,2026-06-26,56.79,Paid,11,2026-07-07
714997,914283,359,2026-06-25,78.45,Paid,1,2026-06-26
714998,910839,267,2026-06-27,115.49,Paid,11,2026-07-08
714999,915269,383,2026-06-27,61.78,Paid,8,2026-07-05
715000,916223,404,2026-06-27,56.25,Paid,28,2026-07-25
715001,914620,367,2026-06-25,55.47,Paid,4,2026-06-29
715002,908464,204,2026-06-26,58.24,Paid,14,2026-07-10
715003,905892,148,2026-06-26,54.44,Paid,0,2026-06-26
715004,911588,289,2026-06-26,62.54,Paid,13,2026-07-09
715005,908123,197,2026-06-25,77.35,Paid,12,2026-07-07
715006,900777,19,2026-06-25,56.72,Paid,9,2026-07-04
715007,911173,279,2026-06-27,55.44,Paid,0,2026-06-27
715008,913844,350,2026-06-26,59.42,Paid,3,2026-06-29
715009,912551,317,2026-06-26,83.5,Paid,7,2026-07-03
715010,912471,314,2026-06-26,66.92,Paid,17,2026-07-13
715011,911443,286,2026-06-26,56.11,Paid,19,2026-07-15
715012,911819,295,2026-06-26,67.4,Paid,17,2026-07-13
715013,917372,204,2026-06-26,468.89,Paid,8,2026-07-04
715014,904735,120,2026-06-25,77.5,Paid,17,2026-07-12
715015,910183,248,2026-06-27,117.21,Paid,15,2026-07-12
715016,906609,167,2026-06-25,56.67,Paid,0,2026-06-25
715017,912405,313,2026-06-27,118.52,Paid,11,2026-07-08
715018,913904,351,2026-06-26,58.7,Paid,16,2026-07-12
715019,909836,236,2026-06-27,119.15,Paid,18,2026-07-15
715020,911923,299,2026-06-25,59.12,Paid,1,2026-06-26
715021,916046,399,2026-06-27,59.73,Paid,7,2026-07-04
715022,902368,55,2026-06-25,78.69,Paid,19,2026-07-14
715023,910085,246,2026-06-25,65.94,Paid,18,2026-07-13
715024,908853,212,2026-06-25,68.42,Paid,25,2026-07-20
715025,900187,4,2026-06-25,82.16,Paid,5,2026-06-30
715026,914518,365,2026-06-26,58.61,Paid,10,2026-07-06
715027,904633,118,2026-06-25,63.95,Paid,2,2026-06-27
715028,900127,3,2026-06-25,86.96,Paid,0,2026-06-25
715029,906264,158,2026-06-27,62.07,Paid,29,2026-07-26
715030,910627,259,2026-06-26,116.57,Paid,0,2026-06-26
715031,901008,27,2026-06-25,74.76,Paid,7,2026-07-02
715032,912091,304,2026-06-25,100.71,Paid,18,2026-07-13
715033,901244,31,2026-06-27,124.04,Paid,5,2026-07-02
715034,900432,11,2026-06-25,61.51,Paid,15,2026-07-10
715035,910901,268,2026-06-26,56.69,Paid,4,2026-06-30
715036,908299,200,2026-06-28,68.13,Paid,12,2026-07-10
715037,910354,251,2026-06-28,56.97,Paid,6,2026-07-04
715038,907220,180,2026-06-28,81.77,Paid,0,2026-06-28
715039,903341,85,2026-06-27,79.22,Paid,0,2026-06-27
715040,915085,378,2026-06-28,119.68,Paid,10,2026-07-08
715041,913802,349,2026-06-28,116.03,Paid,5,2026-07-03
715042,900267,7,2026-06-26,60.48,Paid,0,2026-06-26
715043,909422,228,2026-06-26,81.95,Paid,7,2026-07-03
715044,910967,269,2026-06-28,58.88,Paid,9,2026-07-07
715045,900328,9,2026-06-28,58.97,Paid,12,2026-07-10
715046,902651,64,2026-06-26,90.01,Paid,15,2026-07-11
715047,907719,190,2026-06-28,96.34,Paid,24,2026-07-22
715048,901621,39,2026-06-27,56.02,Paid,18,2026-07-15
715049,916599,413,2026-06-26,76.32,Paid,16,2026-07-12
715050,910420,252,2026-06-28,61.89,Paid,0,2026-06-28
715051,905827,147,2026-06-27,58.04,Paid,10,2026-07-07
715052,914217,357,2026-06-27,75.06,Paid,0,2026-06-27
715053,906755,171,2026-06-27,76.4,Paid,11,2026-07-08
715054,917066,65,2026-06-28,2870.25,Paid,9,2026-07-07
715055,912031,303,2026-06-26,73.81,Paid,15,2026-07-11
715056,900735,18,2026-06-28,54.29,Paid,13,2026-07-11
715057,915744,393,2026-06-27,83.48,Paid,7,2026-07-04
715058,908811,211,2026-06-26,68.12,Paid,31,2026-07-27
715059,902131,51,2026-06-26,67.25,Paid,12,2026-07-08
715060,903578,92,2026-06-27,79.84,Paid,10,2026-07-07
715061,913260,336,2026-06-27,80.25,Paid,7,2026-07-04
715062,914839,373,2026-06-28,59.21,Paid,0,2026-06-28
715063,917807,415,2026-06-26,255.16,Paid,12,2026-07-08
715064,905154,132,2026-06-28,60.08,Paid,0,2026-06-28
715065,902551,61,2026-06-26,67.93,Paid,22,2026-07-18
715066,916908,420,2026-06-27,79.79,Paid,0,2026-06-27
715067,901414,35,2026-06-27,61.46,Paid,25,2026-07-22
715068,911716,293,2026-06-26,60.55,Paid,7,2026-07-03
715069,914958,376,2026-06-27,76.83,Paid,14,2026-07-11
715070,902888,70,2026-06-28,65.77,Paid,13,2026-07-11
715071,909149,221,2026-06-26,107.13,Paid,2,2026-06-28
715072,901140,29,2026-06-27,94.14,Paid,41,2026-08-07
715073,907454,184,2026-06-28,83.0,Paid,0,2026-06-28
715074,903748,97,2026-06-28,80.69,Paid,2,2026-06-30
715075,901074,28,2026-06-28,57.4,Paid,4,2026-07-02
715076,912158,306,2026-06-27,62.82,Paid,3,2026-06-30
715077,903516,88,2026-06-26,68.95,Paid,20,2026-07-16
715078,904322,110,2026-06-26,59.46,Paid,28,2026-07-24
715079,909903,238,2026-06-27,58.15,Paid,3,2026-06-30
715080,904572,116,2026-06-28,55.93,Paid,0,2026-06-28
715081,902027,47,2026-06-27,53.09,Paid,4,2026-07-01
715082,907927,194,2026-06-27,58.21,Paid,7,2026-07-04
715083,913461,341,2026-06-28,58.09,Paid,4,2026-07-02
715084,915811,394,2026-06-27,63.82,Paid,23,2026-07-20
715085,913327,339,2026-06-29,53.68,Paid,15,2026-07-14
715086,905291,137,2026-06-29,85.38,Paid,4,2026-07-03
715087,906483,165,2026-06-29,58.53,Paid,0,2026-06-29
715088,914701,370,2026-06-29,81.91,Paid,0,2026-06-29
715089,914150,356,2026-06-28,93.64,Paid,1,2026-06-29
715090,903199,81,2026-06-27,93.25,Paid,34,2026-07-31
715091,910694,261,2026-06-28,54.88,Paid,1,2026-06-29
715092,906855,173,2026-06-29,81.5,Paid,5,2026-07-04
715093,911216,280,2026-06-29,52.61,Paid,0,2026-06-29
715094,902070,48,2026-06-28,58.42,Paid,17,2026-07-15
715095,902198,52,2026-06-29,128.01,Paid,0,2026-06-29
715096,912988,330,2026-06-29,53.83,Paid,6,2026-07-05
715097,903815,98,2026-06-29,57.22,Paid,10,2026-07-09
715098,916495,411,2026-06-29,120.63,Paid,0,2026-06-29
715099,913735,348,2026-06-29,58.39,Paid,8,2026-07-07
715100,905116,129,2026-06-27,81.27,Paid,8,2026-07-05
715101,917134,97,2026-06-29,744.63,Paid,20,2026-07-19
715102,901725,41,2026-06-29,56.11,Paid,10,2026-07-09
715103,914920,375,2026-06-28,58.97,Paid,15,2026-07-13
715104,911862,298,2026-06-28,57.52,Paid,9,2026-07-07
715105,907521,186,2026-06-27,55.27,Paid,0,2026-06-27
715106,917544,293,2026-06-29,6106.61,Paid,6,2026-07-05
715107,905396,139,2026-06-28,63.06,Paid,3,2026-07-01
715108,908595,206,2026-06-30,61.84,Paid,10,2026-07-10
715109,908256,199,2026-06-28,77.81,Paid,2,2026-06-30
715110,917297,169,2026-06-28,3305.29,Paid,28,2026-07-26
715111,911276,281,2026-06-30,59.04,Paid,0,2026-06-30
715112,907351,182,2026-06-29,55.1,Paid,15,2026-07-14
715113,911318,282,2026-06-29,126.12,Paid,6,2026-07-05
715114,914452,363,2026-06-29,57.21,Paid,23,2026-07-22
715115,912752,323,2026-06-29,76.06,Paid,23,2026-07-22
715116,907116,178,2026-06-28,56.58,Paid,4,2026-07-02
715117,903960,102,2026-06-28,72.94,Paid,21,2026-07-19
715118,910287,250,2026-06-28,84.88,Paid,10,2026-07-08
715119,911485,287,2026-06-28,58.18,Paid,0,2026-06-28
715120,916702,416,2026-06-28,72.6,Paid,10,2026-07-08
715121,916392,409,2026-06-28,84.07,Paid,7,2026-07-05
715122,916434,410,2026-06-30,90.94,Paid,16,2026-07-16
715123,905229,135,2026-06-30,61.54,Paid,7,2026-07-07
715124,905658,144,2026-06-28,60.21,Paid,11,2026-07-09
715125,914050,354,2026-06-28,58.57,Paid,32,2026-07-30
715126,913528,342,2026-06-29,57.07,Paid,10,2026-07-09
715127,900604,15,2026-06-30,54.75,Paid,0,2026-06-30
715128,914008,353,2026-06-29,53.66,Paid,3,2026-07-02
715129,909215,222,2026-06-28,73.23,Paid,2,2026-06-30
715130,905761,146,2026-06-30,54.5,Paid,4,2026-07-04
715131,911378,283,2026-06-28,116.62,Paid,0,2026-06-28
715132,913053,331,2026-06-28,57.3,Paid,5,2026-07-03
715133,905593,143,2026-06-28,58.07,Paid,9,2026-07-07
715134,909356,227,2026-06-29,60.86,Paid,7,2026-07-06
715135,910005,242,2026-06-28,82.41,Paid,15,2026-07-13
715136,905462,140,2026-06-29,54.72,Paid,10,2026-07-09
715137,904675,119,2026-06-29,62.78,Paid,3,2026-07-02
715138,901664,40,2026-06-29,55.26,Paid,0,2026-06-29
715139,903407,86,2026-07-01,55.99,Paid,4,2026-07-05
715140,900881,22,2026-07-01,72.29,Paid,14,2026-07-15
715141,901896,44,2026-06-29,58.7,Paid,15,2026-07-14
715142,913947,352,2026-07-01,106.95,Paid,3,2026-07-04
715143,906440,164,2026-07-01,57.78,Paid,7,2026-07-08
715144,900838,21,2026-06-30,90.31,Paid,21,2026-07-21
715145,906378,163,2026-06-29,77.48,Paid,8,2026-07-07
715146,910486,254,2026-06-29,67.95,Paid,21,2026-07-20
715147,907653,188,2026-06-29,64.98,Paid,9,2026-07-08
715148,902755,66,2026-07-01,80.63,Paid,13,2026-07-14
715149,907993,195,2026-07-01,59.11,Paid,7,2026-07-08
715150,905528,142,2026-07-01,58.74,Paid,4,2026-07-05
715151,912856,328,2026-06-30,69.77,Paid,14,2026-07-14
715152,912795,324,2026-06-29,59.84,Paid,6,2026-07-05
715153,915151,379,2026-06-29,56.88,Paid,0,2026-06-29
715154,914739,371,2026-06-30,54.71,Paid,5,2026-07-05
715155,915575,389,2026-06-29,55.69,Paid,13,2026-07-12
715156,904021,103,2026-07-01,83.34,Paid,14,2026-07-15
715157,906085,153,2026-06-29,74.97,Paid,2,2026-07-01
715158,903473,87,2026-07-01,59.29,Paid,14,2026-07-15
715159,906920,175,2026-07-01,96.25,Paid,8,2026-07-09
715160,900499,13,2026-06-29,57.33,Paid,11,2026-07-10
715161,916782,418,2026-06-29,57.16,Paid,4,2026-07-03
715162,908749,210,2026-06-30,56.97,Paid,0,2026-06-30
715163,902265,53,2026-06-30,91.48,Paid,30,2026-07-30
715164,901961,45,2026-06-30,58.77,Paid,0,2026-06-30
715165,901830,43,2026-06-29,56.68,Paid,0,2026-06-29
715166,911649,290,2026-07-01,56.05,Paid,11,2026-07-12
715167,908712,209,2026-06-29,55.99,Paid,11,2026-07-10
715168,912339,312,2026-06-30,130.19,Paid,7,2026-07-07
715169,917740,386,2026-07-01,371.82,Paid,0,2026-07-01
715170,903644,95,2026-07-01,98.08,Paid,5,2026-07-06
715171,904388,111,2026-07-01,56.99,Paid,0,2026-07-01
715172,916327,408,2026-06-29,62.43,Paid,11,2026-07-10
715173,900942,25,2026-06-30,74.46,Paid,7,2026-07-07
715174,912649,320,2026-06-30,80.0,Paid,6,2026-07-06
715175,913669,347,2026-07-01,62.88,Paid,14,2026-07-15
715176,906712,170,2026-07-01,80.85,Paid,21,2026-07-22
715177,908190,198,2026-06-30,116.84,Paid,13,2026-07-13
715178,909705,234,2026-07-01,60.46,Paid,0,2026-07-01
715179,913394,340,2026-06-29,64.18,Paid,16,2026-07-15
715180,904877,123,2026-07-01,57.06,Paid,0,2026-07-01
715181,904530,115,2026-07-02,66.83,Paid,26,2026-07-28
715182,902411,57,2026-07-02,69.36,Paid,13,2026-07-15
715183,901479,36,2026-07-02,78.47,Paid,15,2026-07-17
715184,902471,58,2026-07-02,68.65,Paid,26,2026-07-28
715185,902954,71,2026-07-02,53.84,Paid,1,2026-07-03
715186,916224,404,2026-07-01,64.59,Paid,4,2026-07-05
715187,903919,100,2026-07-01,108.7,Paid,2,2026-07-03
715188,914088,355,2026-07-02,63.9,Paid,0,2026-07-02
715189,904153,105,2026-06-30,63.56,Paid,10,2026-07-10
715190,908398,203,2026-07-01,79.6,Paid,11,2026-07-12
715191,900371,10,2026-06-30,57.3,Paid,0,2026-06-30
715192,907159,179,2026-07-02,94.1,Paid,20,2026-07-22
715193,904944,124,2026-06-30,79.65,Paid,6,2026-07-06
715194,906010,151,2026-06-30,54.75,Paid,10,2026-07-10
715195,902589,62,2026-07-02,79.04,Paid,8,2026-07-10
715196,911034,270,2026-06-30,60.07,Paid,9,2026-07-09
715197,901522,37,2026-06-30,71.37,Paid,27,2026-07-27
715198,914350,361,2026-06-30,54.51,Paid,1,2026-07-01
715199,902822,69,2026-07-02,53.55,Paid,0,2026-07-02
715200,915944,397,2026-07-02,56.32,Paid,0,2026-07-02
715201,915019,377,2026-07-01,74.71,Paid,32,2026-08-02
715202,916843,419,2026-07-02,85.96,Paid,3,2026-07-05
715203,906986,176,2026-06-30,77.52,Paid,1,2026-07-01
715204,917359,197,2026-06-30,822.76,Paid,9,2026-07-09
715205,909084,219,2026-07-02,62.4,Paid,20,2026-07-22
715206,906545,166,2026-07-02,59.17,Paid,9,2026-07-11
715207,915877,395,2026-07-02,60.02,Paid,0,2026-07-02
715208,904218,107,2026-06-30,54.32,Paid,16,2026-07-16
715209,908531,205,2026-06-30,82.09,Paid,1,2026-07-01
715210,909771,235,2026-07-01,58.68,Paid,10,2026-07-11
715211,907588,187,2026-07-01,58.59,Paid,0,2026-07-01
715212,914663,368,2026-07-02,59.12,Paid,8,2026-07-10
715213,909602,232,2026-07-01,56.85,Paid,11,2026-07-12
715214,908914,213,2026-07-01,124.14,Paid,16,2026-07-17
715215,915345,385,2026-07-02,78.17,Paid,0,2026-07-02
715216,904260,109,2026-07-01,60.6,Paid,6,2026-07-07
715217,911547,288,2026-07-02,59.74,Paid,1,2026-07-03
715218,916126,402,2026-07-02,67.43,Paid,16,2026-07-18
715219,915472,387,2026-07-01,67.46,Paid,30,2026-07-31
715220,903058,76,2026-07-01,55.71,Paid,0,2026-07-01
715221,908059,196,2026-07-02,55.81,Paid,0,2026-07-02
715222,910798,266,2026-07-03,61.73,Paid,15,2026-07-18
715223,910628,259,2026-07-02,120.27,Paid,5,2026-07-07
715224,900048,1,2026-07-02,59.54,Paid,0,2026-07-02
715225,909837,236,2026-07-03,112.46,Paid,2,2026-07-05
715226,901348,34,2026-07-02,69.12,Paid,29,2026-07-31
715227,900090,2,2026-07-01,58.72,Paid,12,2026-07-13
715228,915194,381,2026-07-03,78.9,Paid,0,2026-07-03
715229,912201,307,2026-07-01,61.91,Paid,4,2026-07-05
715230,915406,386,2026-07-01,54.13,Paid,22,2026-07-23
715231,904087,104,2026-07-03,56.33,Paid,0,2026-07-03
715232,907051,177,2026-07-02,59.72,Paid,3,2026-07-05
715233,906223,157,2026-07-02,56.19,Paid,13,2026-07-15
715234,915678,391,2026-07-01,71.24,Paid,10,2026-07-11
715235,908980,215,2026-07-02,116.89,Paid,12,2026-07-14
715236,907287,181,2026-07-01,53.75,Paid,0,2026-07-01
715237,905074,126,2026-07-01,82.81,Paid,5,2026-07-06
715238,906793,172,2026-07-01,57.29,Paid,1,2026-07-02
715239,901768,42,2026-07-01,75.8,Paid,8,2026-07-09
715240,903100,77,2026-07-02,67.04,Paid,7,2026-07-09
715241,906302,159,2026-07-01,97.43,Paid,12,2026-07-13
715242,911989,302,2026-07-01,117.77,Paid,0,2026-07-01
715243,911759,294,2026-07-03,96.2,Paid,13,2026-07-16
715244,905009,125,2026-07-02,75.27,Paid,4,2026-07-06
715245,901009,27,2026-07-04,79.54,Paid,0,2026-07-04
715246,914519,365,2026-07-04,61.51,Paid,4,2026-07-08
715247,912923,329,2026-07-04,66.31,Paid,26,2026-07-30
715248,912514,316,2026-07-02,121.8,Paid,0,2026-07-02
715249,912472,314,2026-07-02,71.22,Paid,19,2026-07-21
715250,909503,230,2026-07-03,119.29,Paid,13,2026-07-16
715251,910567,256,2026-07-04,54.09,Paid,0,2026-07-04
715252,911174,279,2026-07-04,57.33,Paid,8,2026-07-12
715253,908124,197,2026-07-02,86.36,Paid,12,2026-07-14
715254,909296,226,2026-07-04,82.8,Paid,26,2026-07-30
715255,916266,406,2026-07-03,51.9,Paid,16,2026-07-19
715256,900433,11,2026-07-02,60.1,Paid,2,2026-07-04
715257,914284,359,2026-07-02,81.96,Paid,3,2026-07-05
715258,904634,118,2026-07-02,60.52,Paid,0,2026-07-02
715259,910529,255,2026-07-02,56.83,Paid,4,2026-07-06
715260,910184,248,2026-07-04,111.57,Paid,5,2026-07-09
715261,904778,121,2026-07-03,66.56,Paid,10,2026-07-13
715262,904469,114,2026-07-03,65.49,Paid,31,2026-08-03
715263,912406,313,2026-07-03,109.97,Paid,11,2026-07-14
715264,913905,351,2026-07-02,61.96,Paid,3,2026-07-05
715265,902369,55,2026-07-02,88.1,Paid,35,2026-08-06
715266,908465,204,2026-07-04,57.69,Paid,7,2026-07-11
715267,916047,399,2026-07-03,60.48,Paid,0,2026-07-03
715268,912092,304,2026-07-03,88.75,Paid,15,2026-07-18
715269,904736,120,2026-07-03,82.55,Paid,12,2026-07-15
715270,901245,31,2026-07-04,117.89,Paid,14,2026-07-18
715271,914621,367,2026-07-02,57.88,Paid,4,2026-07-06
715272,911924,299,2026-07-02,54.85,Paid,0,2026-07-02
715273,905893,148,2026-07-03,60.0,Paid,4,2026-07-07
715274,908812,211,2026-07-04,69.42,Paid,19,2026-07-23
715275,903579,92,2026-07-03,83.6,Paid,7,2026-07-10
715276,909541,231,2026-07-04,82.97,Paid,2,2026-07-06
715277,901075,28,2026-07-03,56.37,Paid,2,2026-07-05
715278,913803,349,2026-07-05,117.97,Paid,0,2026-07-05
715279,906340,161,2026-07-04,53.92,Paid,0,2026-07-04
715280,901141,29,2026-07-04,86.31,Paid,21,2026-07-25
715281,911717,293,2026-07-03,55.68,Paid,0,2026-07-03
715282,907785,191,2026-07-03,116.46,Paid,15,2026-07-18
715283,917562,301,2026-07-03,620.8,Paid,6,2026-07-09
715284,914218,357,2026-07-05,69.2,Paid,0,2026-07-05
715285,903749,97,2026-07-03,75.73,Paid,0,2026-07-03
715286,917401,222,2026-07-04,658.76,Paid,0,2026-07-04
715287,908675,208,2026-07-05,112.4,Paid,0,2026-07-05
715288,915086,378,2026-07-05,120.84,Paid,6,2026-07-11
715289,901287,32,2026-07-03,53.87,Paid,6,2026-07-09
715290,909150,221,2026-07-03,116.7,Paid,11,2026-07-14
715291,908337,201,2026-07-03,56.65,Paid,0,2026-07-03
715292,900670,16,2026-07-04,60.25,Paid,32,2026-08-05
715293,915745,393,2026-07-03,80.02,Paid,1,2026-07-04
715294,902132,51,2026-07-03,68.88,Paid,8,2026-07-11
715295,910902,268,2026-07-03,62.11,Paid,11,2026-07-14
715296,907455,184,2026-07-04,88.38,Paid,9,2026-07-13
715297,913261,336,2026-07-03,83.86,Paid,16,2026-07-19
715298,904323,110,2026-07-05,73.08,Paid,30,2026-08-04
715299,913119,333,2026-07-05,73.46,Paid,8,2026-07-13
715300,916909,420,2026-07-04,74.91,Paid,10,2026-07-14
715301,901415,35,2026-07-05,55.49,Paid,12,2026-07-17
715302,902889,70,2026-07-03,63.47,Paid,36,2026-08-08
715303,909904,238,2026-07-04,56.35,Paid,13,2026-07-17
715304,910355,251,2026-07-05,57.13,Paid,10,2026-07-15
715305,912159,306,2026-07-05,61.98,Paid,10,2026-07-15
715306,903242,83,2026-07-03,55.46,Paid,19,2026-07-22
715307,904816,122,2026-07-03,93.3,Paid,23,2026-07-26
715308,903342,85,2026-07-03,79.78,Paid,9,2026-07-12
715309,905828,147,2026-07-03,55.27,Paid,15,2026-07-18
715310,909423,228,2026-07-04,73.88,Paid,23,2026-07-27
715311,910421,252,2026-07-03,60.98,Paid,0,2026-07-03
715312,914777,372,2026-07-04,127.39,Paid,17,2026-07-21
715313,914840,373,2026-07-04,55.58,Paid,0,2026-07-04
715314,901560,38,2026-07-04,57.48,Paid,0,2026-07-04
715315,917027,48,2026-07-05,385.43,Paid,1,2026-07-06
715316,900736,18,2026-07-05,62.86,Paid,8,2026-07-13
715317,910968,269,2026-07-03,60.55,Paid,4,2026-07-07
715318,907720,190,2026-07-04,92.1,Paid,17,2026-07-21
715319,907221,180,2026-07-05,75.15,Paid,1,2026-07-06
715320,900188,4,2026-07-03,82.85,Paid,1,2026-07-04
715321,900329,9,2026-07-03,56.94,Paid,11,2026-07-14
715322,901622,39,2026-07-03,56.36,Paid,3,2026-07-06
715323,903280,84,2026-07-06,57.04,Paid,0,2026-07-06
715324,913736,348,2026-07-04,55.08,Paid,16,2026-07-20
715325,900500,13,2026-07-04,59.04,Paid,18,2026-07-22
715326,910288,250,2026-07-06,80.22,Paid,1,2026-07-07
715327,907522,186,2026-07-06,59.57,Paid,0,2026-07-06
715328,911820,295,2026-07-04,69.73,Paid,29,2026-08-02
715329,903816,98,2026-07-04,59.39,Paid,8,2026-07-12
715330,912277,309,2026-07-05,61.07,Paid,0,2026-07-05
715331,901726,41,2026-07-06,57.54,Paid,3,2026-07-09
715332,910048,245,2026-07-06,71.29,Paid,6,2026-07-12
715333,905192,133,2026-07-05,57.18,Paid,16,2026-07-21
715334,910123,247,2026-07-05,60.4,Paid,17,2026-07-22
715335,903200,81,2026-07-04,93.59,Paid,30,2026-08-03
715336,912989,330,2026-07-04,55.4,Paid,0,2026-07-04
715337,914151,356,2026-07-04,74.28,Paid,10,2026-07-14
715338,910226,249,2026-07-05,74.32,Paid,5,2026-07-10
715339,900605,15,2026-07-04,60.0,Paid,5,2026-07-09
715340,907928,194,2026-07-06,57.65,Paid,5,2026-07-11
715341,916496,411,2026-07-04,117.95,Paid,2,2026-07-06
715342,910695,261,2026-07-06,60.85,Paid,0,2026-07-06
715343,911444,286,2026-07-05,57.09,Paid,4,2026-07-09
715344,906610,167,2026-07-06,58.71,Paid,4,2026-07-10
715345,902199,52,2026-07-04,113.43,Paid,12,2026-07-16
715346,901183,30,2026-07-04,54.67,Paid,2,2026-07-06
715347,916538,412,2026-07-04,78.31,Paid,2,2026-07-06
715348,906856,173,2026-07-04,78.55,Paid,19,2026-07-23
715349,909644,233,2026-07-05,79.63,Paid,0,2026-07-05
715350,913462,341,2026-07-05,59.37,Paid,0,2026-07-05
715351,917786,405,2026-07-05,1622.42,Paid,8,2026-07-13
715352,910737,262,2026-07-05,66.0,Paid,6,2026-07-11
715353,913529,342,2026-07-04,54.85,Paid,7,2026-07-11
715354,915812,394,2026-07-04,68.01,Paid,13,2026-07-17
715355,902028,47,2026-07-04,54.61,Paid,6,2026-07-10
715356,913328,339,2026-07-04,59.75,Paid,7,2026-07-11
715357,902652,64,2026-07-07,83.51,Paid,5,2026-07-12
715358,909258,225,2026-07-07,57.52,Paid,8,2026-07-15
715359,903645,95,2026-07-06,98.77,Paid,26,2026-08-01
715360,916600,413,2026-07-05,76.51,Paid,1,2026-07-06
715361,915307,384,2026-07-06,69.65,Paid,26,2026-08-01
715362,905292,137,2026-07-07,82.72,Paid,5,2026-07-12
715363,902472,58,2026-07-05,57.68,Paid,23,2026-07-28
715364,914882,374,2026-07-07,82.84,Paid,3,2026-07-10
715365,916703,416,2026-07-06,82.73,Paid,16,2026-07-22
715366,906713,170,2026-07-07,82.39,Paid,14,2026-07-21
715367,905334,138,2026-07-07,56.99,Paid,10,2026-07-17
715368,912650,320,2026-07-07,78.13,Paid,15,2026-07-22
715369,907827,192,2026-07-07,124.06,Paid,3,2026-07-10
715370,906921,175,2026-07-07,93.07,Paid,20,2026-07-27
715371,915232,382,2026-07-05,66.12,Paid,19,2026-07-24
715372,902694,65,2026-07-05,56.58,Paid,15,2026-07-20
715373,914392,362,2026-07-06,56.34,Paid,25,2026-07-31
715374,907352,182,2026-07-07,55.14,Paid,0,2026-07-07
715375,913054,331,2026-07-05,50.36,Paid,7,2026-07-12
715376,909216,222,2026-07-06,81.14,Paid,6,2026-07-12
715377,914009,353,2026-07-06,55.36,Paid,0,2026-07-06
715378,908399,203,2026-07-06,76.35,Paid,10,2026-07-16
715379,905594,143,2026-07-07,54.43,Paid,6,2026-07-13
715380,911379,283,2026-07-07,127.72,Paid,16,2026-07-23
715381,915878,395,2026-07-07,57.78,Paid,6,2026-07-13
715382,912692,322,2026-07-06,109.41,Paid,14,2026-07-20
715383,911277,281,2026-07-07,52.77,Paid,17,2026-07-24
715384,916393,409,2026-07-07,82.02,Paid,12,2026-07-19
715385,905463,140,2026-07-05,57.46,Paid,7,2026-07-12
715386,909357,227,2026-07-07,57.08,Paid,5,2026-07-12
715387,908596,206,2026-07-06,58.37,Paid,5,2026-07-11
715388,904431,113,2026-07-05,56.72,Paid,0,2026-07-05
715389,916642,414,2026-07-06,55.27,Paid,13,2026-07-19
715390,912239,308,2026-07-06,61.8,Paid,7,2026-07-13
715391,906123,155,2026-07-07,60.53,Paid,6,2026-07-13
715392,901962,45,2026-07-05,58.44,Paid,15,2026-07-20
715393,905935,149,2026-07-06,55.92,Paid,0,2026-07-06
715394,901480,36,2026-07-06,74.88,Paid,7,2026-07-13
715395,902996,72,2026-07-06,84.35,Paid,0,2026-07-06
715396,907117,178,2026-07-05,55.36,Paid,18,2026-07-23
715397,910006,242,2026-07-05,81.38,Paid,0,2026-07-05
715398,909465,229,2026-07-07,52.41,Paid,0,2026-07-07
715399,900943,25,2026-07-06,77.87,Paid,0,2026-07-06
715400,911650,290,2026-07-07,59.13,Paid,16,2026-07-23
715401,915576,389,2026-07-06,58.41,Paid,1,2026-07-07
715402,907994,195,2026-07-07,59.33,Paid,2,2026-07-09
715403,908191,198,2026-07-06,120.78,Paid,13,2026-07-19
715404,902266,53,2026-07-07,87.24,Paid,25,2026-08-01
715405,900542,14,2026-07-06,65.02,Paid,3,2026-07-09
715406,909022,216,2026-07-08,60.0,Paid,2,2026-07-10
715407,907865,193,2026-07-08,58.92,Paid,1,2026-07-09
715408,917387,212,2026-07-08,422.09,Paid,19,2026-07-27
715409,909706,234,2026-07-08,55.78,Paid,6,2026-07-14
715410,901897,44,2026-07-08,57.68,Paid,8,2026-07-16
715411,910487,254,2026-07-06,72.56,Paid,21,2026-07-27
715412,900839,21,2026-07-08,92.5,Paid,28,2026-08-05
715413,915986,398,2026-07-07,69.27,Paid,21,2026-07-28
715414,907654,188,2026-07-07,70.22,Paid,17,2026-07-24
715415,917124,91,2026-07-07,1126.79,Paid,1,2026-07-08
715416,916328,408,2026-07-07,55.51,Paid,8,2026-07-15
715417,913608,345,2026-07-08,53.51,Paid,12,2026-07-20
715418,906161,156,2026-07-08,60.91,Paid,0,2026-07-08
715419,906441,164,2026-07-07,60.43,Paid,11,2026-07-18
715420,912857,328,2026-07-08,60.56,Paid,22,2026-07-30
715421,904878,123,2026-07-08,56.49,Paid,21,2026-07-29
715422,913395,340,2026-07-08,67.94,Paid,34,2026-08-11
715423,904389,111,2026-07-08,59.3,Paid,0,2026-07-08
715424,913161,334,2026-07-07,52.77,Paid,6,2026-07-13
715425,905529,142,2026-07-07,62.99,Paid,4,2026-07-11
715426,915152,379,2026-07-07,61.31,Paid,1,2026-07-08
715427,905397,139,2026-07-06,55.72,Paid,13,2026-07-19
715428,903408,86,2026-07-06,58.47,Paid,0,2026-07-06
715429,913670,347,2026-07-06,55.93,Paid,0,2026-07-06
715430,902756,66,2026-07-06,83.74,Paid,23,2026-07-29
715431,904022,103,2026-07-07,77.18,Paid,13,2026-07-20
715432,903687,96,2026-07-07,61.34,Paid,18,2026-07-25
715433,912340,312,2026-07-06,141.18,Paid,27,2026-08-02
715434,904531,115,2026-07-08,68.93,Paid,8,2026-07-16
715435,916745,417,2026-07-08,59.42,Paid,31,2026-08-08
715436,909772,235,2026-07-08,52.64,Paid,12,2026-07-20
715437,916225,404,2026-07-08,55.95,Paid,0,2026-07-08
715438,902823,69,2026-07-07,61.48,Paid,5,2026-07-12
715439,908532,205,2026-07-07,75.0,Paid,7,2026-07-14
715440,912753,323,2026-07-08,68.81,Paid,13,2026-07-21
715441,914453,363,2026-07-08,55.33,Paid,0,2026-07-08
715442,904154,105,2026-07-07,59.76,Paid,6,2026-07-13
715443,908257,199,2026-07-07,78.44,Paid,11,2026-07-18
715444,902514,60,2026-07-07,52.44,Paid,8,2026-07-15
715445,905659,144,2026-07-09,58.81,Paid,3,2026-07-12
715446,903920,100,2026-07-08,116.45,Paid,4,2026-07-12
715447,911035,270,2026-07-09,58.14,Paid,5,2026-07-14
715448,913199,335,2026-07-08,61.83,Paid,3,2026-07-11
715449,907589,187,2026-07-09,52.41,Paid,12,2026-07-21
715450,915020,377,2026-07-09,84.7,Paid,2,2026-07-11
715451,900049,1,2026-07-08,59.09,Paid,16,2026-07-24
715452,909085,219,2026-07-08,67.38,Paid,26,2026-08-03
715453,902955,71,2026-07-07,57.4,Paid,0,2026-07-07
715454,917529,286,2026-07-07,600.26,Paid,10,2026-07-17
715455,906652,169,2026-07-07,64.36,Paid,11,2026-07-18
715456,909603,232,2026-07-08,58.44,Paid,0,2026-07-08
715457,912924,329,2026-07-09,65.33,Paid,22,2026-07-31
715458,905762,146,2026-07-07,58.4,Paid,11,2026-07-18
715459,904219,107,2026-07-09,56.9,Paid,17,2026-07-26
715460,906987,176,2026-07-09,79.73,Paid,0,2026-07-09
715461,914561,366,2026-07-08,84.15,Paid,0,2026-07-08
715462,914351,361,2026-07-09,59.98,Paid,10,2026-07-19
715463,915514,388,2026-07-07,58.46,Paid,3,2026-07-10
715464,905701,145,2026-07-10,103.23,Paid,11,2026-07-21
715465,906224,157,2026-07-09,56.69,Paid,22,2026-07-31
715466,903858,99,2026-07-08,85.53,Paid,0,2026-07-08
715467,906546,166,2026-07-10,57.43,Paid,0,2026-07-10
715468,916164,403,2026-07-09,72.1,Paid,6,2026-07-15
715469,900671,16,2026-07-09,55.69,Paid,1,2026-07-10
715470,905010,125,2026-07-08,73.84,Paid,9,2026-07-17
715471,907288,181,2026-07-10,63.01,Paid,4,2026-07-14
715472,915679,391,2026-07-09,70.41,Paid,31,2026-08-09
715473,911990,302,2026-07-10,125.26,Paid,9,2026-07-19
715474,900230,6,2026-07-09,52.82,Paid,12,2026-07-21
715475,903138,79,2026-07-09,58.32,Paid,9,2026-07-18
715476,913120,333,2026-07-10,80.31,Paid,0,2026-07-10
715477,905075,126,2026-07-08,81.5,Paid,6,2026-07-14
715478,907394,183,2026-07-09,87.8,Paid,13,2026-07-22
715479,911548,288,2026-07-09,57.13,Paid,0,2026-07-09
715480,910799,266,2026-07-10,56.98,Paid,19,2026-07-29
715481,910629,259,2026-07-10,112.51,Paid,9,2026-07-19
715482,915945,397,2026-07-09,58.94,Paid,17,2026-07-26
715483,908060,196,2026-07-10,58.62,Paid,10,2026-07-20
715484,905973,150,2026-07-09,60.36,Paid,0,2026-07-09
715485,901349,34,2026-07-08,70.4,Paid,27,2026-08-04
715486,907052,177,2026-07-08,58.92,Paid,0,2026-07-08
715487,906048,152,2026-07-08,52.34,Paid,8,2026-07-16
715488,908915,213,2026-07-09,112.92,Paid,6,2026-07-15
715489,900128,3,2026-07-09,80.53,Paid,10,2026-07-19
715490,901831,43,2026-07-10,57.83,Paid,10,2026-07-20
715491,917651,343,2026-07-10,6852.44,Paid,9,2026-07-19
715492,916844,419,2026-07-08,72.33,Paid,0,2026-07-08
715493,915407,386,2026-07-09,57.53,Paid,17,2026-07-26
715494,911076,274,2026-07-10,82.18,Paid,0,2026-07-10
715495,909838,236,2026-07-08,122.41,Paid,14,2026-07-22
715496,903474,87,2026-07-09,56.11,Paid,10,2026-07-19
715497,902308,54,2026-07-08,53.9,Paid,12,2026-07-20
715498,916089,401,2026-07-08,60.91,Paid,5,2026-07-13
715499,915270,383,2026-07-09,55.77,Paid,0,2026-07-09
715500,904088,104,2026-07-09,60.81,Paid,11,2026-07-20
715501,907786,191,2026-07-09,115.9,Paid,0,2026-07-09
715502,903059,76,2026-07-10,57.52,Paid,0,2026-07-10
715503,915473,387,2026-07-08,56.78,Paid,22,2026-07-30
715504,908981,215,2026-07-10,125.8,Paid,7,2026-07-17
715505,909946,241,2026-07-08,56.59,Paid,10,2026-07-18
715506,911113,275,2026-07-10,56.19,Paid,11,2026-07-21
715507,906611,167,2026-07-11,53.76,Paid,0,2026-07-11
715508,914520,365,2026-07-11,55.88,Paid,5,2026-07-16
715509,912473,314,2026-07-10,69.22,Paid,8,2026-07-18
715510,913571,343,2026-07-11,78.31,Paid,19,2026-07-30
715511,914622,367,2026-07-10,57.27,Paid,7,2026-07-17
715512,915618,390,2026-07-11,56.14,Paid,0,2026-07-11
715513,914285,359,2026-07-11,75.32,Paid,15,2026-07-26
715514,908125,197,2026-07-10,83.95,Paid,12,2026-07-22
715515,913906,351,2026-07-10,58.36,Paid,0,2026-07-10
715516,910185,248,2026-07-11,120.86,Paid,0,2026-07-11
715517,911175,279,2026-07-10,58.58,Paid,3,2026-07-13
715518,917447,242,2026-07-09,464.16,Paid,10,2026-07-19
715519,916048,399,2026-07-10,58.12,Paid,2,2026-07-12
715520,917706,371,2026-07-11,512.62,Paid,5,2026-07-16
715521,900189,4,2026-07-10,76.33,Paid,2,2026-07-12
715522,900778,19,2026-07-09,61.86,Paid,14,2026-07-23
715523,912093,304,2026-07-11,88.67,Paid,18,2026-07-29
715524,905894,148,2026-07-10,51.89,Paid,0,2026-07-10
715525,901010,27,2026-07-09,84.46,Paid,6,2026-07-15
715526,911445,286,2026-07-10,60.45,Paid,9,2026-07-19
715527,910086,246,2026-07-09,65.98,Paid,16,2026-07-25
715528,900434,11,2026-07-10,55.81,Paid,0,2026-07-10
715529,908638,207,2026-07-09,69.05,Paid,15,2026-07-24
715530,906265,158,2026-07-09,67.98,Paid,23,2026-08-01
715531,904737,120,2026-07-10,78.42,Paid,0,2026-07-10
715532,911589,289,2026-07-09,59.3,Paid,7,2026-07-16
715533,908466,204,2026-07-10,53.25,Paid,8,2026-07-18
715534,912407,313,2026-07-09,125.41,Paid,3,2026-07-12
715535,912589,318,2026-07-09,58.02,Paid,4,2026-07-13
715536,908854,212,2026-07-11,70.77,Paid,40,2026-08-20
715537,913845,350,2026-07-11,59.89,Paid,0,2026-07-11
715538,910840,267,2026-07-09,122.83,Paid,3,2026-07-12
715539,912552,317,2026-07-11,79.56,Paid,0,2026-07-11
715540,911821,295,2026-07-09,59.8,Paid,26,2026-08-04
715541,901246,31,2026-07-09,116.27,Paid,9,2026-07-18
715542,902370,55,2026-07-11,88.26,Paid,12,2026-07-23
715543,904945,124,2026-07-09,75.78,Paid,8,2026-07-17
715544,912160,306,2026-07-12,62.03,Paid,1,2026-07-13
715545,902653,64,2026-07-12,80.07,Paid,5,2026-07-17
715546,908813,211,2026-07-11,64.36,Paid,12,2026-07-23
715547,915087,378,2026-07-10,120.95,Paid,7,2026-07-17
715548,912032,303,2026-07-12,84.57,Paid,5,2026-07-17
715549,909424,228,2026-07-12,83.97,Paid,4,2026-07-16
715550,913804,349,2026-07-10,114.69,Paid,18,2026-07-28
715551,910356,251,2026-07-12,57.32,Paid,14,2026-07-26
715552,900268,7,2026-07-10,61.11,Paid,0,2026-07-10
715553,903517,88,2026-07-12,73.0,Paid,20,2026-08-01
715554,910969,269,2026-07-11,60.44,Paid,0,2026-07-11
715555,903750,97,2026-07-10,81.39,Paid,17,2026-07-27
715556,914959,376,2026-07-12,76.67,Paid,23,2026-08-04
715557,909151,221,2026-07-10,115.29,Paid,16,2026-07-26
715558,903343,85,2026-07-11,74.25,Paid,0,2026-07-11
715559,900330,9,2026-07-10,58.63,Paid,0,2026-07-10
715560,906756,171,2026-07-12,85.91,Paid,9,2026-07-21
715561,901416,35,2026-07-12,56.23,Paid,8,2026-07-20
715562,901076,28,2026-07-10,61.32,Paid,2,2026-07-12
715563,908300,200,2026-07-12,59.59,Paid,16,2026-07-28
715564,917035,52,2026-07-11,878.43,Paid,4,2026-07-15
715565,902552,61,2026-07-12,61.14,Paid,20,2026-08-01
715566,914841,373,2026-07-10,58.87,Paid,12,2026-07-22
715567,910422,252,2026-07-12,53.67,Paid,4,2026-07-16
715568,901623,39,2026-07-10,59.47,Paid,0,2026-07-10
715569,914219,357,2026-07-11,79.51,Paid,11,2026-07-22
715570,902133,51,2026-07-12,62.99,Paid,14,2026-07-26
715571,909905,238,2026-07-11,56.31,Paid,0,2026-07-11
715572,905155,132,2026-07-12,60.37,Paid,0,2026-07-12
715573,905829,147,2026-07-10,57.35,Paid,2,2026-07-12
715574,910903,268,2026-07-11,59.04,Paid,2,2026-07-13
715575,915746,393,2026-07-11,82.13,Paid,8,2026-07-19
715576,907456,184,2026-07-12,79.22,Paid,12,2026-07-24
715577,913262,336,2026-07-10,81.43,Paid,0,2026-07-10
715578,916601,413,2026-07-11,75.4,Paid,2,2026-07-13
715579,911925,299,2026-07-12,61.36,Paid,7,2026-07-19
715580,904324,110,2026-07-10,69.01,Paid,31,2026-08-10
715581,907721,190,2026-07-11,91.54,Paid,37,2026-08-17
715582,916910,420,2026-07-10,68.1,Paid,11,2026-07-21
715583,910696,261,2026-07-13,58.76,Paid,10,2026-07-23
715584,913329,339,2026-07-12,51.86,Paid,8,2026-07-20
715585,914921,375,2026-07-13,56.8,Paid,0,2026-07-13
715586,914152,356,2026-07-13,82.42,Paid,1,2026-07-14
715587,916497,411,2026-07-11,124.77,Paid,12,2026-07-23
715588,906857,173,2026-07-12,79.27,Paid,9,2026-07-21
715589,906714,170,2026-07-12,78.28,Paid,0,2026-07-12
715590,905293,137,2026-07-12,79.43,Paid,4,2026-07-16
715591,911217,280,2026-07-13,53.31,Paid,9,2026-07-22
715592,902071,48,2026-07-11,55.54,Paid,0,2026-07-11
715593,907523,186,2026-07-12,53.83,Paid,14,2026-07-26
715594,912990,330,2026-07-13,62.29,Paid,0,2026-07-13
715595,900501,13,2026-07-12,51.4,Paid,10,2026-07-22
715596,906484,165,2026-07-12,57.13,Paid,5,2026-07-17
715597,915813,394,2026-07-12,68.15,Paid,9,2026-07-21
715598,902029,47,2026-07-12,53.97,Paid,16,2026-07-28
715599,902890,70,2026-07-12,73.49,Paid,13,2026-07-25
715600,901142,29,2026-07-11,88.19,Paid,22,2026-08-02
715601,913530,342,2026-07-13,56.39,Paid,0,2026-07-13
715602,904573,116,2026-07-11,59.4,Paid,4,2026-07-15
715603,913737,348,2026-07-12,58.09,Paid,22,2026-08-03
715604,905398,139,2026-07-13,57.88,Paid,3,2026-07-16
715605,911863,298,2026-07-13,60.67,Paid,16,2026-07-29
715606,903817,98,2026-07-12,58.72,Paid,4,2026-07-16
715607,905117,129,2026-07-13,81.85,Paid,0,2026-07-13
715608,900737,18,2026-07-13,61.99,Paid,7,2026-07-20
715609,900606,15,2026-07-11,52.86,Paid,0,2026-07-11
715610,917326,179,2026-07-11,1066.89,Paid,22,2026-08-02
715611,913463,341,2026-07-11,61.99,Paid,9,2026-07-20
715612,901727,41,2026-07-13,56.65,Paid,5,2026-07-18
715613,914702,370,2026-07-12,76.79,Paid,0,2026-07-12
715614,910289,250,2026-07-13,77.73,Paid,7,2026-07-20
715615,904635,118,2026-07-13,60.26,Paid,12,2026-07-25
715616,907929,194,2026-07-13,55.47,Paid,8,2026-07-21
715617,903201,81,2026-07-11,103.56,Paid,22,2026-08-02
715618,902200,52,2026-07-13,113.97,Paid,2,2026-07-15
715619,907222,180,2026-07-14,78.25,Paid,2,2026-07-16
715620,916394,409,2026-07-12,74.34,Paid,7,2026-07-19
715621,917085,72,2026-07-14,523.38,Paid,0,2026-07-14
715622,903580,92,2026-07-12,86.57,Paid,11,2026-07-23
715623,913055,331,2026-07-13,59.58,Paid,11,2026-07-24
715624,905595,143,2026-07-12,58.58,Paid,3,2026-07-15
715625,914454,363,2026-07-14,57.39,Paid,8,2026-07-22
715626,901481,36,2026-07-13,83.02,Paid,1,2026-07-14
715627,909358,227,2026-07-13,59.29,Paid,5,2026-07-18
715628,911718,293,2026-07-13,55.63,Paid,13,2026-07-26
715629,903646,95,2026-07-13,92.44,Paid,17,2026-07-30
715630,916704,416,2026-07-12,77.26,Paid,0,2026-07-12
715631,905660,144,2026-07-14,58.87,Paid,3,2026-07-17
715632,911278,281,2026-07-14,59.77,Paid,0,2026-07-14
715633,909217,222,2026-07-12,80.48,Paid,16,2026-07-28
715634,916435,410,2026-07-13,91.01,Paid,23,2026-08-05
715635,908750,210,2026-07-14,60.31,Paid,7,2026-07-21
715636,907118,178,2026-07-12,60.18,Paid,3,2026-07-15
715637,912651,320,2026-07-12,81.39,Paid,10,2026-07-22
715638,914010,353,2026-07-12,47.54,Paid,0,2026-07-12
715639,907353,182,2026-07-14,55.56,Paid,0,2026-07-14
715640,905464,140,2026-07-12,53.78,Paid,4,2026-07-16
715641,908713,209,2026-07-13,57.57,Paid,11,2026-07-24
715642,901963,45,2026-07-12,55.81,Paid,15,2026-07-27
715643,910007,242,2026-07-12,78.34,Paid,3,2026-07-15
715644,908400,203,2026-07-13,77.4,Paid,16,2026-07-29
715645,905230,135,2026-07-12,54.43,Paid,8,2026-07-20
715646,911319,282,2026-07-13,113.75,Paid,21,2026-08-03
715647,906922,175,2026-07-13,98.81,Paid,26,2026-08-08
715648,908597,206,2026-07-14,62.54,Paid,4,2026-07-18
715649,914051,354,2026-07-13,56.62,Paid,5,2026-07-18
715650,915879,395,2026-07-12,58.08,Paid,14,2026-07-26
715651,902473,58,2026-07-13,72.84,Paid,27,2026-08-09
715652,903409,86,2026-07-14,56.52,Paid,1,2026-07-15
715653,912796,324,2026-07-15,59.38,Paid,3,2026-07-18
715654,900840,21,2026-07-13,91.45,Paid,14,2026-07-27
715655,915153,379,2026-07-14,53.47,Paid,0,2026-07-14
715656,910488,254,2026-07-15,66.13,Paid,34,2026-08-18
715657,914740,371,2026-07-14,54.47,Paid,12,2026-07-26
715658,911651,290,2026-07-15,59.0,Paid,8,2026-07-23
715659,909707,234,2026-07-15,54.23,Paid,4,2026-07-19
715660,906086,153,2026-07-15,75.05,Paid,11,2026-07-26
715661,916783,418,2026-07-15,61.65,Paid,10,2026-07-25
715662,904676,119,2026-07-14,62.94,Paid,17,2026-07-31
715663,912754,323,2026-07-14,71.51,Paid,10,2026-07-24
715664,901665,40,2026-07-15,58.13,Paid,8,2026-07-23
715665,901898,44,2026-07-15,53.22,Paid,10,2026-07-25
715666,915577,389,2026-07-14,51.26,Paid,6,2026-07-20
715667,902757,66,2026-07-14,87.3,Paid,26,2026-08-09
715668,908258,199,2026-07-15,74.5,Paid,6,2026-07-21
715669,913396,340,2026-07-15,66.21,Paid,23,2026-08-07
715670,912858,328,2026-07-13,70.01,Paid,16,2026-07-29
715671,916329,408,2026-07-14,58.57,Paid,11,2026-07-25
715672,906379,163,2026-07-15,75.8,Paid,6,2026-07-21
715673,913671,347,2026-07-15,56.3,Paid,12,2026-07-27
715674,904023,103,2026-07-14,76.89,Paid,9,2026-07-23
715675,904390,111,2026-07-14,59.93,Paid,13,2026-07-27
715676,913948,352,2026-07-15,127.94,Paid,3,2026-07-18
715677,904879,123,2026-07-14,57.43,Paid,10,2026-07-24
715678,900944,25,2026-07-14,74.59,Paid,0,2026-07-14
715679,900882,22,2026-07-15,63.81,Paid,13,2026-07-28
715680,917020,44,2026-07-15,379.09,Paid,9,2026-07-24
715681,908192,198,2026-07-15,117.73,Paid,0,2026-07-15
715682,902412,57,2026-07-15,65.37,Paid,12,2026-07-27
715683,907995,195,2026-07-13,59.14,Paid,6,2026-07-19
715684,907590,187,2026-07-16,60.35,Paid,0,2026-07-16
715685,904946,124,2026-07-14,74.37,Paid,12,2026-07-26
715686,900372,10,2026-07-15,55.58,Paid,6,2026-07-21
715687,911036,270,2026-07-16,55.07,Paid,0,2026-07-16
715688,909773,235,2026-07-15,59.35,Paid,1,2026-07-16
715689,903475,87,2026-07-14,63.37,Paid,7,2026-07-21
715690,902590,62,2026-07-15,74.17,Paid,9,2026-07-24
715691,911486,287,2026-07-15,57.65,Paid,6,2026-07-21
715692,906011,151,2026-07-16,51.8,Paid,15,2026-07-31
715693,910568,256,2026-07-16,62.32,Paid,0,2026-07-16
715694,908533,205,2026-07-16,73.79,Paid,9,2026-07-25
715695,901523,37,2026-07-14,65.84,Paid,17,2026-07-31
715696,909086,219,2026-07-14,70.27,Paid,23,2026-08-06
715697,907160,179,2026-07-15,93.41,Paid,25,2026-08-09
715698,905763,146,2026-07-14,59.18,Paid,15,2026-07-29
715699,914352,361,2026-07-14,54.66,Paid,4,2026-07-18
715700,911380,283,2026-07-14,111.14,Paid,5,2026-07-19
715701,912925,329,2026-07-14,72.05,Paid,14,2026-07-28
715702,912341,312,2026-07-15,139.57,Paid,9,2026-07-24
715703,903961,102,2026-07-15,66.08,Paid,14,2026-07-29
715704,902267,53,2026-07-14,86.18,Paid,32,2026-08-15
715705,915946,397,2026-07-16,52.79,Paid,17,2026-08-02
715706,904220,107,2026-07-16,57.39,Paid,7,2026-07-23
715707,916845,419,2026-07-14,79.18,Paid,11,2026-07-25
715708,901832,43,2026-07-15,57.52,Paid,12,2026-07-27
715709,914089,355,2026-07-14,58.35,Paid,12,2026-07-26
715710,916267,406,2026-07-15,57.02,Paid,13,2026-07-28
715711,909604,232,2026-07-15,62.41,Paid,10,2026-07-25
715712,903921,100,2026-07-14,124.12,Paid,17,2026-07-31
715713,904155,105,2026-07-15,59.87,Paid,11,2026-07-26
715714,906442,164,2026-07-16,62.93,Paid,11,2026-07-27
715715,902956,71,2026-07-16,60.69,Paid,16,2026-08-01
715716,906988,176,2026-07-14,76.76,Paid,10,2026-07-24
715717,915021,377,2026-07-15,81.61,Paid,7,2026-07-22
715718,900050,1,2026-07-15,52.44,Paid,13,2026-07-28
715719,906547,166,2026-07-15,62.19,Paid,9,2026-07-24
715720,908982,215,2026-07-15,113.83,Paid,9,2026-07-24
715721,907655,188,2026-07-15,71.85,Paid,19,2026-08-03
715722,916127,402,2026-07-16,70.39,Paid,7,2026-07-23
715723,915474,387,2026-07-17,67.81,Paid,14,2026-07-31
715724,910630,259,2026-07-16,123.44,Paid,8,2026-07-24
715725,905530,142,2026-07-16,58.61,Paid,0,2026-07-16
715726,902824,69,2026-07-17,59.37,Paid,13,2026-07-30
715727,911760,294,2026-07-16,94.86,Paid,18,2026-08-03
715728,901350,34,2026-07-17,62.21,Paid,33,2026-08-19
715729,907053,177,2026-07-16,59.8,Paid,31,2026-08-16
715730,908061,196,2026-07-17,59.64,Paid,0,2026-07-17
715731,912202,307,2026-07-15,56.43,Paid,16,2026-07-31
715732,903060,76,2026-07-15,52.69,Paid,19,2026-08-03
715733,910800,266,2026-07-15,58.64,Paid,7,2026-07-22
715734,900091,2,2026-07-16,56.34,Paid,24,2026-08-09
715735,911991,302,2026-07-16,114.99,Paid,10,2026-07-26
715736,903101,77,2026-07-17,70.17,Paid,23,2026-08-09
715737,915195,381,2026-07-15,78.41,Paid,6,2026-07-21
715738,907787,191,2026-07-16,113.51,Paid,15,2026-07-31
715739,915680,391,2026-07-15,71.86,Paid,24,2026-08-08
715740,906225,157,2026-07-16,57.36,Paid,12,2026-07-28
715741,904089,104,2026-07-16,55.47,Paid,0,2026-07-16
715742,905011,125,2026-07-16,77.68,Paid,1,2026-07-17
715743,915346,385,2026-07-16,81.03,Paid,12,2026-07-28
715744,906303,159,2026-07-15,94.0,Paid,17,2026-08-01
715745,900672,16,2026-07-17,54.21,Paid,9,2026-07-26
715746,905076,126,2026-07-17,76.94,Paid,18,2026-08-04
715747,913121,333,2026-07-17,81.94,Paid,0,2026-07-17
715748,908916,213,2026-07-15,115.81,Paid,9,2026-07-24
715749,914664,368,2026-07-15,57.42,Paid,0,2026-07-15
715750,906794,172,2026-07-17,60.23,Paid,2,2026-07-19
715751,907289,181,2026-07-17,56.88,Paid,5,2026-07-22
715752,911549,288,2026-07-16,53.59,Paid,17,2026-08-02
715753,909297,226,2026-07-17,76.78,Paid,0,2026-07-17
715754,910186,248,2026-07-16,121.08,Paid,7,2026-07-23
715755,904470,114,2026-07-16,65.24,Paid,23,2026-08-08
715756,911822,295,2026-07-16,70.34,Paid,29,2026-08-14
715757,916049,399,2026-07-17,53.58,Paid,4,2026-07-21
715758,912408,313,2026-07-16,125.02,Paid,1,2026-07-17
715759,908126,197,2026-07-16,83.66,Paid,0,2026-07-16
715760,912094,304,2026-07-18,103.6,Paid,14,2026-08-01
715761,912515,316,2026-07-16,112.81,Paid,8,2026-07-24
715762,904738,120,2026-07-16,78.73,Paid,8,2026-07-24
715763,904532,115,2026-07-17,67.45,Paid,15,2026-08-01
715764,915408,386,2026-07-16,58.17,Paid,15,2026-07-31
715765,909504,230,2026-07-18,114.46,Paid,6,2026-07-24
715766,901247,31,2026-07-16,122.01,Paid,2,2026-07-18
715767,911446,286,2026-07-17,57.33,Paid,0,2026-07-17
715768,913907,351,2026-07-16,54.42,Paid,5,2026-07-21
715769,904261,109,2026-07-17,57.07,Paid,0,2026-07-17
715770,916226,404,2026-07-17,56.31,Paid,10,2026-07-27
715771,914286,359,2026-07-17,86.6,Paid,0,2026-07-17
715772,904779,121,2026-07-17,66.78,Paid,18,2026-08-04
715773,910530,255,2026-07-16,55.05,Paid,20,2026-08-05
715774,911176,279,2026-07-16,51.84,Paid,12,2026-07-28
715775,906612,167,2026-07-17,56.93,Paid,7,2026-07-24
715776,902371,55,2026-07-17,94.85,Paid,28,2026-08-14
715777,914623,367,2026-07-18,55.68,Paid,4,2026-07-22
715778,912474,314,2026-07-17,66.33,Paid,9,2026-07-26
715779,911926,299,2026-07-16,55.51,Paid,9,2026-07-25
715780,900435,11,2026-07-18,57.35,Paid,9,2026-07-27
715781,900190,4,2026-07-18,79.57,Paid,12,2026-07-30
715782,917070,67,2026-07-17,443.83,Paid,13,2026-07-30
715783,917254,147,2026-07-16,502.69,Paid,8,2026-07-24
715784,901011,27,2026-07-16,81.11,Paid,0,2026-07-16
715785,914521,365,2026-07-16,54.25,Paid,0,2026-07-16
715786,908467,204,2026-07-17,57.63,Paid,0,2026-07-17
715787,913263,336,2026-07-18,70.37,Paid,7,2026-07-25
715788,900331,9,2026-07-18,51.23,Paid,12,2026-07-30
715789,901143,29,2026-07-19,87.04,Paid,38,2026-08-26
715790,910970,269,2026-07-17,63.5,Paid,4,2026-07-21
715791,908676,208,2026-07-18,117.46,Paid,0,2026-07-18
715792,909152,221,2026-07-17,119.98,Paid,0,2026-07-17
715793,904325,110,2026-07-18,66.27,Paid,6,2026-07-24
715794,910357,251,2026-07-19,55.04,Paid,5,2026-07-24
715795,906341,161,2026-07-18,62.79,Paid,12,2026-07-30
715796,916911,420,2026-07-19,74.98,Paid,7,2026-07-26
715797,907457,184,2026-07-17,79.01,Paid,15,2026-08-01
715798,907722,190,2026-07-18,90.09,Paid,14,2026-08-01
715799,909839,236,2026-07-18,119.39,Paid,5,2026-07-23
715800,903243,83,2026-07-19,57.82,Paid,14,2026-08-02
715801,902891,70,2026-07-18,61.32,Paid,33,2026-08-20
715802,905193,133,2026-07-19,54.73,Paid,0,2026-07-19
715803,910904,268,2026-07-18,51.86,Paid,3,2026-07-21
715804,912161,306,2026-07-18,52.28,Paid,7,2026-07-25
715805,902654,64,2026-07-18,82.0,Paid,7,2026-07-25
715806,903751,97,2026-07-19,80.7,Paid,7,2026-07-26
715807,915088,378,2026-07-18,120.75,Paid,11,2026-07-29
715808,901561,38,2026-07-18,54.42,Paid,11,2026-07-29
715809,913805,349,2026-07-17,113.49,Paid,10,2026-07-27
715810,909425,228,2026-07-19,76.0,Paid,4,2026-07-23
715811,914778,372,2026-07-17,126.92,Paid,15,2026-08-01
715812,904817,122,2026-07-18,95.61,Paid,17,2026-08-04
715813,908814,211,2026-07-18,69.08,Paid,17,2026-08-04
715814,903344,85,2026-07-18,80.09,Paid,0,2026-07-18
715815,909906,238,2026-07-18,57.16,Paid,5,2026-07-23
715816,901288,32,2026-07-18,59.87,Paid,2,2026-07-20
715817,901624,39,2026-07-19,55.38,Paid,14,2026-08-02
715818,905895,148,2026-07-19,58.95,Paid,9,2026-07-28
715819,910423,252,2026-07-17,63.17,Paid,8,2026-07-25
715820,914393,362,2026-07-19,58.98,Paid,0,2026-07-19
715821,905830,147,2026-07-17,59.89,Paid,0,2026-07-17
715822,901077,28,2026-07-17,54.59,Paid,0,2026-07-17
715823,901417,35,2026-07-19,59.19,Paid,7,2026-07-26
715824,911719,293,2026-07-19,56.18,Paid,6,2026-07-25
715825,917051,58,2026-07-18,835.61,Paid,12,2026-07-30
715826,903581,92,2026-07-17,82.7,Paid,0,2026-07-17
715827,907223,180,2026-07-19,80.83,Paid,0,2026-07-19
715828,915747,393,2026-07-19,76.12,Paid,11,2026-07-30
715829,900738,18,2026-07-19,54.77,Paid,9,2026-07-28
715830,902134,51,2026-07-18,65.76,Paid,27,2026-08-14
715831,909542,231,2026-07-17,85.4,Paid,9,2026-07-26
715832,901769,42,2026-07-19,87.45,Paid,20,2026-08-08
715833,914842,373,2026-07-19,59.03,Paid,2,2026-07-21
715834,914220,357,2026-07-19,77.19,Paid,0,2026-07-19
715835,910227,249,2026-07-18,73.36,Paid,0,2026-07-18
715836,910049,245,2026-07-18,82.57,Paid,10,2026-07-28
715837,916539,412,2026-07-19,82.44,Paid,5,2026-07-24
715838,913531,342,2026-07-18,56.37,Paid,14,2026-08-01
715839,904636,118,2026-07-19,59.78,Paid,0,2026-07-19
715840,915814,394,2026-07-18,63.06,Paid,19,2026-08-06
715841,901728,41,2026-07-19,56.74,Paid,9,2026-07-28
715842,914153,356,2026-07-18,80.3,Paid,5,2026-07-23
715843,909645,233,2026-07-20,80.87,Paid,0,2026-07-20
715844,903202,81,2026-07-19,99.49,Paid,28,2026-08-16
715845,910738,262,2026-07-18,68.31,Paid,19,2026-08-06
715846,913464,341,2026-07-19,60.46,Paid,2,2026-07-21
715847,902997,72,2026-07-19,79.12,Paid,1,2026-07-20
715848,907524,186,2026-07-18,59.04,Paid,12,2026-07-30
715849,910697,261,2026-07-18,60.71,Paid,4,2026-07-22
715850,900502,13,2026-07-18,60.35,Paid,12,2026-07-30
715851,906715,170,2026-07-20,76.06,Paid,1,2026-07-21
715852,906858,173,2026-07-18,75.62,Paid,15,2026-08-02
715853,913738,348,2026-07-19,58.55,Paid,2,2026-07-21
715854,907930,194,2026-07-20,55.64,Paid,0,2026-07-20
715855,901184,30,2026-07-19,59.28,Paid,4,2026-07-23
715856,903281,84,2026-07-20,55.59,Paid,16,2026-08-05
715857,910290,250,2026-07-19,78.77,Paid,12,2026-07-31
715858,910124,247,2026-07-18,72.54,Paid,36,2026-08-23
715859,905399,139,2026-07-18,58.27,Paid,14,2026-08-01
715860,917310,172,2026-07-19,6028.45,Paid,3,2026-07-22
715861,912755,323,2026-07-20,67.45,Paid,14,2026-08-03
715862,912652,320,2026-07-19,79.1,Paid,11,2026-07-30
715863,913056,331,2026-07-19,55.43,Paid,0,2026-07-19
715864,905764,146,2026-07-19,59.54,Paid,14,2026-08-02
715865,908259,199,2026-07-19,72.96,Paid,5,2026-07-24
715866,907828,192,2026-07-20,116.83,Paid,13,2026-08-02
715867,916395,409,2026-07-21,79.46,Paid,3,2026-07-24
715868,902474,58,2026-07-20,66.55,Paid,31,2026-08-20
715869,914883,374,2026-07-21,76.96,Paid,12,2026-08-02
715870,915308,384,2026-07-21,63.18,Paid,21,2026-08-11
715871,916602,413,2026-07-21,75.16,Paid,11,2026-08-01
715872,912693,322,2026-07-21,114.67,Paid,3,2026-07-24
715873,907119,178,2026-07-20,57.7,Paid,7,2026-07-27
715874,905465,140,2026-07-19,60.16,Paid,9,2026-07-28
715875,909466,229,2026-07-21,55.38,Paid,18,2026-08-08
715876,901482,36,2026-07-19,79.96,Paid,5,2026-07-24
715877,905661,144,2026-07-21,56.35,Paid,5,2026-07-26
715878,912278,309,2026-07-20,58.36,Paid,6,2026-07-26
715879,917364,200,2026-07-19,3323.77,Paid,14,2026-08-02
715880,904432,113,2026-07-20,59.27,Paid,16,2026-08-05
715881,917497,270,2026-07-19,6564.62,Paid,0,2026-07-19
715882,911381,283,2026-07-21,106.85,Paid,6,2026-07-27
715883,902695,65,2026-07-21,55.31,Paid,0,2026-07-21
715884,909259,225,2026-07-20,49.13,Paid,15,2026-08-04
715885,915233,382,2026-07-19,66.7,Paid,20,2026-08-08
715886,902030,47,2026-07-19,55.28,Paid,8,2026-07-27
715887,917024,44,2026-07-20,5317.7,Paid,7,2026-07-27
715888,914455,363,2026-07-19,57.95,Paid,2,2026-07-21
715889,907354,182,2026-07-21,64.58,Paid,7,2026-07-28
715890,906124,155,2026-07-19,55.99,Paid,5,2026-07-24
715891,912240,308,2026-07-19,60.07,Paid,23,2026-08-11
715892,909359,227,2026-07-21,63.62,Paid,0,2026-07-21
715893,906923,175,2026-07-20,93.19,Paid,22,2026-08-11
715894,908598,206,2026-07-19,60.7,Paid,9,2026-07-28
715895,916705,416,2026-07-19,83.75,Paid,2,2026-07-21
715896,910008,242,2026-07-21,88.85,Paid,15,2026-08-05
715897,905596,143,2026-07-21,58.82,Paid,15,2026-08-05
715898,911279,281,2026-07-19,50.25,Paid,0,2026-07-19
715899,913330,339,2026-07-19,55.29,Paid,6,2026-07-25
715900,915987,398,2026-07-21,62.26,Paid,25,2026-08-15
715901,916643,414,2026-07-19,58.82,Paid,1,2026-07-20
715902,908338,201,2026-07-19,59.2,Paid,2,2026-07-21
715903,915880,395,2026-07-21,59.73,Paid,18,2026-08-08
715904,917561,299,2026-07-20,356.53,Paid,13,2026-08-02
715905,909218,222,2026-07-21,75.47,Paid,11,2026-08-01
715906,905936,149,2026-07-22,59.81,Paid,10,2026-08-01
715907,909023,216,2026-07-20,56.47,Paid,15,2026-08-04
715908,912342,312,2026-07-20,142.47,Paid,30,2026-08-19
715909,907656,188,2026-07-20,69.09,Paid,26,2026-08-15
715910,913397,340,2026-07-20,59.57,Paid,22,2026-08-11
715911,900945,25,2026-07-20,73.7,Paid,1,2026-07-21
715912,905294,137,2026-07-21,85.92,Paid,2,2026-07-23
715913,916498,411,2026-07-22,122.15,Paid,13,2026-08-04
715914,905531,142,2026-07-22,62.03,Paid,21,2026-08-12
715915,912859,328,2026-07-20,70.32,Paid,25,2026-08-14
715916,916330,408,2026-07-22,59.45,Paid,10,2026-08-01
715917,907866,193,2026-07-22,60.28,Paid,17,2026-08-08
715918,903410,86,2026-07-20,59.26,Paid,9,2026-07-29
715919,903688,96,2026-07-20,58.42,Paid,0,2026-07-20
715920,910489,254,2026-07-22,66.4,Paid,9,2026-07-31
715921,901899,44,2026-07-22,63.04,Paid,1,2026-07-23
715922,903647,95,2026-07-22,91.91,Paid,15,2026-08-06
715923,905335,138,2026-07-21,52.68,Paid,0,2026-07-21
715924,903476,87,2026-07-20,56.29,Paid,0,2026-07-20
715925,909708,234,2026-07-20,58.6,Paid,8,2026-07-28
715926,902268,53,2026-07-22,89.1,Paid,33,2026-08-24
715927,913672,347,2026-07-22,59.0,Paid,0,2026-07-22
715928,904880,123,2026-07-22,58.9,Paid,1,2026-07-23
715929,903818,98,2026-07-21,58.08,Paid,23,2026-08-13
715930,913162,334,2026-07-22,56.63,Paid,10,2026-08-01
715931,912991,330,2026-07-21,61.14,Paid,2,2026-07-23
715932,911652,290,2026-07-21,56.87,Paid,15,2026-08-05
715933,900607,15,2026-07-21,57.38,Paid,5,2026-07-26
715934,904391,111,2026-07-20,55.98,Paid,3,2026-07-23
715935,904024,103,2026-07-21,83.38,Paid,7,2026-07-28
715936,900543,14,2026-07-22,67.91,Paid,33,2026-08-24
715937,914011,353,2026-07-22,57.4,Paid,11,2026-08-02
715938,902201,52,2026-07-20,114.22,Paid,0,2026-07-20
715939,900841,21,2026-07-22,96.74,Paid,13,2026-08-04
715940,913609,345,2026-07-21,51.84,Paid,2,2026-07-23
715941,906443,164,2026-07-21,58.45,Paid,25,2026-08-15
715942,915578,389,2026-07-20,57.57,Paid,9,2026-07-29
715943,908193,198,2026-07-22,120.41,Paid,2,2026-07-24
715944,906162,156,2026-07-20,55.73,Paid,8,2026-07-28
715945,915154,379,2026-07-22,62.92,Paid,4,2026-07-26
715946,902758,66,2026-07-22,80.63,Paid,9,2026-07-31
715947,916746,417,2026-07-22,58.51,Paid,7,2026-07-29
715948,914353,361,2026-07-22,50.85,Paid,0,2026-07-22
715949,902825,69,2026-07-23,59.02,Paid,17,2026-08-09
715950,911077,274,2026-07-21,76.17,Paid,6,2026-07-27
715951,902515,60,2026-07-21,59.9,Paid,5,2026-07-26
715952,904533,115,2026-07-22,68.57,Paid,14,2026-08-05
715953,916956,18,2026-07-23,370.48,Paid,12,2026-08-04
715954,915515,388,2026-07-23,62.35,Paid,0,2026-07-23
715955,901833,43,2026-07-23,62.34,Paid,12,2026-08-04
715956,902957,71,2026-07-23,63.19,Paid,10,2026-08-02
715957,913572,343,2026-07-22,73.59,Paid,8,2026-07-30
715958,916227,404,2026-07-21,53.99,Paid,0,2026-07-21
715959,914562,366,2026-07-23,76.37,Paid,9,2026-08-01
715960,906548,166,2026-07-23,56.06,Paid,13,2026-08-05
715961,904947,124,2026-07-23,76.74,Paid,9,2026-08-01
715962,904156,105,2026-07-22,55.64,Paid,15,2026-08-06
715963,913200,335,2026-07-21,56.39,Paid,18,2026-08-08
715964,900051,1,2026-07-22,56.43,Paid,20,2026-08-11
715965,912590,318,2026-07-22,62.3,Paid,6,2026-07-28
715966,907591,187,2026-07-21,57.44,Paid,11,2026-08-01
715967,908401,203,2026-07-22,86.1,Paid,0,2026-07-22
715968,912926,329,2026-07-23,61.65,Paid,25,2026-08-17
715969,909947,241,2026-07-21,60.1,Paid,10,2026-07-31
715970,915022,377,2026-07-22,79.6,Paid,0,2026-07-22
715971,909087,219,2026-07-22,66.44,Paid,11,2026-08-02
715972,915947,397,2026-07-22,51.54,Paid,2,2026-07-24
715973,909774,235,2026-07-21,59.8,Paid,10,2026-07-31
715974,901964,45,2026-07-23,56.51,Paid,10,2026-08-02
715975,911114,275,2026-07-24,58.98,Paid,6,2026-07-30
715976,903922,100,2026-07-24,119.31,Paid,16,2026-08-09
715977,907996,195,2026-07-24,61.28,Paid,21,2026-08-14
715978,905702,145,2026-07-24,120.3,Paid,0,2026-07-24
715979,906653,169,2026-07-24,65.24,Paid,23,2026-08-16
715980,908983,215,2026-07-24,124.03,Paid,0,2026-07-24
715981,916090,401,2026-07-24,57.4,Paid,4,2026-07-28
715982,902309,54,2026-07-24,54.2,Paid,6,2026-07-30
715983,907788,191,2026-07-22,114.59,Paid,7,2026-07-29
715984,903061,76,2026-07-24,57.06,Paid,6,2026-07-30
715985,907395,183,2026-07-22,81.89,Paid,3,2026-07-25
715986,909605,232,2026-07-24,61.77,Paid,3,2026-07-27
715987,910801,266,2026-07-24,54.6,Paid,8,2026-08-01
715988,900231,6,2026-07-24,53.76,Paid,3,2026-07-27
715989,908917,213,2026-07-22,123.94,Paid,0,2026-07-22
715990,913122,333,2026-07-23,84.86,Paid,0,2026-07-23
715991,915409,386,2026-07-23,55.98,Paid,12,2026-08-04
715992,905077,126,2026-07-22,77.58,Paid,14,2026-08-05
715993,915475,387,2026-07-24,67.2,Paid,18,2026-08-11
715994,900673,16,2026-07-23,60.52,Paid,15,2026-08-07
715995,911550,288,2026-07-22,63.78,Paid,2,2026-07-24
715996,906049,152,2026-07-22,61.54,Paid,4,2026-07-26
715997,905974,150,2026-07-23,58.0,Paid,0,2026-07-23
715998,906989,176,2026-07-22,81.76,Paid,4,2026-07-26
715999,901351,34,2026-07-23,72.06,Paid,10,2026-08-02
716000,915681,391,2026-07-23,65.99,Paid,21,2026-08-13
716001,916165,403,2026-07-24,79.48,Paid,17,2026-08-10
716002,903139,79,2026-07-22,59.53,Paid,0,2026-07-22
716003,911992,302,2026-07-22,122.08,Paid,1,2026-07-23
716004,903859,99,2026-07-23,75.01,Paid,12,2026-08-04
716005,907290,181,2026-07-24,52.96,Paid,2,2026-07-26
716006,900129,3,2026-07-24,81.21,Paid,0,2026-07-24
716007,909840,236,2026-07-22,118.13,Paid,12,2026-08-03
716008,907054,177,2026-07-22,59.16,Paid,5,2026-07-27
716009,908062,196,2026-07-24,61.27,Paid,18,2026-08-11
716010,911447,286,2026-07-24,53.43,Paid,17,2026-08-10
716011,910631,259,2026-07-24,125.88,Paid,3,2026-07-27
716012,913908,351,2026-07-23,58.79,Paid,0,2026-07-23
716013,908468,204,2026-07-25,50.95,Paid,0,2026-07-25
716014,908639,207,2026-07-25,66.27,Paid,21,2026-08-15
716015,906226,157,2026-07-23,52.92,Paid,12,2026-08-04
716016,908855,212,2026-07-24,62.01,Paid,12,2026-08-05
716017,902372,55,2026-07-23,87.77,Paid,24,2026-08-16
716018,916050,399,2026-07-23,54.32,Paid,0,2026-07-23
716019,910087,246,2026-07-24,70.06,Paid,20,2026-08-13
716020,914287,359,2026-07-25,80.04,Paid,25,2026-08-19
716021,914624,367,2026-07-24,58.88,Paid,3,2026-07-27
716022,905896,148,2026-07-23,62.05,Paid,10,2026-08-02
716023,906613,167,2026-07-23,55.98,Paid,1,2026-07-24
716024,913846,350,2026-07-24,56.41,Paid,0,2026-07-24
716025,912095,304,2026-07-25,86.92,Paid,22,2026-08-16
716026,900779,19,2026-07-24,58.51,Paid,1,2026-07-25
716027,911927,299,2026-07-24,59.53,Paid,7,2026-07-31
716028,914522,365,2026-07-23,58.47,Paid,11,2026-08-03
716029,904637,118,2026-07-24,58.59,Paid,8,2026-08-01
716030,911037,270,2026-07-24,61.07,Paid,0,2026-07-24
716031,910841,267,2026-07-24,114.87,Paid,11,2026-08-04
716032,901012,27,2026-07-23,72.38,Paid,13,2026-08-05
716033,911590,289,2026-07-24,52.87,Paid,14,2026-08-07
716034,916846,419,2026-07-24,80.19,Paid,0,2026-07-24
716035,901248,31,2026-07-23,114.42,Paid,2,2026-07-25
716036,908127,197,2026-07-24,80.95,Paid,9,2026-08-02
716037,906266,158,2026-07-23,72.9,Paid,19,2026-08-11
716038,912553,317,2026-07-24,83.56,Paid,0,2026-07-24
716039,915619,390,2026-07-24,56.94,Paid,13,2026-08-06
716040,916990,32,2026-07-24,5301.05,Paid,13,2026-08-06
716041,916995,33,2026-07-24,445.5,Paid,19,2026-08-12
716042,904090,104,2026-07-24,54.32,Paid,12,2026-08-05
716043,900436,11,2026-07-24,55.23,Paid,21,2026-08-14
716044,912475,314,2026-07-23,66.75,Paid,11,2026-08-03
716045,904221,107,2026-07-24,52.13,Paid,10,2026-08-03
716046,908534,205,2026-07-24,79.74,Paid,10,2026-08-03
716047,910187,248,2026-07-24,116.18,Paid,11,2026-08-04
716048,912409,313,2026-07-24,118.3,Paid,11,2026-08-04
716049,911177,279,2026-07-23,57.31,Paid,0,2026-07-23
716050,904739,120,2026-07-25,81.18,Paid,0,2026-07-25
716051,915271,383,2026-07-23,61.21,Paid,13,2026-08-05
716052,917185,118,2026-07-24,303.28,Paid,0,2026-07-24
716053,915748,393,2026-07-25,73.12,Paid,17,2026-08-11
716054,910905,268,2026-07-26,56.99,Paid,2,2026-07-28
716055,909153,221,2026-07-25,120.47,Paid,10,2026-08-04
716056,910971,269,2026-07-24,56.74,Paid,25,2026-08-18
716057,905012,125,2026-07-25,82.98,Paid,11,2026-08-05
716058,901144,29,2026-07-26,98.79,Paid,29,2026-08-24
716059,904326,110,2026-07-24,72.87,Paid,21,2026-08-14
716060,908301,200,2026-07-24,63.43,Paid,21,2026-08-14
716061,913264,336,2026-07-25,86.56,Paid,12,2026-08-06
716062,900739,18,2026-07-25,61.1,Paid,0,2026-07-25
716063,901078,28,2026-07-25,57.99,Paid,11,2026-08-05
716064,905831,147,2026-07-24,59.41,Paid,4,2026-07-28
716065,901625,39,2026-07-25,60.16,Paid,0,2026-07-25
716066,902135,51,2026-07-24,68.98,Paid,7,2026-07-31
716067,906757,171,2026-07-25,85.09,Paid,23,2026-08-17
716068,902655,64,2026-07-25,78.62,Paid,1,2026-07-26
716069,910424,252,2026-07-26,52.41,Paid,13,2026-08-08
716070,917118,87,2026-07-26,2994.48,Paid,5,2026-07-31
716071,914843,373,2026-07-26,61.1,Paid,9,2026-08-04
716072,903518,88,2026-07-24,67.44,Paid,32,2026-08-25
716073,907723,190,2026-07-25,95.96,Open,,
716074,900191,4,2026-07-24,80.01,Paid,6,2026-07-30
716075,914960,376,2026-07-25,80.49,Paid,6,2026-07-31
716076,913806,349,2026-07-24,122.2,Paid,7,2026-07-31
716077,909907,238,2026-07-26,57.33,Paid,0,2026-07-26
716078,902553,61,2026-07-25,67.41,Paid,26,2026-08-20
716079,910358,251,2026-07-26,58.11,Paid,6,2026-08-01
716080,915089,378,2026-07-26,124.51,Paid,1,2026-07-27
716081,917266,156,2026-07-26,5288.85,Paid,15,2026-08-10
716082,901418,35,2026-07-24,62.15,Paid,11,2026-08-04
716083,911720,293,2026-07-26,54.92,Paid,8,2026-08-03
716084,903752,97,2026-07-26,81.22,Paid,5,2026-07-31
716085,912162,306,2026-07-25,53.68,Paid,24,2026-08-18
716086,905156,132,2026-07-25,56.06,Paid,0,2026-07-25
716087,902892,70,2026-07-24,61.92,Paid,24,2026-08-17
716088,911823,295,2026-07-25,64.78,Paid,8,2026-08-02
716089,903345,85,2026-07-24,77.32,Paid,7,2026-07-31
716090,900269,7,2026-07-25,56.47,Paid,3,2026-07-28
716091,916912,420,2026-07-25,81.42,Paid,1,2026-07-26
716092,917241,141,2026-07-25,720.82,Paid,0,2026-07-25
716093,907458,184,2026-07-25,81.62,Paid,4,2026-07-29
716094,909426,228,2026-07-25,83.09,Paid,0,2026-07-25
716095,914221,357,2026-07-25,78.58,Paid,9,2026-08-03
716096,916603,413,2026-07-25,87.01,Paid,18,2026-08-12
716097,908815,211,2026-07-26,63.87,Paid,27,2026-08-22
716098,902202,52,2026-07-25,117.78,Paid,5,2026-07-30
716099,905400,139,2026-07-26,53.35,Paid,14,2026-08-09
716100,907525,186,2026-07-26,50.7,Paid,11,2026-08-06
716101,906716,170,2026-07-26,74.5,Paid,16,2026-08-11
716102,906485,165,2026-07-25,53.97,Paid,11,2026-08-05
716103,914922,375,2026-07-26,55.88,Paid,18,2026-08-13
716104,917442,240,2026-07-27,2676.99,Paid,6,2026-08-02
716105,905295,137,2026-07-26,80.49,Paid,2,2026-07-28
716106,914154,356,2026-07-26,81.4,Paid,4,2026-07-30
716107,911864,298,2026-07-26,55.56,Paid,4,2026-07-30
716108,912992,330,2026-07-27,58.33,Paid,12,2026-08-08
716109,914703,370,2026-07-26,86.29,Paid,2,2026-07-28
716110,900503,13,2026-07-26,59.34,Paid,11,2026-08-06
716111,913465,341,2026-07-26,57.09,Paid,9,2026-08-04
716112,903819,98,2026-07-26,61.32,Paid,14,2026-08-09
716113,905118,129,2026-07-25,81.6,Paid,3,2026-07-28
716114,910291,250,2026-07-25,81.93,Paid,7,2026-08-01
716115,900608,15,2026-07-25,61.61,Paid,2,2026-07-27
716116,907224,180,2026-07-26,78.91,Paid,4,2026-07-30
716117,917545,294,2026-07-26,12459.24,Paid,30,2026-08-25
716118,913739,348,2026-07-25,58.14,Paid,1,2026-07-26
716119,912033,303,2026-07-27,78.55,Paid,7,2026-08-03
716120,903203,81,2026-07-27,92.31,Paid,28,2026-08-24
716121,902072,48,2026-07-27,58.27,Paid,13,2026-08-09
716122,910698,261,2026-07-26,62.38,Paid,0,2026-07-26
716123,907931,194,2026-07-25,60.51,Paid,0,2026-07-25
716124,902031,47,2026-07-26,55.71,Paid,4,2026-07-30
716125,911218,280,2026-07-25,56.96,Paid,15,2026-08-09
716126,913532,342,2026-07-27,57.88,Paid,0,2026-07-27
716127,908260,199,2026-07-28,83.87,Paid,0,2026-07-28
716128,903582,92,2026-07-27,83.36,Paid,0,2026-07-27
716129,916706,416,2026-07-28,80.68,Paid,2,2026-07-30
716130,909219,222,2026-07-28,78.82,Paid,11,2026-08-08
716131,905597,143,2026-07-26,60.46,Paid,9,2026-08-04
716132,911487,287,2026-07-28,55.84,Paid,8,2026-08-05
716133,916436,410,2026-07-28,90.88,Paid,20,2026-08-17
716134,915881,395,2026-07-28,56.92,Paid,4,2026-08-01
716135,906859,173,2026-07-27,84.2,Paid,0,2026-07-27
716136,901965,45,2026-07-28,53.03,Paid,2,2026-07-30
716137,916499,411,2026-07-26,123.11,Paid,12,2026-08-07
716138,914012,353,2026-07-27,53.97,Paid,9,2026-08-05
716139,913057,331,2026-07-26,55.53,Paid,1,2026-07-27
716140,917099,77,2026-07-28,2806.53,Paid,28,2026-08-25
716141,902475,58,2026-07-28,67.26,Paid,8,2026-08-05
716142,904574,116,2026-07-26,57.71,Paid,5,2026-07-31
716143,914456,363,2026-07-27,57.99,Paid,0,2026-07-27
716144,908751,210,2026-07-28,56.32,Paid,1,2026-07-29
716145,903648,95,2026-07-28,102.17,Paid,26,2026-08-23
716146,911320,282,2026-07-27,120.34,Paid,0,2026-07-27
716147,901483,36,2026-07-28,76.49,Paid,4,2026-08-01
716148,917393,216,2026-07-26,499.65,Paid,0,2026-07-26
716149,905662,144,2026-07-28,57.38,Paid,8,2026-08-05
716150,912653,320,2026-07-26,76.79,Paid,10,2026-08-05
716151,914052,354,2026-07-26,59.38,Paid,9,2026-08-04
716152,908599,206,2026-07-27,52.77,Paid,1,2026-07-28
716153,907120,178,2026-07-28,56.39,Paid,0,2026-07-28
716154,901729,41,2026-07-28,57.14,Paid,5,2026-08-02
716155,903962,102,2026-07-26,72.53,Paid,8,2026-08-03
716156,908402,203,2026-07-27,78.32,Paid,25,2026-08-21
716157,905231,135,2026-07-27,55.61,Paid,17,2026-08-13
716158,907355,182,2026-07-27,58.31,Paid,7,2026-08-03
716159,916396,409,2026-07-26,77.9,Paid,3,2026-07-29
716160,910009,242,2026-07-26,84.36,Paid,17,2026-08-12
716161,900332,9,2026-07-27,56.43,Paid,12,2026-08-08
716162,906924,175,2026-07-26,94.04,Paid,23,2026-08-18
716163,909360,227,2026-07-27,60.31,Paid,3,2026-07-30
716164,905466,140,2026-07-27,61.69,Paid,2,2026-07-29
716165,905765,146,2026-07-28,58.84,Paid,4,2026-08-01
716166,908714,209,2026-07-26,58.59,Paid,8,2026-08-03
716167,903411,86,2026-07-27,61.78,Paid,0,2026-07-27
716168,914741,371,2026-07-29,55.02,Paid,5,2026-08-03
716169,913398,340,2026-07-29,64.82,Paid,28,2026-08-26
716170,907657,188,2026-07-27,74.46,Paid,25,2026-08-21
716171,903477,87,2026-07-28,57.85,Paid,0,2026-07-28
716172,910490,254,2026-07-28,66.64,Open,,
716173,917232,136,2026-07-27,432.42,Paid,13,2026-08-09
716174,902269,53,2026-07-29,90.62,Paid,6,2026-08-04
716175,902413,57,2026-07-29,67.8,Paid,7,2026-08-05
716176,917145,101,2026-07-28,508.12,Paid,0,2026-07-28
716177,906444,164,2026-07-29,56.78,Paid,14,2026-08-12
716178,916331,408,2026-07-28,55.36,Paid,1,2026-07-29
716179,904881,123,2026-07-28,55.32,Paid,3,2026-07-31
716180,917147,102,2026-07-29,391.42,Paid,15,2026-08-13
716181,905532,142,2026-07-29,54.69,Paid,23,2026-08-21
716182,906380,163,2026-07-28,74.13,Paid,0,2026-07-28
716183,915579,389,2026-07-28,55.68,Paid,5,2026-08-02
716184,902591,62,2026-07-27,73.67,Paid,5,2026-08-01
716185,911653,290,2026-07-27,52.79,Paid,9,2026-08-05
716186,909709,234,2026-07-28,61.24,Paid,0,2026-07-28
716187,912860,328,2026-07-28,67.38,Open,,
716188,900842,21,2026-07-27,93.92,Paid,16,2026-08-12
716189,915155,379,2026-07-29,57.3,Paid,8,2026-08-06
716190,901834,43,2026-07-28,52.85,Paid,11,2026-08-08
716191,912797,324,2026-07-27,52.82,Paid,10,2026-08-06
716192,908194,198,2026-07-28,111.2,Paid,0,2026-07-28
716193,915196,381,2026-07-28,73.23,Paid,6,2026-08-03
716194,906087,153,2026-07-29,82.53,Paid,0,2026-07-29
716195,901900,44,2026-07-28,51.01,Paid,5,2026-08-02
716196,913331,339,2026-07-27,54.77,Paid,13,2026-08-09
716197,900883,22,2026-07-28,69.75,Paid,21,2026-08-18
716198,902759,66,2026-07-27,81.74,Paid,4,2026-07-31
716199,912343,312,2026-07-29,138.49,Paid,24,2026-08-22
716200,911280,281,2026-07-27,57.4,Paid,8,2026-08-04
716201,907997,195,2026-07-28,61.6,Paid,0,2026-07-28
716202,901666,40,2026-07-28,59.21,Paid,19,2026-08-16
716203,900946,25,2026-07-27,82.94,Paid,0,2026-07-27
716204,915815,394,2026-07-29,69.09,Paid,12,2026-08-10
716205,901524,37,2026-07-28,68.48,Paid,21,2026-08-18
716206,916784,418,2026-07-28,62.01,Paid,0,2026-07-28
716207,906549,166,2026-07-28,55.62,Paid,5,2026-08-02
716208,916228,404,2026-07-28,59.01,Paid,8,2026-08-05
716209,916847,419,2026-07-29,78.71,Paid,14,2026-08-12
716210,916268,406,2026-07-29,57.21,Paid,10,2026-08-08
716211,904222,107,2026-07-29,57.2,Paid,19,2026-08-17
716212,917411,229,2026-07-29,198.84,Paid,14,2026-08-12
716213,904157,105,2026-07-30,51.95,Paid,15,2026-08-14
716214,903923,100,2026-07-28,115.99,Paid,7,2026-08-04
716215,910569,256,2026-07-28,56.44,Paid,2,2026-07-30
716216,908535,205,2026-07-30,78.09,Paid,8,2026-08-07
716217,917793,410,2026-07-29,9435.82,Paid,31,2026-08-29
716218,904948,124,2026-07-28,81.09,Paid,10,2026-08-07
716219,913949,352,2026-07-29,134.68,Paid,3,2026-08-01
716220,902958,71,2026-07-28,59.16,Paid,1,2026-07-29
716221,915023,377,2026-07-29,77.68,Paid,17,2026-08-15
716222,912756,323,2026-07-30,70.28,Paid,22,2026-08-21
716223,906012,151,2026-07-28,59.78,Paid,0,2026-07-28
716224,914354,361,2026-07-28,56.9,Paid,0,2026-07-28
716225,904392,111,2026-07-30,60.15,Paid,0,2026-07-30
716226,906990,176,2026-07-29,71.54,Paid,1,2026-07-30
716227,912927,329,2026-07-28,65.11,Paid,24,2026-08-21
716228,904677,119,2026-07-28,51.81,Paid,6,2026-08-03
716229,909088,219,2026-07-28,67.5,Paid,17,2026-08-14
716230,909606,232,2026-07-30,59.07,Paid,11,2026-08-10
716231,900052,1,2026-07-30,56.58,Paid,5,2026-08-04
716232,911382,283,2026-07-28,119.46,Paid,17,2026-08-14
716233,907161,179,2026-07-30,99.69,Paid,28,2026-08-27
716234,904534,115,2026-07-28,67.73,Paid,16,2026-08-13
716235,911038,270,2026-07-29,57.11,Paid,0,2026-07-29
716236,913673,347,2026-07-30,55.03,Paid,0,2026-07-30
716237,915948,397,2026-07-28,57.3,Paid,11,2026-08-08
716238,907592,187,2026-07-28,62.13,Paid,10,2026-08-07
716239,913123,333,2026-07-31,80.9,Paid,0,2026-07-31
716240,916962,20,2026-07-29,229.23,Paid,15,2026-08-13
716241,910802,266,2026-07-30,59.98,Paid,16,2026-08-15
716242,906304,159,2026-07-30,91.62,Paid,25,2026-08-24
716243,910632,259,2026-07-31,117.23,Paid,0,2026-07-31
716244,901770,42,2026-07-30,82.61,Paid,1,2026-07-31
716245,917586,312,2026-07-31,704.67,Paid,15,2026-08-15
716246,908918,213,2026-07-31,119.85,Paid,0,2026-07-31
716247,917010,41,2026-07-30,371.52,Paid,3,2026-08-02
716248,908984,215,2026-07-31,120.35,Paid,0,2026-07-31
716249,915347,385,2026-07-29,86.7,Paid,9,2026-08-07
716250,903062,76,2026-07-31,55.11,Paid,0,2026-07-31
716251,907789,191,2026-07-29,114.81,Paid,10,2026-08-08
716252,902826,69,2026-07-29,60.38,Paid,0,2026-07-29
716253,911993,302,2026-07-30,118.07,Paid,4,2026-08-03
716254,916128,402,2026-07-31,67.71,Paid,21,2026-08-21
716255,900373,10,2026-07-30,58.59,Paid,13,2026-08-12
716256,903102,77,2026-07-31,69.33,Paid,17,2026-08-17
716257,915410,386,2026-07-29,55.15,Paid,13,2026-08-11
716258,906227,157,2026-07-29,56.16,Paid,15,2026-08-13
716259,908063,196,2026-07-29,58.99,Paid,0,2026-07-29
716260,900674,16,2026-07-29,63.74,Paid,0,2026-07-29
716261,911761,294,2026-07-30,89.46,Paid,30,2026-08-29
716262,906795,172,2026-07-31,55.94,Paid,22,2026-08-22
716263,912203,307,2026-07-29,62.28,Paid,8,2026-08-06
716264,911551,288,2026-07-31,57.8,Paid,16,2026-08-16
716265,907291,181,2026-07-31,58.17,Paid,7,2026-08-07
716266,909841,236,2026-07-29,121.95,Paid,12,2026-08-10
716267,904091,104,2026-07-29,56.39,Paid,0,2026-07-29
716268,905078,126,2026-07-30,73.68,Paid,13,2026-08-12
716269,900092,2,2026-07-30,55.6,Paid,11,2026-08-10
716270,901352,34,2026-07-29,61.45,Paid,23,2026-08-21
716271,915682,391,2026-07-29,66.47,Paid,24,2026-08-22
716272,914665,368,2026-07-29,55.54,Paid,3,2026-08-01
716273,915476,387,2026-07-30,66.7,Paid,19,2026-08-18
716274,907055,177,2026-07-31,57.94,Paid,3,2026-08-03
716275,905013,125,2026-07-29,82.27,Paid,0,2026-07-29
716276,904025,103,2026-07-31,83.48,Paid,31,2026-08-31
716277,904262,109,2026-07-29,58.88,Paid,0,2026-07-29
716278,917534,287,2026-07-30,1690.97,Paid,18,2026-08-17
716279,905897,148,2026-07-30,61.17,Paid,7,2026-08-06
716280,917645,339,2026-07-30,249.15,Paid,0,2026-07-30
716281,910188,248,2026-07-30,124.31,Paid,9,2026-08-08
716282,901013,27,2026-08-01,78.49,Paid,11,2026-08-12
716283,906614,167,2026-07-31,58.81,Paid,11,2026-08-11
716284,908469,204,2026-07-30,67.79,Paid,17,2026-08-16
716285,902373,55,2026-07-31,92.3,Paid,23,2026-08-23
716286,904638,118,2026-07-30,54.47,Paid,20,2026-08-19
716287,914523,365,2026-07-30,56.76,Paid,10,2026-08-09
716288,911928,299,2026-08-01,59.96,Paid,0,2026-08-01
716289,900437,11,2026-07-31,54.13,Paid,0,2026-07-31
716290,908128,197,2026-08-01,81.56,Paid,11,2026-08-12
716291,911178,279,2026-08-01,55.53,Paid,0,2026-08-01
716292,914090,355,2026-08-01,51.92,Paid,16,2026-08-17
716293,901249,31,2026-08-01,126.14,Paid,21,2026-08-22
716294,916051,399,2026-07-31,54.66,Paid,9,2026-08-09
716295,913909,351,2026-07-30,53.47,Paid,0,2026-07-30
716296,909298,226,2026-07-30,78.62,Paid,12,2026-08-11
716297,914625,367,2026-08-01,57.27,Paid,22,2026-08-23
716298,904471,114,2026-07-31,69.5,Paid,21,2026-08-21
716299,912096,304,2026-07-31,98.74,Paid,16,2026-08-16
716300,914288,359,2026-08-01,79.99,Paid,2,2026-08-03
716301,904740,120,2026-07-31,77.17,Paid,9,2026-08-09
716302,911824,295,2026-08-01,61.74,Paid,22,2026-08-23
716303,900192,4,2026-07-30,82.86,Paid,12,2026-08-11
716304,909775,235,2026-08-01,60.11,Paid,13,2026-08-14
716305,912516,316,2026-08-01,117.62,Paid,13,2026-08-14
716306,909505,230,2026-07-30,122.95,Paid,3,2026-08-02
716307,911448,286,2026-07-30,53.56,Paid,5,2026-08-04
716308,912410,313,2026-08-01,123.7,Paid,16,2026-08-17
716309,910531,255,2026-07-31,57.0,Paid,11,2026-08-11
716310,906342,161,2026-07-31,56.82,Paid,0,2026-07-31
716311,916913,420,2026-07-31,79.13,Paid,0,2026-07-31
716312,917811,416,2026-07-31,483.83,Paid,2,2026-08-02
716313,904818,122,2026-07-31,102.1,Paid,29,2026-08-29
716314,903346,85,2026-08-01,81.92,Paid,0,2026-08-01
716315,903753,97,2026-08-01,78.69,Paid,9,2026-08-10
716316,901419,35,2026-07-31,56.28,Paid,0,2026-07-31
716317,915090,378,2026-08-01,119.97,Paid,22,2026-08-23
716318,912163,306,2026-08-01,58.79,Paid,3,2026-08-04
716319,905194,133,2026-08-01,54.18,Paid,8,2026-08-09
716320,910359,251,2026-07-31,58.73,Paid,5,2026-08-05
716321,907459,184,2026-08-01,77.21,Paid,0,2026-08-01
716322,901289,32,2026-08-01,58.01,Paid,0,2026-08-01
716323,913807,349,2026-08-02,123.26,Paid,11,2026-08-13
716324,909543,231,2026-07-31,72.89,Paid,12,2026-08-12
716325,904327,110,2026-08-01,70.81,Paid,19,2026-08-20
716326,909908,238,2026-07-31,57.14,Paid,0,2026-07-31
716327,902893,70,2026-07-31,65.47,Paid,15,2026-08-15
716328,908677,208,2026-07-31,123.45,Paid,4,2026-08-04
716329,904780,121,2026-07-31,65.63,Paid,18,2026-08-18
716330,914844,373,2026-07-31,56.91,Paid,11,2026-08-11
716331,907724,190,2026-08-02,99.52,Paid,18,2026-08-20
716332,917498,270,2026-08-02,541.87,Paid,2,2026-08-04
716333,910425,252,2026-08-01,56.4,Paid,7,2026-08-08
716334,910972,269,2026-07-31,55.28,Paid,1,2026-08-01
716335,914394,362,2026-08-01,58.75,Paid,3,2026-08-04
716336,914779,372,2026-08-01,133.29,Paid,0,2026-08-01
716337,903583,92,2026-07-31,81.84,Paid,4,2026-08-04
716338,902656,64,2026-08-01,78.8,Paid,17,2026-08-18
716339,913265,336,2026-08-01,72.6,Paid,13,2026-08-14
716340,910906,268,2026-07-31,57.69,Paid,0,2026-07-31
716341,901562,38,2026-08-02,57.94,Paid,4,2026-08-06
716342,902136,51,2026-07-31,68.96,Open,,
716343,908339,201,2026-07-31,59.53,Paid,20,2026-08-20
716344,915749,393,2026-07-31,81.2,Paid,21,2026-08-21
716345,900333,9,2026-08-02,56.82,Paid,9,2026-08-11
716346,909154,221,2026-07-31,114.5,Paid,13,2026-08-13
716347,901079,28,2026-07-31,53.97,Paid,0,2026-07-31
716348,916604,413,2026-07-31,85.91,Paid,17,2026-08-17
716349,903244,83,2026-08-02,55.37,Paid,0,2026-08-02
716350,905832,147,2026-07-31,58.19,Paid,20,2026-08-20
716351,914222,357,2026-08-02,88.46,Paid,9,2026-08-11
716352,901626,39,2026-08-01,61.71,Paid,11,2026-08-12
716353,913466,341,2026-08-01,59.91,Paid,10,2026-08-11
716354,905401,139,2026-08-03,59.27,Paid,4,2026-08-07
716355,917135,97,2026-08-02,452.31,Paid,1,2026-08-03
716356,912993,330,2026-08-02,59.67,Paid,24,2026-08-26
716357,912279,309,2026-08-02,59.98,Paid,9,2026-08-11
716358,913533,342,2026-08-01,58.63,Paid,5,2026-08-06
716359,907526,186,2026-08-01,58.6,Paid,0,2026-08-01
716360,903204,81,2026-08-01,95.57,Paid,19,2026-08-20
716361,903282,84,2026-08-03,60.88,Paid,0,2026-08-03
716362,910228,249,2026-08-03,83.9,Paid,7,2026-08-10
716363,901730,41,2026-08-03,57.73,Paid,10,2026-08-13
716364,900609,15,2026-08-03,55.18,Paid,1,2026-08-04
716365,901185,30,2026-08-03,55.75,Paid,20,2026-08-23
716366,900504,13,2026-08-03,53.89,Paid,7,2026-08-10
716367,915816,394,2026-08-03,66.61,Open,,
716368,909646,233,2026-08-01,84.99,Paid,0,2026-08-01
716369,905296,137,2026-08-01,76.66,Paid,4,2026-08-05
716370,913740,348,2026-08-01,53.95,Paid,0,2026-08-01
716371,914155,356,2026-08-01,82.26,Paid,0,2026-08-01
716372,910125,247,2026-08-03,67.91,Paid,8,2026-08-11
716373,902998,72,2026-08-03,80.56,Paid,14,2026-08-17
716374,910699,261,2026-08-02,54.88,Paid,0,2026-08-02
716375,906717,170,2026-08-01,77.55,Paid,4,2026-08-05
716376,910292,250,2026-08-01,76.31,Paid,6,2026-08-07
716377,908816,211,2026-08-02,69.96,Paid,17,2026-08-19
716378,900740,18,2026-08-03,56.37,Paid,0,2026-08-03
716379,912476,314,2026-08-01,63.71,Paid,8,2026-08-09
716380,916540,412,2026-08-01,82.85,Paid,10,2026-08-11
716381,907932,194,2026-08-03,60.51,Paid,5,2026-08-08
716382,901145,29,2026-08-02,92.62,Paid,14,2026-08-16
716383,915882,395,2026-08-04,62.52,Paid,0,2026-08-04
716384,905766,146,2026-08-02,53.81,Paid,15,2026-08-17
716385,910010,242,2026-08-02,76.9,Paid,8,2026-08-10
716386,915988,398,2026-08-02,62.22,Paid,25,2026-08-27
716387,905336,138,2026-08-04,61.29,Paid,0,2026-08-04
716388,917755,393,2026-08-03,4749.98,Paid,0,2026-08-03
716389,910050,245,2026-08-03,82.12,Paid,11,2026-08-14
716390,911281,281,2026-08-02,58.1,Paid,0,2026-08-02
716391,910739,262,2026-08-04,68.85,Paid,9,2026-08-13
716392,912757,323,2026-08-04,69.47,Open,,
716393,916707,416,2026-08-02,73.69,Paid,4,2026-08-06
716394,902476,58,2026-08-02,67.46,Paid,28,2026-08-30
716395,913058,331,2026-08-02,54.04,Paid,7,2026-08-09
716396,915234,382,2026-08-04,71.65,Paid,11,2026-08-15
716397,914013,353,2026-08-04,59.49,Paid,4,2026-08-08
716398,908261,199,2026-08-02,84.43,Paid,16,2026-08-18
716399,914457,363,2026-08-03,58.47,Paid,14,2026-08-17
716400,907829,192,2026-08-03,112.26,Paid,9,2026-08-12
716401,909467,229,2026-08-04,57.72,Paid,0,2026-08-04
716402,901966,45,2026-08-02,59.96,Paid,13,2026-08-15
716403,907225,180,2026-08-04,86.09,Paid,0,2026-08-04
716404,909220,222,2026-08-03,79.34,Paid,8,2026-08-11
716405,911721,293,2026-08-04,58.24,Paid,13,2026-08-17
716406,907121,178,2026-08-03,58.81,Paid,9,2026-08-12
716407,902696,65,2026-08-04,55.06,Paid,17,2026-08-21
716408,908600,206,2026-08-04,57.72,Paid,7,2026-08-11
716409,912654,320,2026-08-02,82.84,Paid,0,2026-08-02
716410,906125,155,2026-08-03,54.59,Paid,11,2026-08-14
716411,905937,149,2026-08-02,57.31,Paid,6,2026-08-08
716412,912694,322,2026-08-02,111.57,Paid,16,2026-08-18
716413,911383,283,2026-08-02,110.58,Paid,9,2026-08-11
716414,908403,203,2026-08-03,77.97,Paid,6,2026-08-09
716415,905663,144,2026-08-02,57.89,Paid,11,2026-08-13
716416,909361,227,2026-08-02,61.03,Paid,6,2026-08-08
716417,904433,113,2026-08-04,62.77,Paid,0,2026-08-04
716418,913332,339,2026-08-03,54.33,Paid,2,2026-08-05
716419,901484,36,2026-08-03,72.7,Paid,6,2026-08-09
716420,909260,225,2026-08-03,58.3,Paid,11,2026-08-14
716421,905467,140,2026-08-04,54.04,Paid,21,2026-08-25
716422,915309,384,2026-08-02,69.1,Paid,21,2026-08-23
716423,912241,308,2026-08-03,60.2,Paid,0,2026-08-03
716424,906925,175,2026-08-03,104.14,Paid,10,2026-08-13
716425,903649,95,2026-08-04,95.29,Paid,21,2026-08-25
716426,916397,409,2026-08-03,80.75,Paid,0,2026-08-03
716427,916644,414,2026-08-04,53.1,Paid,0,2026-08-04
716428,909427,228,2026-08-02,76.87,Paid,3,2026-08-05
716429,914884,374,2026-08-03,82.57,Paid,11,2026-08-14
716430,909710,234,2026-08-03,57.33,Paid,7,2026-08-10
716431,906445,164,2026-08-03,57.88,Paid,5,2026-08-08
716432,902203,52,2026-08-04,121.26,Paid,5,2026-08-09
716433,908195,198,2026-08-05,117.2,Paid,2,2026-08-07
716434,913399,340,2026-08-05,64.81,Paid,25,2026-08-30
716435,906860,173,2026-08-05,77.42,Paid,7,2026-08-12
716436,900843,21,2026-08-05,92.67,Paid,20,2026-08-25
716437,909024,216,2026-08-03,58.44,Paid,2,2026-08-05
716438,917091,75,2026-08-05,495.38,Paid,4,2026-08-09
716439,910491,254,2026-08-03,68.31,Paid,7,2026-08-10
716440,913610,345,2026-08-04,57.61,Paid,10,2026-08-14
716441,913163,334,2026-08-04,52.42,Paid,0,2026-08-04
716442,907998,195,2026-08-05,54.33,Paid,7,2026-08-12
716443,916500,411,2026-08-05,125.64,Paid,8,2026-08-13
716444,917030,49,2026-08-05,572.25,Paid,13,2026-08-18
716445,916332,408,2026-08-03,58.13,Paid,4,2026-08-07
716446,915580,389,2026-08-05,55.93,Paid,0,2026-08-05
716447,903412,86,2026-08-05,55.09,Paid,21,2026-08-26
716448,903820,98,2026-08-03,59.96,Paid,5,2026-08-08
716449,912861,328,2026-08-03,64.37,Paid,18,2026-08-21
716450,913674,347,2026-08-03,54.0,Paid,4,2026-08-07
716451,900544,14,2026-08-05,70.08,Paid,14,2026-08-19
716452,912344,312,2026-08-05,139.65,Paid,12,2026-08-17
716453,904393,111,2026-08-04,58.34,Paid,16,2026-08-20
716454,907658,188,2026-08-03,67.75,Paid,15,2026-08-18
716455,904026,103,2026-08-04,81.7,Paid,0,2026-08-04
716456,905598,143,2026-08-04,57.84,Paid,0,2026-08-04
716457,901835,43,2026-08-04,56.62,Paid,3,2026-08-07
716458,903478,87,2026-08-03,61.76,Paid,11,2026-08-14
716459,915156,379,2026-08-05,57.23,Paid,11,2026-08-16
716460,904882,123,2026-08-05,55.7,Paid,3,2026-08-08
716461,907867,193,2026-08-04,53.99,Paid,0,2026-08-04
716462,906163,156,2026-08-04,53.16,Paid,20,2026-08-24
716463,907356,182,2026-08-05,57.02,Paid,11,2026-08-16
716464,902032,47,2026-08-05,56.64,Paid,7,2026-08-12
716465,901901,44,2026-08-04,62.24,Paid,3,2026-08-07
716466,902760,66,2026-08-05,73.34,Paid,9,2026-08-14
716467,914355,361,2026-08-06,55.3,Paid,17,2026-08-23
716468,904949,124,2026-08-05,80.88,Paid,0,2026-08-05
716469,909776,235,2026-08-04,58.4,Paid,0,2026-08-04
716470,914563,366,2026-08-05,84.62,Paid,0,2026-08-05
716471,909948,241,2026-08-05,57.41,Paid,14,2026-08-19
716472,916848,419,2026-08-04,78.2,Paid,3,2026-08-07
716473,903924,100,2026-08-06,115.42,Paid,12,2026-08-18
716474,912591,318,2026-08-06,57.93,Paid,0,2026-08-06
716475,917228,136,2026-08-04,2799.46,Paid,0,2026-08-04
716476,912928,329,2026-08-05,65.39,Paid,15,2026-08-20
716477,903689,96,2026-08-04,57.44,Paid,0,2026-08-04
716478,904158,105,2026-08-04,54.46,Paid,10,2026-08-14
716479,908536,205,2026-08-05,75.72,Paid,18,2026-08-23
716480,916747,417,2026-08-04,56.28,Paid,1,2026-08-05
716481,909607,232,2026-08-05,59.65,Paid,22,2026-08-27
716482,904223,107,2026-08-06,54.38,Paid,13,2026-08-19
716483,913201,335,2026-08-05,59.36,Paid,13,2026-08-18
716484,904535,115,2026-08-06,68.34,Open,,
716485,902270,53,2026-08-05,97.75,Paid,19,2026-08-24
716486,906550,166,2026-08-05,55.94,Paid,11,2026-08-16
716487,902827,69,2026-08-04,59.04,Paid,0,2026-08-04
716488,902516,60,2026-08-05,61.32,Paid,12,2026-08-17
716489,900053,1,2026-08-06,56.99,Paid,3,2026-08-09
716490,915949,397,2026-08-04,58.04,Paid,20,2026-08-24
716491,913573,343,2026-08-06,79.71,Paid,9,2026-08-15
716492,915024,377,2026-08-06,65.86,Paid,0,2026-08-06
716493,906654,169,2026-08-06,67.44,Paid,23,2026-08-29
716494,915516,388,2026-08-06,59.2,Paid,11,2026-08-17
716495,911039,270,2026-08-06,56.1,Paid,11,2026-08-17
716496,902959,71,2026-08-05,60.29,Paid,0,2026-08-05
716497,916229,404,2026-08-04,53.85,Paid,2,2026-08-06
716498,909089,219,2026-08-04,68.28,Paid,25,2026-08-29
716499,911078,274,2026-08-04,82.38,Paid,1,2026-08-05
716500,911654,290,2026-08-05,59.07,Paid,12,2026-08-17
716501,906991,176,2026-08-04,75.17,Paid,13,2026-08-17
716502,907593,187,2026-08-06,58.03,Paid,18,2026-08-24
716503,903113,77,2026-08-07,112.59,Paid,11,2026-08-18
716504,907292,181,2026-08-06,57.43,Paid,0,2026-08-06
716505,907406,183,2026-08-06,132.39,Paid,8,2026-08-14
716506,905079,126,2026-08-06,82.68,Paid,2,2026-08-08
716507,901497,36,2026-08-06,133.48,Paid,1,2026-08-07
716508,902310,54,2026-08-05,55.79,Paid,17,2026-08-22
716509,901848,43,2026-08-06,91.05,Paid,19,2026-08-25
716510,913124,333,2026-08-07,77.43,Open,,
716511,909309,226,2026-08-06,133.46,Paid,22,2026-08-28
716512,911994,302,2026-08-06,123.65,Paid,16,2026-08-22
716513,915272,383,2026-08-07,55.39,Paid,0,2026-08-07
716514,911552,288,2026-08-07,56.27,Paid,0,2026-08-07
716515,905026,125,2026-08-06,118.01,Paid,0,2026-08-06
716516,910633,259,2026-08-06,118.93,Paid,19,2026-08-25
716517,905014,125,2026-08-07,80.73,Paid,2,2026-08-09
716518,900675,16,2026-08-06,53.8,Paid,1,2026-08-07
716519,908919,213,2026-08-06,108.67,Paid,16,2026-08-22
716520,903860,99,2026-08-05,81.77,Paid,9,2026-08-14
716521,900947,25,2026-08-05,82.08,Paid,5,2026-08-10
716522,908350,201,2026-08-05,93.61,Paid,0,2026-08-05
716523,914933,375,2026-08-07,92.56,Paid,16,2026-08-23
716524,910023,242,2026-08-06,132.75,Paid,4,2026-08-10
716525,913136,333,2026-08-07,118.97,Paid,0,2026-08-07
716526,904092,104,2026-08-06,55.45,Paid,21,2026-08-27
716527,910803,266,2026-08-06,63.47,Paid,1,2026-08-07
716528,915683,391,2026-08-05,64.99,Paid,21,2026-08-26
716529,902216,52,2026-08-05,179.31,Paid,10,2026-08-15
716530,905414,139,2026-08-05,90.15,Paid,14,2026-08-19
716531,900232,6,2026-08-06,59.69,Paid,20,2026-08-26
716532,909842,236,2026-08-05,116.06,Paid,10,2026-08-15
716533,906050,152,2026-08-06,54.48,Paid,8,2026-08-14
716534,908548,205,2026-08-05,123.34,Paid,3,2026-08-08
716535,914235,357,2026-08-05,131.56,Paid,9,2026-08-14
716536,901353,34,2026-08-07,64.8,Paid,17,2026-08-24
716537,907790,191,2026-08-07,126.1,Paid,5,2026-08-12
716538,916166,403,2026-08-07,81.11,Paid,9,2026-08-16
716539,915477,387,2026-08-07,62.28,Open,,
716540,903140,79,2026-08-05,57.73,Paid,0,2026-08-05
716541,916091,401,2026-08-05,55.89,Paid,4,2026-08-09
716542,908064,196,2026-08-05,62.56,Paid,18,2026-08-23
716543,905703,145,2026-08-05,123.68,Paid,0,2026-08-05
716544,905533,142,2026-08-07,54.5,Paid,8,2026-08-15
716545,906228,157,2026-08-07,51.31,Paid,14,2026-08-21
716546,907396,183,2026-08-06,85.38,Paid,10,2026-08-16
716547,903063,76,2026-08-05,61.03,Paid,0,2026-08-05
716548,904039,103,2026-08-07,124.72,Paid,4,2026-08-11
716549,907056,177,2026-08-07,62.06,Paid,10,2026-08-17
716550,905975,150,2026-08-05,60.26,Paid,5,2026-08-10
716551,911115,275,2026-08-06,57.13,Paid,25,2026-08-31
716552,916345,408,2026-08-07,102.73,Paid,14,2026-08-21
716553,908640,207,2026-08-07,60.33,Open,,
716554,911449,286,2026-08-06,57.37,Paid,6,2026-08-12
716555,904639,118,2026-08-07,50.87,Paid,0,2026-08-07
716556,906938,175,2026-08-08,152.74,Open,,
716557,908129,197,2026-08-08,78.1,Open,,
716558,916052,399,2026-08-08,56.03,Paid,7,2026-08-15
716559,904651,118,2026-08-07,99.58,Open,,
716560,914289,359,2026-08-06,73.72,Paid,7,2026-08-13
716561,905091,126,2026-08-08,132.94,Open,,
716562,903255,83,2026-08-08,97.82,Paid,0,2026-08-08
716563,900780,19,2026-08-06,57.7,Paid,15,2026-08-21
716564,904741,120,2026-08-07,79.03,Paid,15,2026-08-22
716565,912097,304,2026-08-07,94.19,Open,,
716566,914752,371,2026-08-06,96.65,Paid,0,2026-08-06
716567,915829,394,2026-08-08,116.11,Paid,9,2026-08-17
716568,910088,246,2026-08-08,68.02,Open,,
716569,911179,279,2026-08-06,53.76,Paid,15,2026-08-21
716570,913847,350,2026-08-06,56.75,Paid,20,2026-08-26
716571,917727,380,2026-08-07,559.67,Paid,7,2026-08-14
716572,914524,365,2026-08-06,55.28,Paid,7,2026-08-13
716573,913910,351,2026-08-07,53.36,Paid,0,2026-08-07
716574,906768,171,2026-08-06,121.97,Paid,19,2026-08-25
716575,912477,314,2026-08-07,69.67,Open,,
716576,903833,98,2026-08-07,101.47,Paid,22,2026-08-29
716577,910189,248,2026-08-06,119.56,Paid,11,2026-08-17
716578,900790,19,2026-08-06,90.26,Paid,11,2026-08-17
716579,912411,313,2026-08-08,120.42,Paid,0,2026-08-08
716580,908613,206,2026-08-06,89.63,Paid,0,2026-08-06
716581,912527,316,2026-08-07,164.54,Paid,0,2026-08-07
716582,901014,27,2026-08-06,80.12,Paid,0,2026-08-06
716583,901743,41,2026-08-07,87.89,Open,,
716584,905898,148,2026-08-07,51.55,Paid,0,2026-08-07
716585,905611,143,2026-08-06,91.66,Paid,25,2026-08-31
716586,911929,299,2026-08-06,52.19,Paid,13,2026-08-19
716587,906615,167,2026-08-06,56.62,Paid,21,2026-08-27
716588,902564,61,2026-08-06,115.01,Paid,22,2026-08-28
716589,912554,317,2026-08-07,72.79,Paid,9,2026-08-16
716590,909788,235,2026-08-06,101.57,Paid,14,2026-08-20
716591,900555,14,2026-08-07,112.1,Paid,18,2026-08-25
716592,908866,212,2026-08-08,108.85,Paid,19,2026-08-27
716593,908985,215,2026-08-08,115.94,Paid,5,2026-08-13
716594,902374,55,2026-08-07,99.85,Paid,12,2026-08-19
716595,908470,204,2026-08-07,55.35,Paid,0,2026-08-07
716596,900438,11,2026-08-06,59.94,Paid,7,2026-08-13
716597,911591,289,2026-08-07,52.37,Paid,8,2026-08-15
716598,911825,295,2026-08-07,70.91,Paid,24,2026-08-31
716599,900193,4,2026-08-08,73.24,Paid,12,2026-08-20
716600,908856,212,2026-08-07,68.0,Paid,17,2026-08-24
716601,915620,390,2026-08-06,61.45,Paid,8,2026-08-14
716602,906267,158,2026-08-08,68.38,Open,,
716603,901250,31,2026-08-07,130.48,Paid,0,2026-08-07
716604,910842,267,2026-08-07,119.3,Open,,
716605,906664,169,2026-08-07,108.84,Paid,14,2026-08-21
716606,914626,367,2026-08-07,56.02,Open,,
716607,912940,329,2026-08-07,111.57,Paid,21,2026-08-28
716608,904328,110,2026-08-08,65.39,Paid,16,2026-08-24
716609,910973,269,2026-08-07,53.81,Open,,
716610,905157,132,2026-08-07,59.9,Paid,17,2026-08-24
716611,900130,3,2026-08-07,77.99,Paid,11,2026-08-18
716612,907539,186,2026-08-09,95.72,Paid,0,2026-08-09
716613,914223,357,2026-08-08,74.54,Open,,
716614,907369,182,2026-08-09,94.72,Paid,11,2026-08-20
716615,909909,238,2026-08-08,59.59,Paid,9,2026-08-17
716616,902894,70,2026-08-08,68.1,Paid,8,2026-08-16
716617,912164,306,2026-08-07,58.61,Paid,0,2026-08-07
716618,903754,97,2026-08-08,73.84,Paid,0,2026-08-08
716619,910426,252,2026-08-09,53.88,Paid,15,2026-08-24
716620,903519,88,2026-08-08,68.02,Paid,17,2026-08-25
716621,914026,353,2026-08-07,95.64,Paid,0,2026-08-07
716622,900334,9,2026-08-08,64.85,Paid,0,2026-08-08
716623,903347,85,2026-08-09,75.05,Paid,0,2026-08-09
716624,911722,293,2026-08-09,54.34,Paid,8,2026-08-17
716625,910438,252,2026-08-09,89.03,Open,,
716626,905833,147,2026-08-09,60.09,Paid,9,2026-08-18
716627,900270,7,2026-08-07,56.05,Paid,18,2026-08-25
716628,902839,69,2026-08-07,94.29,Paid,0,2026-08-07
716629,915091,378,2026-08-08,111.69,Paid,13,2026-08-21
716630,907003,176,2026-08-09,124.85,Paid,17,2026-08-26
716631,916914,420,2026-08-09,81.84,Paid,10,2026-08-19
716632,902554,61,2026-08-07,73.19,Paid,20,2026-08-27
716633,915411,386,2026-08-09,55.84,Open,,
716634,906240,157,2026-08-07,96.23,Paid,5,2026-08-12
716635,900741,18,2026-08-07,57.94,Paid,7,2026-08-14
716636,910360,251,2026-08-09,55.52,Paid,8,2026-08-17
716637,907725,190,2026-08-07,84.82,Paid,17,2026-08-24
716638,906758,171,2026-08-07,78.43,Paid,6,2026-08-13
716639,902657,64,2026-08-07,82.22,Open,,
716640,909155,221,2026-08-07,127.28,Paid,12,2026-08-19
716641,914845,373,2026-08-09,53.44,Paid,0,2026-08-09
716642,914961,376,2026-08-09,78.25,Open,,
716643,909428,228,2026-08-07,77.25,Paid,0,2026-08-07
716644,910504,254,2026-08-09,106.9,Paid,21,2026-08-30
716645,916605,413,2026-08-09,77.36,Paid,6,2026-08-15
716646,902137,51,2026-08-09,67.12,Open,,
716647,909440,228,2026-08-07,137.31,Paid,0,2026-08-07
716648,908817,211,2026-08-09,64.4,Paid,19,2026-08-28
716649,908302,200,2026-08-08,70.63,Paid,22,2026-08-30
716650,912034,303,2026-08-09,81.18,Paid,14,2026-08-23
716651,901080,28,2026-08-07,56.87,Paid,0,2026-08-07
716652,913808,349,2026-08-09,123.8,Open,,
716653,915750,393,2026-08-09,74.76,Paid,11,2026-08-20
716654,912357,312,2026-08-08,226.6,Paid,6,2026-08-14
716655,902971,71,2026-08-07,94.61,Paid,5,2026-08-12
716656,910907,268,2026-08-08,58.96,Paid,0,2026-08-08
716657,901420,35,2026-08-09,58.13,Paid,9,2026-08-18
716658,913266,336,2026-08-07,78.73,Paid,0,2026-08-07
716659,901627,39,2026-08-08,55.23,Paid,5,2026-08-13
716660,907460,184,2026-08-08,86.31,Paid,7,2026-08-15
716661,908208,198,2026-08-07,175.76,Paid,8,2026-08-15
716662,911051,270,2026-08-09,88.45,Open,,
716663,913333,339,2026-08-10,51.85,Paid,0,2026-08-10
716664,913741,348,2026-08-08,59.03,Paid,11,2026-08-19
716665,900346,9,2026-08-09,84.27,Paid,9,2026-08-18
716666,904575,116,2026-08-08,57.9,Paid,0,2026-08-08
716667,901026,27,2026-08-08,124.88,Paid,0,2026-08-08
716668,907933,194,2026-08-10,53.76,Paid,0,2026-08-10
716669,901731,41,2026-08-10,56.81,Paid,7,2026-08-17
716670,914923,375,2026-08-08,55.24,Paid,0,2026-08-08
716671,911219,280,2026-08-09,64.01,Paid,0,2026-08-09
716672,905297,137,2026-08-09,81.98,Paid,5,2026-08-14
716673,907172,179,2026-08-10,137.19,Open,,
716674,910293,250,2026-08-09,83.39,Paid,2,2026-08-11
716675,913467,341,2026-08-10,59.69,Paid,7,2026-08-17
716676,910712,261,2026-08-09,96.26,Paid,0,2026-08-09
716677,913534,342,2026-08-08,56.64,Paid,11,2026-08-19
716678,904235,107,2026-08-10,91.72,Paid,0,2026-08-10
716679,916410,409,2026-08-09,117.45,Open,,
716680,912489,314,2026-08-10,97.2,Open,,
716681,905676,144,2026-08-08,95.98,Paid,0,2026-08-08
716682,916447,410,2026-08-10,142.1,Open,,
716683,911865,298,2026-08-08,57.72,Paid,0,2026-08-08
716684,904547,115,2026-08-10,114.95,Paid,17,2026-08-27
716685,914156,356,2026-08-10,79.86,Paid,19,2026-08-29
716686,906718,170,2026-08-09,84.85,Paid,0,2026-08-09
716687,902204,52,2026-08-10,109.1,Paid,8,2026-08-18
716688,907527,186,2026-08-09,56.17,Paid,7,2026-08-16
716689,907472,184,2026-08-10,133.9,Paid,14,2026-08-24
716690,911875,298,2026-08-09,90.56,Paid,0,2026-08-09
716691,914704,370,2026-08-09,80.77,Open,,
716692,911601,289,2026-08-08,97.68,Paid,21,2026-08-29
716693,914676,368,2026-08-10,99.01,Paid,0,2026-08-10
716694,900610,15,2026-08-08,60.12,Paid,3,2026-08-11
716695,903821,98,2026-08-10,57.61,Paid,0,2026-08-10
716696,916501,411,2026-08-09,112.67,Paid,6,2026-08-15
716697,907878,193,2026-08-09,89.52,Open,,
716698,906486,165,2026-08-08,57.1,Paid,0,2026-08-08
716699,905402,139,2026-08-08,63.66,Open,,
716700,910700,261,2026-08-08,61.83,Paid,0,2026-08-08
716701,901146,29,2026-08-08,93.47,Paid,13,2026-08-21
716702,900505,13,2026-08-10,61.01,Paid,10,2026-08-20
716703,905119,129,2026-08-08,79.51,Paid,4,2026-08-12
716704,902033,47,2026-08-10,62.03,Paid,0,2026-08-10
716705,902045,47,2026-08-10,88.62,Open,,
716706,912994,330,2026-08-08,56.88,Open,,
716707,904406,111,2026-08-09,91.03,Paid,11,2026-08-20
716708,902073,48,2026-08-08,53.84,Open,,
716709,906861,173,2026-08-09,82.6,Paid,7,2026-08-16
716710,903205,81,2026-08-10,95.69,Open,,
716711,906873,173,2026-08-09,124.51,Paid,17,2026-08-26
716712,915817,394,2026-08-10,63.06,Open,,
716713,908752,210,2026-08-11,62.73,Open,,
716714,902477,58,2026-08-09,70.11,Paid,5,2026-08-14
716715,903963,102,2026-08-10,71.39,Open,,
716716,914014,353,2026-08-11,58.51,Paid,9,2026-08-20
716717,903596,92,2026-08-11,128.96,Open,,
716718,908601,206,2026-08-10,56.01,Open,,
716719,904895,123,2026-08-09,94.44,Paid,0,2026-08-09
716720,914053,354,2026-08-11,58.04,Open,,
716721,902526,60,2026-08-09,98.81,Open,,
716722,909271,225,2026-08-09,85.83,Open,,
716723,909221,222,2026-08-10,76.73,Paid,6,2026-08-16
716724,902669,64,2026-08-10,123.2,Open,,
716725,915282,383,2026-08-10,97.73,Paid,1,2026-08-11
716726,915883,395,2026-08-09,56.61,Paid,2,2026-08-11
716727,911282,281,2026-08-11,56.9,Open,,
716728,911321,282,2026-08-09,108.56,Open,,
716729,906926,175,2026-08-09,95.27,Paid,9,2026-08-18
716730,916991,32,2026-08-11,274.85,Paid,12,2026-08-23
716731,911384,283,2026-08-11,118.35,Paid,7,2026-08-18
716732,909362,227,2026-08-10,58.79,Open,,
716733,905232,135,2026-08-09,57.62,Paid,0,2026-08-09
716734,902773,66,2026-08-10,125.64,Paid,0,2026-08-10
716735,908715,209,2026-08-11,53.93,Paid,2,2026-08-13
716736,911488,287,2026-08-09,60.91,Open,,
716737,908262,199,2026-08-11,80.25,Paid,9,2026-08-20
716738,911498,287,2026-08-09,90.46,Open,,
716739,913059,331,2026-08-10,55.05,Paid,1,2026-08-11
716740,901967,45,2026-08-10,60.98,Open,,
716741,907122,178,2026-08-09,63.37,Paid,9,2026-08-18
716742,917150,102,2026-08-10,402.65,Open,,
716743,907134,178,2026-08-09,88.13,Paid,10,2026-08-19
716744,910011,242,2026-08-11,81.86,Open,,
716745,908404,203,2026-08-09,80.75,Paid,7,2026-08-16
716746,903584,92,2026-08-10,79.98,Paid,13,2026-08-23
716747,902489,58,2026-08-09,101.57,Paid,19,2026-08-28
716748,907840,192,2026-08-09,193.47,Paid,6,2026-08-15
716749,905664,144,2026-08-09,60.77,Paid,1,2026-08-10
716750,905599,143,2026-08-09,58.3,Paid,0,2026-08-09
716751,901485,36,2026-08-11,86.26,Paid,2,2026-08-13
716752,904678,119,2026-08-10,62.41,Paid,0,2026-08-10
716753,907357,182,2026-08-10,55.15,Open,,
716754,907226,180,2026-08-10,75.55,Paid,6,2026-08-16
716755,901573,38,2026-08-10,95.92,Paid,6,2026-08-16
716756,916708,416,2026-08-09,78.22,Paid,4,2026-08-13
716757,914458,363,2026-08-09,52.46,Paid,12,2026-08-21
716758,905767,146,2026-08-11,61.05,Paid,0,2026-08-11
716759,912758,323,2026-08-10,67.97,Paid,17,2026-08-27
716760,916437,410,2026-08-10,96.2,Open,,
716761,914857,373,2026-08-11,88.5,Paid,11,2026-08-22
716762,916398,409,2026-08-09,76.65,Paid,4,2026-08-13
716763,904753,120,2026-08-09,129.12,Open,,
716764,907659,188,2026-08-11,69.52,Open,,
716765,900622,15,2026-08-11,91.33,Paid,8,2026-08-19
716766,915157,379,2026-08-12,56.75,Paid,1,2026-08-13
716767,901196,30,2026-08-11,96.96,Paid,20,2026-08-31
716768,905468,140,2026-08-10,56.49,Paid,11,2026-08-21
716769,901781,42,2026-08-11,126.62,Paid,13,2026-08-24
716770,913621,345,2026-08-12,86.46,Open,,
716771,901667,40,2026-08-10,55.3,Paid,13,2026-08-23
716772,912705,322,2026-08-10,183.37,Paid,9,2026-08-19
716773,907999,195,2026-08-11,57.62,Paid,0,2026-08-11
716774,908997,215,2026-08-12,178.06,Paid,5,2026-08-17
716775,908196,198,2026-08-10,120.81,Open,,
716776,916333,408,2026-08-11,59.68,Paid,2,2026-08-13
716777,909478,229,2026-08-10,93.0,Open,,
716778,909711,234,2026-08-10,55.96,Paid,12,2026-08-22
716779,911655,290,2026-08-10,61.91,Open,,
716780,901836,43,2026-08-11,60.38,Paid,13,2026-08-24
716781,915197,381,2026-08-10,80.83,Paid,3,2026-08-13
716782,909516,230,2026-08-10,190.13,Paid,7,2026-08-17
716783,903479,87,2026-08-10,59.64,Paid,4,2026-08-14
716784,912862,328,2026-08-11,70.67,Open,,
716785,910492,254,2026-08-10,68.46,Open,,
716786,901365,34,2026-08-11,117.92,Paid,11,2026-08-22
716787,913345,339,2026-08-10,93.46,Paid,11,2026-08-21
716788,900948,25,2026-08-12,72.98,Paid,5,2026-08-17
716789,912667,320,2026-08-12,128.84,Paid,1,2026-08-13
716790,904883,123,2026-08-11,62.09,Paid,18,2026-08-29
716791,903650,95,2026-08-10,97.87,Open,,
716792,900884,22,2026-08-12,66.79,Open,,
716793,904829,122,2026-08-12,139.33,Open,,
716794,914742,371,2026-08-10,56.88,Paid,2,2026-08-12
716795,902271,53,2026-08-11,81.26,Open,,
716796,906088,153,2026-08-11,83.49,Open,,
716797,913400,340,2026-08-10,69.92,Paid,21,2026-08-31
716798,902906,70,2026-08-11,107.82,Paid,20,2026-08-31
716799,915581,389,2026-08-12,60.63,Paid,14,2026-08-26
716800,907802,191,2026-08-10,190.21,Paid,17,2026-08-27
716801,908482,204,2026-08-12,94.36,Open,,
716802,913675,347,2026-08-12,57.18,Paid,2,2026-08-14
716803,904394,111,2026-08-12,58.47,Paid,0,2026-08-12
716804,912655,320,2026-08-12,71.96,Paid,4,2026-08-16
716805,912345,312,2026-08-11,153.96,Paid,5,2026-08-16
716806,903413,86,2026-08-10,58.47,Paid,8,2026-08-18
716807,915526,388,2026-08-11,94.2,Paid,2,2026-08-13
716808,916139,402,2026-08-12,111.49,Paid,18,2026-08-30
716809,902592,62,2026-08-11,74.18,Paid,3,2026-08-14
716810,906446,164,2026-08-12,56.22,Paid,8,2026-08-20
716811,915320,384,2026-08-12,114.74,Open,,
716812,905534,142,2026-08-10,56.43,Paid,3,2026-08-13
716813,912423,313,2026-08-12,181.99,Paid,1,2026-08-13
716814,902414,57,2026-08-12,69.23,Open,,
716815,912798,324,2026-08-11,58.78,Paid,8,2026-08-19
716816,904027,103,2026-08-11,82.68,Paid,0,2026-08-11
716817,901902,44,2026-08-11,55.6,Open,,
716818,916785,418,2026-08-12,57.91,Open,,
716819,900844,21,2026-08-10,92.99,Paid,16,2026-08-26
716820,906381,163,2026-08-10,79.6,Paid,15,2026-08-25
716821,906353,161,2026-08-11,86.25,Paid,19,2026-08-30
716822,904585,116,2026-08-11,96.89,Paid,20,2026-08-31
716823,913950,352,2026-08-12,112.42,Paid,16,2026-08-28
716824,902761,66,2026-08-10,73.07,Paid,12,2026-08-22
716825,912929,329,2026-08-11,71.4,Open,,
716826,911461,286,2026-08-13,90.4,Open,,
716827,906806,172,2026-08-11,101.53,Paid,0,2026-08-11
716828,907304,181,2026-08-11,89.98,Paid,13,2026-08-24
716829,914091,355,2026-08-11,58.35,Paid,16,2026-08-27
716830,906551,166,2026-08-12,54.03,Open,,
716831,915999,398,2026-08-11,110.6,Open,,
716832,910570,256,2026-08-12,57.18,Paid,13,2026-08-25
716833,907737,190,2026-08-13,155.28,Open,,
716834,901525,37,2026-08-12,68.96,Open,,
716835,906013,151,2026-08-12,56.28,Paid,16,2026-08-28
716836,916513,411,2026-08-11,173.65,Open,,
716837,911191,279,2026-08-13,91.18,Paid,2,2026-08-15
716838,900374,10,2026-08-13,52.72,Paid,7,2026-08-20
716839,902960,71,2026-08-12,56.6,Paid,0,2026-08-12
716840,900054,1,2026-08-13,54.07,Paid,10,2026-08-23
716841,916849,419,2026-08-13,78.83,Paid,0,2026-08-13
716842,917600,316,2026-08-11,4651.78,Open,,
716843,906992,176,2026-08-13,79.47,Open,,
716844,914895,374,2026-08-12,126.08,Open,,
716845,903870,99,2026-08-13,122.76,Paid,6,2026-08-19
716846,909777,235,2026-08-12,55.63,Paid,0,2026-08-12
716847,916720,416,2026-08-13,127.56,Paid,1,2026-08-14
716848,909608,232,2026-08-11,58.39,Open,,
716849,909723,234,2026-08-11,101.34,Paid,7,2026-08-18
716850,903925,100,2026-08-13,108.19,Paid,17,2026-08-30
716851,900960,25,2026-08-13,124.26,Paid,10,2026-08-23
716852,904536,115,2026-08-11,58.93,Open,,
716853,907162,179,2026-08-12,89.19,Paid,9,2026-08-21
716854,901639,39,2026-08-13,93.48,Paid,9,2026-08-22
716855,908537,205,2026-08-13,81.97,Paid,0,2026-08-13
716856,904224,107,2026-08-13,58.96,Paid,10,2026-08-23
716857,916757,417,2026-08-11,90.42,Paid,14,2026-08-25
716858,907594,187,2026-08-12,58.73,Paid,12,2026-08-24
716859,916269,406,2026-08-12,57.03,Open,,
716860,911040,270,2026-08-11,57.47,Paid,0,2026-08-11
716861,902828,69,2026-08-12,53.38,Open,,
716862,911772,294,2026-08-13,149.61,Open,,
716863,914356,361,2026-08-12,61.43,Paid,17,2026-08-29
716864,909854,236,2026-08-11,185.24,Paid,7,2026-08-18
716865,912204,307,2026-08-12,57.77,Paid,19,2026-08-31
716866,900093,2,2026-08-13,56.75,Paid,3,2026-08-16
716867,911088,274,2026-08-14,124.56,Paid,1,2026-08-15
716868,909843,236,2026-08-12,120.74,Paid,2,2026-08-14
716869,911553,288,2026-08-14,58.02,Open,,
716870,908065,196,2026-08-12,56.27,Paid,1,2026-08-13
716871,903064,76,2026-08-13,58.76,Paid,15,2026-08-28
716872,910804,266,2026-08-12,62.55,Open,,
716873,904263,109,2026-08-14,58.01,Paid,15,2026-08-29
716874,915950,397,2026-08-12,61.03,Open,,
716875,912770,323,2026-08-14,127.66,Open,,
716876,915348,385,2026-08-12,71.59,Paid,0,2026-08-12
716877,908688,208,2026-08-14,206.83,Paid,4,2026-08-18
716878,905015,125,2026-08-12,74.19,Paid,5,2026-08-17
716879,916129,402,2026-08-13,70.26,Open,,
716880,909090,219,2026-08-14,68.01,Paid,0,2026-08-14
716881,903766,97,2026-08-13,127.88,Paid,11,2026-08-24
716882,914666,368,2026-08-14,55.35,Open,,
716883,915412,386,2026-08-12,56.36,Paid,0,2026-08-12
716884,901432,35,2026-08-12,82.67,Open,,
716885,916976,25,2026-08-13,862.29,Paid,8,2026-08-21
716886,903293,84,2026-08-13,98.75,Paid,13,2026-08-26
716887,903103,77,2026-08-14,64.78,Open,,
716888,905080,126,2026-08-13,80.74,Paid,15,2026-08-28
716889,911995,302,2026-08-12,120.33,Paid,11,2026-08-23
716890,915695,391,2026-08-14,120.59,Paid,4,2026-08-18
716891,906305,159,2026-08-12,97.84,Paid,16,2026-08-28
716892,904093,104,2026-08-12,55.45,Paid,5,2026-08-17
716893,902283,53,2026-08-14,143.51,Open,,
716894,917390,215,2026-08-14,1077.08,Paid,0,2026-08-14
716895,910985,269,2026-08-14,90.65,Paid,0,2026-08-14
716896,901354,34,2026-08-13,63.26,Open,,
716897,908312,200,2026-08-14,107.32,Open,,
716898,915684,391,2026-08-12,66.53,Paid,5,2026-08-17
716899,908920,213,2026-08-13,121.29,Paid,6,2026-08-19
716900,916860,419,2026-08-13,124.08,Open,,
716901,911762,294,2026-08-12,90.13,Open,,
716902,915478,387,2026-08-12,72.91,Open,,
716903,904950,124,2026-08-12,77.86,Paid,18,2026-08-30
716904,906229,157,2026-08-13,57.28,Paid,11,2026-08-24
716905,907791,191,2026-08-12,116.69,Open,,
716906,900676,16,2026-08-12,57.37,Open,,
716907,901771,42,2026-08-13,78.64,Open,,
716908,910542,255,2026-08-12,93.34,Paid,1,2026-08-13
716909,908986,215,2026-08-12,110.81,Paid,7,2026-08-19
716910,907057,177,2026-08-12,59.66,Paid,8,2026-08-20
716911,905195,133,2026-08-13,57.72,Paid,18,2026-08-31
716912,910190,248,2026-08-15,112.0,Paid,15,2026-08-30
716913,904640,118,2026-08-13,55.99,Paid,9,2026-08-22
716914,914290,359,2026-08-14,76.65,Paid,6,2026-08-20
716915,910532,255,2026-08-14,58.27,Open,,
716916,904104,104,2026-08-13,88.24,Paid,6,2026-08-19
716917,911450,286,2026-08-14,50.22,Paid,9,2026-08-23
716918,903150,79,2026-08-13,89.57,Paid,16,2026-08-29
716919,909506,230,2026-08-15,120.56,Paid,5,2026-08-20
716920,913125,333,2026-08-14,80.96,Open,,
716921,912098,304,2026-08-14,96.6,Paid,15,2026-08-29
716922,906616,167,2026-08-14,56.87,Paid,2,2026-08-16
716923,902375,55,2026-08-15,94.26,Open,,
716924,908130,197,2026-08-14,86.81,Open,,
716925,912412,313,2026-08-13,119.36,Paid,14,2026-08-27
716926,908650,207,2026-08-14,115.64,Open,,
716927,904781,121,2026-08-15,69.13,Open,,
716928,909921,238,2026-08-14,98.08,Paid,5,2026-08-19
716929,904472,114,2026-08-14,68.38,Paid,12,2026-08-26
716930,914168,356,2026-08-13,116.98,Paid,14,2026-08-27
716931,914525,365,2026-08-13,57.32,Paid,0,2026-08-13
716932,907293,181,2026-08-13,54.38,Paid,0,2026-08-13
716933,901015,27,2026-08-15,88.6,Paid,2,2026-08-17
716934,911180,279,2026-08-15,63.39,Paid,11,2026-08-26
716935,901262,31,2026-08-15,187.53,Paid,12,2026-08-27
716936,908471,204,2026-08-14,62.8,Paid,2,2026-08-16
716937,910634,259,2026-08-14,116.89,Paid,13,2026-08-27
716938,911826,295,2026-08-14,70.88,Open,,
716939,900194,4,2026-08-14,82.97,Paid,14,2026-08-28
716940,900439,11,2026-08-14,60.35,Paid,0,2026-08-14
716941,916551,412,2026-08-13,133.03,Open,,
716942,914536,365,2026-08-13,93.93,Paid,0,2026-08-13
716943,912290,309,2026-08-13,91.97,Paid,12,2026-08-25
716944,905899,148,2026-08-13,54.39,Paid,4,2026-08-17
716945,914627,367,2026-08-14,54.08,Paid,9,2026-08-23
716946,904159,105,2026-08-13,52.66,Open,,
716947,916053,399,2026-08-14,57.97,Open,,
716948,900065,1,2026-08-14,95.17,Open,,
716949,911564,288,2026-08-13,92.06,Open,,
716950,904742,120,2026-08-13,83.25,Open,,
716951,912517,316,2026-08-14,122.41,Open,,
716952,916230,404,2026-08-15,58.96,Paid,11,2026-08-26
716953,914470,363,2026-08-14,85.93,Paid,4,2026-08-18
716954,915025,377,2026-08-15,79.51,Paid,1,2026-08-16
716955,913911,351,2026-08-14,53.2,Paid,4,2026-08-18
716956,907605,187,2026-08-15,93.91,Paid,15,2026-08-30
716957,901251,31,2026-08-14,115.39,Paid,9,2026-08-23
716958,904688,119,2026-08-14,91.92,Open,,
716959,909299,226,2026-08-15,82.47,Paid,1,2026-08-16
716960,900894,22,2026-08-13,111.26,Open,,
716961,906796,172,2026-08-14,53.96,Paid,4,2026-08-18
716962,911930,299,2026-08-14,55.67,Paid,4,2026-08-18
716963,912478,314,2026-08-15,66.35,Open,,
716964,905242,135,2026-08-14,97.64,Paid,5,2026-08-19
716965,912874,328,2026-08-15,106.63,Open,,
716966,906391,163,2026-08-13,133.08,Open,,
716967,901563,38,2026-08-14,52.7,Paid,2,2026-08-16
716968,907461,184,2026-08-15,79.67,Paid,11,2026-08-26
716969,909544,231,2026-08-15,78.18,Paid,0,2026-08-15
716970,915630,390,2026-08-16,97.67,Paid,8,2026-08-24
716971,908678,208,2026-08-16,113.2,Paid,11,2026-08-27
716972,902658,64,2026-08-16,81.9,Paid,2,2026-08-18
716973,908340,201,2026-08-14,58.43,Paid,0,2026-08-14
716974,915207,381,2026-08-14,132.35,Paid,10,2026-08-24
716975,917012,41,2026-08-15,426.5,Open,,
716976,910908,268,2026-08-15,58.84,Paid,0,2026-08-15
716977,917197,122,2026-08-16,815.0,Open,,
716978,900742,18,2026-08-14,58.48,Open,,
716979,915751,393,2026-08-16,74.94,Open,,
716980,913809,349,2026-08-14,122.7,Paid,8,2026-08-22
716981,916606,413,2026-08-16,89.01,Paid,12,2026-08-28
716982,902138,51,2026-08-16,68.43,Open,,
716983,903245,83,2026-08-16,56.07,Open,,
716984,913267,336,2026-08-16,76.35,Paid,11,2026-08-27
716985,901421,35,2026-08-15,60.84,Paid,0,2026-08-15
716986,908818,211,2026-08-16,67.14,Open,,
716987,913006,330,2026-08-14,93.97,Open,,
716988,901535,37,2026-08-14,114.09,Paid,10,2026-08-24
716989,907726,190,2026-08-15,104.19,Open,,
716990,910645,259,2026-08-14,188.26,Paid,6,2026-08-20
716991,914224,357,2026-08-15,79.46,Paid,5,2026-08-20
716992,904819,122,2026-08-16,87.12,Open,,
716993,904329,110,2026-08-14,67.1,Open,,
716994,914395,362,2026-08-16,58.57,Paid,0,2026-08-16
716995,905834,147,2026-08-14,55.32,Paid,0,2026-08-14
716996,909156,221,2026-08-14,123.77,Paid,7,2026-08-21
716997,910427,252,2026-08-15,60.22,Open,,
716998,900335,9,2026-08-14,61.07,Paid,10,2026-08-24
716999,912165,306,2026-08-15,59.06,Paid,16,2026-08-31
717000,906343,161,2026-08-15,56.02,Paid,3,2026-08-18
717001,903348,85,2026-08-14,83.82,Paid,4,2026-08-18
717002,905205,133,2026-08-16,94.47,Open,,
717003,902895,70,2026-08-16,66.81,Open,,
717004,905309,137,2026-08-14,124.42,Paid,12,2026-08-26
717005,906458,164,2026-08-14,92.82,Paid,0,2026-08-14
717006,901290,32,2026-08-16,64.31,Paid,0,2026-08-16
717007,909910,238,2026-08-15,57.59,Paid,1,2026-08-16
717008,910372,251,2026-08-16,90.25,Paid,6,2026-08-22
717009,909429,228,2026-08-14,81.13,Open,,
717010,910974,269,2026-08-15,60.02,Open,,
717011,914846,373,2026-08-14,57.18,Paid,12,2026-08-26
717012,911723,293,2026-08-16,65.51,Paid,6,2026-08-22
717013,901081,28,2026-08-15,53.78,Paid,6,2026-08-21
717014,900280,7,2026-08-14,90.02,Paid,0,2026-08-14
717015,907068,177,2026-08-16,97.09,Open,,
717016,901628,39,2026-08-14,62.91,Paid,0,2026-08-14
717017,916915,420,2026-08-14,73.47,Paid,0,2026-08-14
717018,910361,251,2026-08-16,56.71,Paid,13,2026-08-29
717019,900517,13,2026-08-16,102.61,Paid,0,2026-08-16
717020,914780,372,2026-08-16,117.73,Paid,0,2026-08-16
717021,900205,4,2026-08-14,129.33,Open,,
717022,915092,378,2026-08-16,113.55,Open,,
717023,903585,92,2026-08-15,78.42,Open,,
717024,903755,97,2026-08-14,77.25,Paid,11,2026-08-25
717025,914063,354,2026-08-14,96.67,Paid,8,2026-08-22
717026,901147,29,2026-08-14,97.62,Open,,
717027,914573,366,2026-08-16,124.22,Open,,
717028,913687,347,2026-08-16,92.04,Open,,
717029,912109,304,2026-08-15,148.03,Paid,15,2026-08-30
717030,907227,180,2026-08-14,78.53,Open,,
717031,913468,341,2026-08-15,54.52,Paid,9,2026-08-24
717032,903822,98,2026-08-16,55.34,Paid,7,2026-08-23
717033,913334,339,2026-08-16,56.89,Paid,1,2026-08-17
717034,905298,137,2026-08-16,78.94,Paid,0,2026-08-16
717035,910294,250,2026-08-16,80.06,Paid,13,2026-08-29
717036,910126,247,2026-08-17,73.12,Open,,
717037,900506,13,2026-08-15,54.55,Paid,15,2026-08-30
717038,910580,256,2026-08-16,92.26,Paid,1,2026-08-17
717039,908141,197,2026-08-17,130.09,Paid,0,2026-08-17
717040,916502,411,2026-08-15,123.52,Open,,
717041,902205,52,2026-08-15,116.82,Paid,0,2026-08-15
717042,910815,266,2026-08-15,92.37,Paid,6,2026-08-21
717043,902034,47,2026-08-17,56.47,Paid,2,2026-08-19
717044,907934,194,2026-08-17,56.26,Paid,5,2026-08-22
717045,909374,227,2026-08-17,93.47,Paid,13,2026-08-30
717046,909647,233,2026-08-17,83.03,Open,,
717047,912995,330,2026-08-16,55.38,Paid,0,2026-08-16
717048,908274,199,2026-08-15,137.63,Open,,
717049,910201,248,2026-08-16,189.23,Paid,9,2026-08-25
717050,906719,170,2026-08-16,82.9,Paid,0,2026-08-16
717051,917115,84,2026-08-17,2366.84,Paid,10,2026-08-27
717052,917289,165,2026-08-16,491.82,Paid,0,2026-08-16
717053,905985,150,2026-08-17,92.3,Open,,
717054,901186,30,2026-08-15,51.34,Paid,0,2026-08-15
717055,905480,140,2026-08-15,92.84,Open,,
717056,913535,342,2026-08-16,57.24,Paid,3,2026-08-19
717057,910701,261,2026-08-17,60.48,Paid,2,2026-08-19
717058,906862,173,2026-08-15,80.11,Paid,7,2026-08-22
717059,903206,81,2026-08-15,97.25,Paid,12,2026-08-27
717060,910740,262,2026-08-16,65.71,Open,,
717061,914790,372,2026-08-16,196.22,Open,,
717062,906730,170,2026-08-17,129.95,Open,,
717063,905403,139,2026-08-16,58.32,Open,,
717064,900611,15,2026-08-15,57.0,Paid,5,2026-08-20
717065,912280,309,2026-08-16,61.33,Paid,2,2026-08-18
717066,901732,41,2026-08-16,54.54,Open,,
717067,910051,245,2026-08-15,71.24,Paid,0,2026-08-15
717068,910239,249,2026-08-16,126.07,Paid,7,2026-08-23
717069,905910,148,2026-08-15,88.78,Paid,3,2026-08-18
717070,915818,394,2026-08-15,66.61,Paid,13,2026-08-28
717071,908076,196,2026-08-16,85.81,Paid,13,2026-08-29
717072,917151,103,2026-08-16,2160.9,Paid,5,2026-08-21
717073,917736,384,2026-08-16,380.12,Open,,
717074,911294,281,2026-08-15,91.36,Paid,9,2026-08-24
717075,903283,84,2026-08-16,54.95,Paid,9,2026-08-25
717076,907528,186,2026-08-16,59.11,Paid,5,2026-08-21
717077,914157,356,2026-08-16,75.45,Paid,10,2026-08-26
717078,910229,249,2026-08-15,79.72,Paid,2,2026-08-17
717079,902999,72,2026-08-17,71.05,Open,,
717080,913742,348,2026-08-16,56.72,Open,,
717081,907671,188,2026-08-18,111.89,Open,,
717082,914101,355,2026-08-17,87.84,Open,,
717083,913546,342,2026-08-18,95.6,Paid,0,2026-08-18
717084,903651,95,2026-08-16,84.32,Open,,
717085,902697,65,2026-08-17,56.96,Paid,3,2026-08-20
717086,902478,58,2026-08-16,66.12,Paid,11,2026-08-27
717087,909222,222,2026-08-17,80.64,Paid,9,2026-08-26
717088,914405,362,2026-08-18,99.41,Paid,0,2026-08-18
717089,912656,320,2026-08-17,84.62,Open,,
717090,905347,138,2026-08-17,90.89,Paid,0,2026-08-17
717091,905337,138,2026-08-16,57.39,Open,,
717092,907123,178,2026-08-17,55.49,Paid,0,2026-08-17
717093,910852,267,2026-08-18,172.83,Paid,0,2026-08-18
717094,912759,323,2026-08-17,65.37,Paid,13,2026-08-30
717095,914015,353,2026-08-18,55.94,Paid,3,2026-08-21
717096,905469,140,2026-08-16,59.83,Paid,4,2026-08-20
717097,905546,142,2026-08-18,83.01,Paid,0,2026-08-18
717098,915235,382,2026-08-17,68.0,Open,,
717099,901486,36,2026-08-16,80.56,Open,,
717100,913071,331,2026-08-16,87.65,Paid,7,2026-08-23
717101,909468,229,2026-08-17,52.57,Paid,0,2026-08-17
717102,910012,242,2026-08-18,66.81,Open,,
717103,905779,146,2026-08-16,91.32,Paid,0,2026-08-16
717104,912695,322,2026-08-17,124.02,Open,,
717105,900450,11,2026-08-17,93.32,Paid,3,2026-08-20
717106,916279,406,2026-08-16,95.14,Paid,11,2026-08-27
717107,911283,281,2026-08-16,53.77,Open,,
717108,916709,416,2026-08-18,84.03,Paid,0,2026-08-18
717109,910919,268,2026-08-16,99.22,Paid,4,2026-08-20
717110,902602,62,2026-08-17,131.22,Open,,
717111,917581,310,2026-08-16,6726.14,Open,,
717112,905600,143,2026-08-18,58.72,Paid,1,2026-08-19
717113,908405,203,2026-08-18,78.52,Paid,6,2026-08-24
717114,901968,45,2026-08-16,51.38,Paid,8,2026-08-24
717115,906562,166,2026-08-16,91.74,Open,,
717116,909363,227,2026-08-16,57.41,Paid,0,2026-08-16
717117,913922,351,2026-08-18,103.02,Paid,0,2026-08-18
717118,915310,384,2026-08-17,68.71,Open,,
717119,915884,395,2026-08-17,55.12,Paid,8,2026-08-25
717120,906927,175,2026-08-18,91.91,Open,,
717121,903529,88,2026-08-18,103.63,Open,,
717122,916399,409,2026-08-17,73.22,Paid,0,2026-08-17
717123,909261,225,2026-08-18,55.13,Open,,
717124,907830,192,2026-08-16,120.63,Paid,9,2026-08-25
717125,905938,149,2026-08-17,56.79,Open,,
717126,905768,146,2026-08-18,55.89,Open,,
717127,908263,199,2026-08-17,78.47,Open,,
717128,908725,209,2026-08-17,88.27,Open,,
717129,912242,308,2026-08-16,61.67,Paid,3,2026-08-19
717130,902149,51,2026-08-16,115.72,Open,,
717131,906126,155,2026-08-18,60.69,Open,,
717132,915989,398,2026-08-16,66.48,Open,,
717133,915103,378,2026-08-18,187.54,Paid,6,2026-08-24
717134,913479,341,2026-08-17,97.46,Open,,
717135,903491,87,2026-08-16,83.53,Open,,
717136,913174,334,2026-08-16,88.67,Open,,
717137,914459,363,2026-08-17,63.46,Paid,4,2026-08-21
717138,907358,182,2026-08-18,61.04,Paid,12,2026-08-30
717139,910305,250,2026-08-18,132.31,Open,,
717140,904273,109,2026-08-18,91.17,Open,,
717141,908602,206,2026-08-18,55.69,Open,,
717142,903414,86,2026-08-18,58.72,Paid,0,2026-08-18
717143,909167,221,2026-08-19,171.15,Paid,1,2026-08-20
717144,906447,164,2026-08-17,61.35,Open,,
717145,916541,412,2026-08-17,76.74,Paid,10,2026-08-27
717146,913164,334,2026-08-18,60.05,Paid,2,2026-08-20
717147,913611,345,2026-08-18,61.76,Paid,4,2026-08-22
717148,913401,340,2026-08-18,68.76,Open,,
717149,915582,389,2026-08-17,61.13,Paid,0,2026-08-17
717150,900545,14,2026-08-18,72.05,Open,,
717151,905535,142,2026-08-17,60.14,Paid,3,2026-08-20
717152,904028,103,2026-08-17,75.22,Open,,
717153,904482,114,2026-08-19,111.06,Paid,8,2026-08-27
717154,904884,123,2026-08-19,60.1,Paid,7,2026-08-26
717155,904395,111,2026-08-19,58.35,Open,,
717156,906627,167,2026-08-19,91.54,Open,,
717157,911656,290,2026-08-17,56.57,Paid,0,2026-08-17
717158,902320,54,2026-08-18,95.56,Paid,2,2026-08-20
717159,908197,198,2026-08-17,116.5,Paid,1,2026-08-18
717160,909025,216,2026-08-19,59.51,Open,,
717161,908000,195,2026-08-18,59.39,Paid,0,2026-08-18
717162,910493,254,2026-08-19,67.55,Open,,
717163,903690,96,2026-08-18,57.77,Paid,7,2026-08-25
717164,912863,328,2026-08-18,66.9,Open,,
717165,906164,156,2026-08-19,54.9,Open,,
717166,901837,43,2026-08-19,58.81,Open,,
717167,906136,155,2026-08-19,83.08,Paid,7,2026-08-26
717168,916645,414,2026-08-19,59.57,Paid,0,2026-08-19
717169,916334,408,2026-08-17,53.12,Open,,
717170,900949,25,2026-08-18,73.14,Open,,
717171,913676,347,2026-08-18,58.86,Open,,
717172,911229,280,2026-08-17,89.06,Paid,2,2026-08-19
717173,914367,361,2026-08-17,92.23,Open,,
717174,916176,403,2026-08-19,119.33,Open,,
717175,911125,275,2026-08-17,97.82,Paid,13,2026-08-30
717176,900687,16,2026-08-18,94.78,Paid,9,2026-08-27
717177,903480,87,2026-08-17,58.89,Paid,1,2026-08-18
717178,901903,44,2026-08-19,55.52,Paid,5,2026-08-24
717179,909712,234,2026-08-18,55.3,Paid,1,2026-08-19
717180,900845,21,2026-08-17,91.57,Open,,
717181,913857,350,2026-08-18,101.58,Paid,11,2026-08-29
717182,903217,81,2026-08-19,151.07,Open,,
717183,915158,379,2026-08-17,54.25,Paid,8,2026-08-25
717184,911331,282,2026-08-19,192.66,Open,,
717185,907868,193,2026-08-18,62.23,Paid,11,2026-08-29
717186,911396,283,2026-08-18,175.17,Open,,
717187,912346,312,2026-08-18,131.65,Open,,
717188,906174,156,2026-08-17,97.35,Paid,0,2026-08-17
717189,902762,66,2026-08-18,82.0,Paid,10,2026-08-28
717190,900140,3,2026-08-20,117.39,Paid,7,2026-08-27
717191,906023,151,2026-08-19,99.66,Open,,
717192,915517,388,2026-08-18,61.78,Paid,0,2026-08-18
717193,906552,166,2026-08-19,58.82,Paid,1,2026-08-20
717194,904434,113,2026-08-18,54.71,Paid,4,2026-08-22
717195,916231,404,2026-08-18,60.13,Paid,2,2026-08-20
717196,904225,107,2026-08-19,62.62,Paid,9,2026-08-28
717197,917677,355,2026-08-19,2647.23,Open,,
717198,906993,176,2026-08-20,81.67,Paid,8,2026-08-28
717199,909035,216,2026-08-20,96.22,Paid,5,2026-08-25
717200,904340,110,2026-08-20,116.29,Open,,
717201,916938,11,2026-08-19,2081.58,Paid,8,2026-08-27
717202,912176,306,2026-08-20,95.43,Open,,
717203,912930,329,2026-08-19,66.43,Open,,
717204,904951,124,2026-08-18,82.38,Open,,
717205,913574,343,2026-08-20,79.36,Open,,
717206,915423,386,2026-08-20,93.72,Open,,
717207,907595,187,2026-08-19,63.46,Paid,2,2026-08-21
717208,911041,270,2026-08-18,61.86,Paid,0,2026-08-18
717209,908762,210,2026-08-18,93.21,Paid,0,2026-08-18
717210,914885,374,2026-08-18,80.92,Open,,
717211,916101,401,2026-08-18,96.66,Paid,8,2026-08-26
717212,912592,318,2026-08-19,58.78,Paid,6,2026-08-25
717213,905845,147,2026-08-19,92.03,Paid,6,2026-08-25
717214,913202,335,2026-08-19,58.93,Paid,1,2026-08-20
717215,907945,194,2026-08-20,93.81,Paid,11,2026-08-31
717216,908538,205,2026-08-18,75.16,Paid,9,2026-08-27
717217,914357,361,2026-08-20,56.63,Paid,5,2026-08-25
717218,903009,72,2026-08-19,124.1,Paid,5,2026-08-24
717219,916850,419,2026-08-20,82.75,Open,,
717220,902961,71,2026-08-18,52.98,Open,,
717221,908011,195,2026-08-19,99.79,Paid,7,2026-08-26
717222,912214,307,2026-08-19,88.57,Paid,11,2026-08-30
717223,915895,395,2026-08-20,98.08,Paid,3,2026-08-23
717224,903359,85,2026-08-20,122.23,Open,,
717225,915026,377,2026-08-18,73.65,Open,,
717226,917414,229,2026-08-18,1603.75,Paid,0,2026-08-18
717227,916748,417,2026-08-19,59.06,Open,,
717228,900055,1,2026-08-20,57.26,Open,,
717229,909609,232,2026-08-18,57.7,Paid,0,2026-08-18
717230,909101,219,2026-08-19,116.09,Open,,
717231,909091,219,2026-08-18,64.01,Open,,
717232,904537,115,2026-08-19,66.98,Paid,4,2026-08-23
717233,903926,100,2026-08-20,121.55,Open,,
717234,914564,366,2026-08-20,73.66,Open,,
717235,913060,331,2026-08-19,55.02,Paid,0,2026-08-19
717236,911385,283,2026-08-20,113.26,Open,,
717237,906655,169,2026-08-19,70.46,Open,,
717238,909619,232,2026-08-18,100.96,Open,,
717239,902272,53,2026-08-18,95.18,Open,,
717240,905665,144,2026-08-19,55.05,Paid,11,2026-08-30
717241,908416,203,2026-08-18,125.8,Open,,
717242,906098,153,2026-08-20,132.85,Paid,10,2026-08-30
717243,909949,241,2026-08-18,53.66,Paid,2,2026-08-20
717244,902829,69,2026-08-20,56.6,Open,,
717245,903425,86,2026-08-19,85.2,Paid,3,2026-08-22
717246,909778,235,2026-08-18,57.75,Paid,5,2026-08-23
717247,916655,414,2026-08-19,90.99,Paid,0,2026-08-19
717248,915593,389,2026-08-20,95.55,Open,,
717249,914971,376,2026-08-20,126.32,Open,,
717250,902517,60,2026-08-21,59.61,Paid,0,2026-08-21
717251,905016,125,2026-08-19,73.0,Open,,
717252,907294,181,2026-08-19,56.86,Open,,
717253,906230,157,2026-08-21,58.38,Paid,0,2026-08-21
717254,911996,302,2026-08-20,117.61,Open,,
717255,911554,288,2026-08-21,58.03,Paid,0,2026-08-21
717256,901355,34,2026-08-21,67.97,Open,,
717257,916064,399,2026-08-21,86.31,Open,,
717258,915413,386,2026-08-19,57.45,Open,,
717259,913960,352,2026-08-20,195.09,Open,,
717260,909657,233,2026-08-20,130.05,Open,,
717261,911116,275,2026-08-20,60.95,Paid,0,2026-08-20
717262,916092,401,2026-08-19,52.84,Paid,1,2026-08-20
717263,915273,383,2026-08-20,60.87,Open,,
717264,900677,16,2026-08-21,59.3,Open,,
717265,903861,99,2026-08-19,80.66,Open,,
717266,904160,105,2026-08-21,56.36,Paid,1,2026-08-22
717267,912808,324,2026-08-20,87.68,Paid,0,2026-08-20
717268,916167,403,2026-08-20,83.58,Paid,10,2026-08-30
717269,901677,40,2026-08-20,85.7,Open,,
717270,915685,391,2026-08-21,61.88,Open,,
717271,915479,387,2026-08-21,66.45,Open,,
717272,907792,191,2026-08-19,118.48,Paid,0,2026-08-19
717273,904094,104,2026-08-19,58.13,Paid,0,2026-08-19
717274,903141,79,2026-08-20,53.46,Paid,9,2026-08-29
717275,907397,183,2026-08-20,73.26,Open,,
717276,901092,28,2026-08-21,95.34,Paid,2,2026-08-23
717277,913126,333,2026-08-20,81.66,Open,,
717278,905704,145,2026-08-20,113.51,Paid,2,2026-08-22
717279,913278,336,2026-08-20,126.36,Open,,
717280,908066,196,2026-08-20,57.22,Open,,
717281,917543,293,2026-08-21,319.81,Paid,4,2026-08-25
717282,901914,44,2026-08-20,90.37,Paid,8,2026-08-28
717283,905713,145,2026-08-19,185.67,Paid,2,2026-08-21
717284,910805,266,2026-08-21,56.59,Paid,0,2026-08-21
717285,916926,420,2026-08-20,124.04,Paid,6,2026-08-26
717286,900384,10,2026-08-19,93.75,Paid,7,2026-08-26
717287,906060,152,2026-08-20,88.51,Open,,
717288,901158,29,2026-08-19,141.6,Open,,
717289,906051,152,2026-08-21,59.99,Open,,
717290,910635,259,2026-08-21,112.51,Paid,7,2026-08-28
717291,905976,150,2026-08-21,57.94,Paid,0,2026-08-21
717292,902424,57,2026-08-19,111.96,Paid,10,2026-08-29
717293,905081,126,2026-08-20,77.26,Open,,
717294,915762,393,2026-08-19,131.23,Open,,
717295,915961,397,2026-08-21,95.08,Paid,3,2026-08-24
717296,908829,211,2026-08-20,121.71,Open,,
717297,912044,303,2026-08-20,124.48,Open,,
717298,900233,6,2026-08-21,62.1,Open,,
717299,911837,295,2026-08-19,109.34,Open,,
717300,907660,188,2026-08-19,67.69,Open,,
717301,902311,54,2026-08-20,59.62,Paid,8,2026-08-28
717302,907058,177,2026-08-19,61.18,Open,,
717303,915489,387,2026-08-21,116.98,Open,,
717304,909554,231,2026-08-22,126.65,Paid,0,2026-08-22
717305,913848,350,2026-08-22,58.38,Paid,9,2026-08-31
717306,900440,11,2026-08-22,62.83,Paid,7,2026-08-29
717307,913211,335,2026-08-21,90.87,Paid,0,2026-08-21
717308,908987,215,2026-08-20,127.92,Open,,
717309,913912,351,2026-08-21,57.78,Open,,
717310,904170,105,2026-08-22,97.26,Paid,6,2026-08-28
717311,908921,213,2026-08-22,116.97,Paid,0,2026-08-22
717312,913820,349,2026-08-22,191.07,Open,,
717313,908641,207,2026-08-21,63.62,Open,,
717314,900242,6,2026-08-20,93.31,Open,,
717315,900195,4,2026-08-21,79.09,Open,,
717316,904743,120,2026-08-22,77.74,Open,,
717317,916617,413,2026-08-21,116.21,Open,,
717318,912413,313,2026-08-20,115.43,Paid,8,2026-08-28
717319,911931,299,2026-08-21,58.24,Paid,3,2026-08-24
717320,910089,246,2026-08-22,67.54,Open,,
717321,901016,27,2026-08-22,79.77,Open,,
717322,915621,390,2026-08-22,59.24,Paid,4,2026-08-26
717323,906268,158,2026-08-20,69.36,Open,,
717324,911181,279,2026-08-20,54.53,Paid,11,2026-08-31
717325,916054,399,2026-08-20,50.96,Paid,0,2026-08-20
717326,914714,370,2026-08-20,128.53,Paid,0,2026-08-20
717327,914291,359,2026-08-20,76.65,Open,,
717328,912479,314,2026-08-22,70.24,Open,,
717329,909958,241,2026-08-21,98.89,Paid,10,2026-08-31
717330,905900,148,2026-08-21,62.35,Paid,2,2026-08-23
717331,912006,302,2026-08-21,191.77,Open,,
717332,900753,18,2026-08-21,96.77,Paid,7,2026-08-28
717333,903065,76,2026-08-21,58.29,Paid,2,2026-08-23
717334,915169,379,2026-08-20,104.02,Paid,3,2026-08-23
717335,914301,359,2026-08-20,121.31,Paid,9,2026-08-29
717336,911079,274,2026-08-21,72.55,Open,,
717337,902083,48,2026-08-21,99.12,Paid,8,2026-08-29
717338,903075,76,2026-08-22,87.53,Paid,1,2026-08-23
717339,912099,304,2026-08-20,106.41,Open,,
717340,917094,76,2026-08-20,381.66,Open,,
717341,902707,65,2026-08-20,93.16,Open,,
717342,910843,267,2026-08-22,111.75,Open,,
717343,911592,289,2026-08-21,61.44,Open,,
717344,904961,124,2026-08-20,133.15,Open,,
717345,914526,365,2026-08-21,53.5,Paid,10,2026-08-31
717346,901252,31,2026-08-20,113.52,Open,,
717347,915951,397,2026-08-20,51.29,Paid,11,2026-08-31
717348,901300,32,2026-08-21,89.09,Open,,
717349,910191,248,2026-08-21,121.79,Open,,
717350,911734,293,2026-08-22,91.94,Open,,
717351,912601,318,2026-08-20,88.36,Paid,5,2026-08-25
717352,908131,197,2026-08-20,75.96,Open,,
717353,911827,295,2026-08-22,63.86,Open,,
717354,905129,129,2026-08-20,124.66,Open,,
717355,910098,246,2026-08-20,110.07,Open,,
717356,900781,19,2026-08-21,58.56,Paid,9,2026-08-30
717357,912564,317,2026-08-22,121.65,Open,,
717358,906315,159,2026-08-22,157.0,Open,,
717359,912252,308,2026-08-22,88.06,Open,,
717360,902376,55,2026-08-22,97.41,Open,,
717361,912555,317,2026-08-21,83.87,Paid,9,2026-08-30
717362,915358,385,2026-08-22,124.4,Paid,1,2026-08-23
717363,908472,204,2026-08-20,61.67,Open,,
717364,903973,102,2026-08-21,113.61,Open,,
717365,900856,21,2026-08-21,157.09,Open,,
717366,907238,180,2026-08-21,135.45,Paid,0,2026-08-21
717367,907228,180,2026-08-22,83.94,Paid,7,2026-08-29
717368,903700,96,2026-08-21,94.87,Paid,3,2026-08-24
717369,914962,376,2026-08-23,80.68,Paid,0,2026-08-23
717370,916916,420,2026-08-21,83.11,Paid,0,2026-08-21
717371,905167,132,2026-08-21,100.7,Paid,6,2026-08-27
717372,905948,149,2026-08-23,88.37,Open,,
717373,909430,228,2026-08-23,80.12,Open,,
717374,905158,132,2026-08-23,58.02,Open,,
717375,907462,184,2026-08-22,82.27,Paid,0,2026-08-22
717376,905835,147,2026-08-22,58.29,Open,,
717377,907727,190,2026-08-23,84.93,Open,,
717378,908819,211,2026-08-22,66.08,Open,,
717379,901148,29,2026-08-23,86.39,Open,,
717380,903520,88,2026-08-23,66.95,Open,,
717381,900271,7,2026-08-23,53.5,Open,,
717382,903349,85,2026-08-21,80.92,Open,,
717383,914638,367,2026-08-21,94.41,Paid,9,2026-08-30
717384,901082,28,2026-08-21,54.07,Paid,6,2026-08-27
717385,913810,349,2026-08-23,117.79,Paid,0,2026-08-23
717386,901422,35,2026-08-22,57.55,Open,,
717387,903586,92,2026-08-23,72.95,Paid,0,2026-08-23
717388,913412,340,2026-08-21,114.77,Open,,
717389,903662,95,2026-08-23,149.03,Open,,
717390,909844,236,2026-08-22,123.04,Open,,
717391,900336,9,2026-08-23,53.88,Paid,6,2026-08-29
717392,910909,268,2026-08-23,59.74,Open,,
717393,916795,418,2026-08-23,86.77,Paid,1,2026-08-24
717394,904641,118,2026-08-21,61.8,Open,,
717395,904791,121,2026-08-22,104.08,Open,,
717396,916241,404,2026-08-23,101.68,Open,,
717397,910362,251,2026-08-21,59.97,Paid,1,2026-08-22
717398,910975,269,2026-08-22,54.77,Paid,6,2026-08-28
717399,908931,213,2026-08-22,200.95,Paid,0,2026-08-22
717400,901629,39,2026-08-22,57.66,Open,,
717401,914847,373,2026-08-23,54.11,Open,,
717402,913753,348,2026-08-22,95.99,Open,,
717403,910428,252,2026-08-22,54.22,Paid,7,2026-08-29
717404,915036,377,2026-08-21,116.05,Open,,
717405,904330,110,2026-08-23,64.95,Open,,
717406,903756,97,2026-08-22,84.71,Paid,9,2026-08-31
717407,910061,245,2026-08-21,129.83,Paid,0,2026-08-21
717408,900103,2,2026-08-22,89.06,Open,,
717409,915752,393,2026-08-21,77.97,Paid,0,2026-08-21
717410,912035,303,2026-08-21,80.54,Paid,0,2026-08-21
717411,902139,51,2026-08-21,60.0,Open,,
717412,906759,171,2026-08-21,81.07,Paid,10,2026-08-31
717413,915245,382,2026-08-21,111.87,Open,,
717414,903936,100,2026-08-23,192.34,Open,,
717415,902659,64,2026-08-21,80.14,Open,,
717416,906277,158,2026-08-23,104.59,Open,,
717417,911941,299,2026-08-21,85.09,Paid,2,2026-08-23
717418,917214,131,2026-08-21,271.68,Paid,6,2026-08-27
717419,909157,221,2026-08-21,121.66,Paid,2,2026-08-23
717420,911667,290,2026-08-22,91.27,Paid,0,2026-08-22
717421,909911,238,2026-08-23,60.79,Paid,3,2026-08-26
717422,902386,55,2026-08-22,162.17,Open,,
717423,902555,61,2026-08-22,69.64,Paid,8,2026-08-30
717424,904444,113,2026-08-22,91.27,Paid,3,2026-08-25
717425,913583,343,2026-08-22,132.99,Open,,
717426,911724,293,2026-08-23,60.03,Paid,7,2026-08-30
717427,917802,413,2026-08-21,7168.76,Open,,
717428,906496,165,2026-08-23,85.86,Open,,
717429,909233,222,2026-08-23,128.53,Open,,
717430,908303,200,2026-08-23,66.39,Open,,
717431,900743,18,2026-08-21,54.85,Paid,0,2026-08-21
717432,916607,413,2026-08-23,81.43,Open,,
717433,910136,247,2026-08-23,122.82,Open,,
717434,917679,357,2026-08-22,318.01,Paid,2,2026-08-24
717435,912166,306,2026-08-23,55.54,Paid,8,2026-08-31
717436,914225,357,2026-08-22,79.63,Open,,
717437,902896,70,2026-08-23,66.05,Open,,
717438,901979,45,2026-08-23,91.77,Open,,
717439,900131,3,2026-08-22,84.75,Paid,0,2026-08-22
717440,913268,336,2026-08-22,82.4,Open,,
717441,915093,378,2026-08-21,124.54,Paid,8,2026-08-29
717442,905120,129,2026-08-24,78.87,Paid,6,2026-08-30
717443,901733,41,2026-08-24,58.07,Paid,0,2026-08-24
717444,914705,370,2026-08-23,82.8,Open,,
717445,906617,167,2026-08-23,57.58,Open,,
717446,911866,298,2026-08-24,58.85,Paid,7,2026-08-31
717447,911220,280,2026-08-24,58.34,Open,,
717448,907529,186,2026-08-22,63.07,Paid,5,2026-08-27
717449,902035,47,2026-08-24,59.32,Open,,
717450,910750,262,2026-08-23,106.92,Open,,
717451,912996,330,2026-08-22,56.98,Open,,
717452,908857,212,2026-08-23,62.2,Open,,
717453,914628,367,2026-08-23,54.33,Paid,3,2026-08-26
717454,910702,261,2026-08-23,55.54,Paid,0,2026-08-23
717455,904576,116,2026-08-24,55.11,Open,,
717456,916503,411,2026-08-24,124.43,Open,,
717457,905404,139,2026-08-23,55.29,Paid,7,2026-08-30
717458,906487,165,2026-08-24,56.56,Open,,
717459,913469,341,2026-08-23,60.07,Open,,
717460,900612,15,2026-08-23,58.04,Paid,0,2026-08-23
717461,903207,81,2026-08-24,101.36,Open,,
717462,914924,375,2026-08-22,57.39,Open,,
717463,911451,286,2026-08-24,58.16,Open,,
717464,913743,348,2026-08-24,58.56,Open,,
717465,914158,356,2026-08-24,77.7,Paid,1,2026-08-25
717466,902074,48,2026-08-24,59.9,Open,,
717467,906863,173,2026-08-22,78.15,Open,,
717468,915819,394,2026-08-24,68.86,Open,,
717469,910295,250,2026-08-22,80.79,Open,,
717470,907935,194,2026-08-24,55.75,Open,,
717471,913335,339,2026-08-22,59.23,Open,,
717472,905299,137,2026-08-23,78.6,Paid,2,2026-08-25
717473,906720,170,2026-08-24,77.67,Paid,0,2026-08-24
717474,902206,52,2026-08-23,126.17,Paid,2,2026-08-25
717475,903823,98,2026-08-22,62.89,Paid,6,2026-08-28
717476,913536,342,2026-08-22,52.42,Open,,
717477,909223,222,2026-08-23,79.14,Paid,4,2026-08-27
717478,902479,58,2026-08-23,69.05,Open,,
717479,909364,227,2026-08-24,57.05,Paid,4,2026-08-28
717480,911386,283,2026-08-24,121.68,Open,,
717481,912657,320,2026-08-25,73.49,Paid,0,2026-08-25
717482,905470,140,2026-08-25,54.98,Open,,
717483,917627,329,2026-08-24,2834.98,Open,,
717484,901969,45,2026-08-23,58.09,Paid,3,2026-08-26
717485,905666,144,2026-08-23,55.87,Open,,
717486,906928,175,2026-08-23,90.52,Open,,
717487,916438,410,2026-08-25,91.35,Open,,
717488,907124,178,2026-08-24,63.07,Paid,0,2026-08-24
717489,907359,182,2026-08-23,57.01,Paid,0,2026-08-23
717490,905601,143,2026-08-25,58.49,Paid,6,2026-08-31
717491,911284,281,2026-08-24,61.71,Paid,0,2026-08-24
717492,916400,409,2026-08-24,79.06,Paid,0,2026-08-24
717493,915885,395,2026-08-24,56.46,Paid,0,2026-08-24
717494,917741,387,2026-08-24,2418.31,Open,,
717495,917689,359,2026-08-23,327.24,Open,,
717496,901487,36,2026-08-25,73.93,Open,,
717497,911322,282,2026-08-25,109.4,Paid,1,2026-08-26
717498,905769,146,2026-08-23,59.48,Paid,0,2026-08-23
717499,904679,119,2026-08-23,58.58,Open,,
717500,911489,287,2026-08-24,61.29,Paid,5,2026-08-29
717501,913061,331,2026-08-23,61.39,Paid,8,2026-08-31
717502,908603,206,2026-08-23,54.68,Paid,0,2026-08-23
717503,914054,354,2026-08-23,54.08,Paid,0,2026-08-23
717504,908753,210,2026-08-23,56.69,Paid,8,2026-08-31
717505,912760,323,2026-08-25,66.56,Open,,
717506,916710,416,2026-08-24,73.49,Open,,
717507,903964,102,2026-08-24,67.57,Open,,
717508,908716,209,2026-08-24,57.23,Open,,
717509,905233,135,2026-08-25,58.13,Open,,
717510,914016,353,2026-08-23,52.78,Open,,
717511,903652,95,2026-08-24,88.57,Open,,
717512,914460,363,2026-08-25,52.12,Paid,0,2026-08-25
717513,908406,203,2026-08-24,78.11,Open,,
717514,900507,13,2026-08-24,63.61,Paid,0,2026-08-24
717515,908264,199,2026-08-24,78.81,Paid,3,2026-08-27
717516,910013,242,2026-08-24,70.01,Paid,0,2026-08-24
717517,916335,408,2026-08-25,58.69,Open,,
717518,910494,254,2026-08-25,65.46,Open,,
717519,916977,25,2026-08-26,3263.12,Open,,
717520,909713,234,2026-08-25,58.38,Open,,
717521,906089,153,2026-08-26,79.53,Open,,
717522,913402,340,2026-08-25,61.77,Open,,
717523,916786,418,2026-08-24,55.73,Open,,
717524,901668,40,2026-08-26,57.73,Open,,
717525,915583,389,2026-08-24,56.1,Open,,
717526,912799,324,2026-08-24,56.52,Paid,0,2026-08-24
717527,904396,111,2026-08-25,58.56,Open,,
717528,902763,66,2026-08-24,82.3,Paid,5,2026-08-29
717529,900846,21,2026-08-25,77.68,Open,,
717530,908198,198,2026-08-24,109.72,Open,,
717531,902593,62,2026-08-24,85.15,Open,,
717532,917002,36,2026-08-26,559.42,Open,,
717533,914743,371,2026-08-24,51.37,Open,,
717534,904029,103,2026-08-25,82.16,Paid,6,2026-08-31
717535,906448,164,2026-08-24,59.52,Paid,6,2026-08-30
717536,900950,25,2026-08-25,78.39,Paid,0,2026-08-25
717537,915198,381,2026-08-24,81.01,Open,,
717538,917110,81,2026-08-25,3977.02,Open,,
717539,904885,123,2026-08-26,60.03,Paid,5,2026-08-31
717540,901904,44,2026-08-26,58.05,Open,,
717541,915159,379,2026-08-25,59.6,Open,,
717542,907661,188,2026-08-26,62.53,Open,,
717543,900885,22,2026-08-24,66.56,Open,,
717544,913677,347,2026-08-25,59.57,Open,,
717545,913951,352,2026-08-25,117.56,Open,,
717546,917260,152,2026-08-25,504.65,Open,,
717547,903415,86,2026-08-26,59.23,Open,,
717548,912864,328,2026-08-26,66.06,Open,,
717549,906382,163,2026-08-24,79.54,Open,,
717550,908001,195,2026-08-26,55.92,Open,,
717551,917356,196,2026-08-25,2464.98,Open,,
717552,905536,142,2026-08-24,53.52,Open,,
717553,902273,53,2026-08-25,91.21,Open,,
717554,912347,312,2026-08-24,130.44,Open,,
717555,916270,406,2026-08-27,54.87,Paid,1,2026-08-28
717556,916851,419,2026-08-26,80.08,Paid,0,2026-08-26
717557,914092,355,2026-08-25,53.97,Open,,
717558,903927,100,2026-08-25,113.16,Paid,0,2026-08-25
717559,904538,115,2026-08-27,73.02,Open,,
717560,917183,116,2026-08-27,320.39,Paid,3,2026-08-30
717561,916232,404,2026-08-26,54.92,Paid,0,2026-08-26
717562,909779,235,2026-08-25,60.19,Paid,6,2026-08-31
717563,907163,179,2026-08-27,100.66,Open,,
717564,912931,329,2026-08-27,67.08,Open,,
717565,909092,219,2026-08-27,67.42,Open,,
717566,917409,228,2026-08-25,3886.89,Paid,6,2026-08-31
717567,901526,37,2026-08-25,64.68,Open,,
717568,917441,239,2026-08-27,695.5,Open,,
717569,909610,232,2026-08-27,56.0,Open,,
717570,915952,397,2026-08-26,56.16,Open,,
717571,910571,256,2026-08-25,59.06,Open,,
717572,915027,377,2026-08-25,83.95,Paid,3,2026-08-28
717573,908539,205,2026-08-25,73.63,Paid,0,2026-08-25
717574,904226,107,2026-08-27,53.77,Paid,0,2026-08-27
717575,900056,1,2026-08-27,60.56,Open,,
717576,907596,187,2026-08-27,55.52,Paid,0,2026-08-27
717577,906014,151,2026-08-27,57.59,Open,,
717578,904952,124,2026-08-26,74.09,Open,,
717579,902962,71,2026-08-25,59.15,Open,,
717580,906553,166,2026-08-27,60.03,Open,,
717581,911657,290,2026-08-26,52.02,Open,,
717582,904161,105,2026-08-26,56.77,Paid,1,2026-08-27
717583,902830,69,2026-08-27,59.42,Paid,0,2026-08-27
717584,900375,10,2026-08-26,54.11,Open,,
717585,911042,270,2026-08-26,53.12,Open,,
717586,914358,361,2026-08-27,55.56,Paid,0,2026-08-27
717587,903104,77,2026-08-27,69.57,Open,,
717588,905017,125,2026-08-28,78.95,Paid,0,2026-08-28
717589,900678,16,2026-08-26,51.62,Open,,
717590,908067,196,2026-08-28,56.32,Open,,
717591,916130,402,2026-08-28,64.81,Open,,
717592,900094,2,2026-08-27,56.36,Open,,
717593,903066,76,2026-08-27,55.21,Paid,0,2026-08-27
717594,904264,109,2026-08-27,53.28,Open,,
717595,905082,126,2026-08-28,81.79,Open,,
717596,901772,42,2026-08-27,77.77,Open,,
717597,903481,87,2026-08-27,50.7,Paid,0,2026-08-27
717598,911763,294,2026-08-26,98.32,Open,,
717599,910636,259,2026-08-28,115.78,Open,,
717600,917280,162,2026-08-28,240.11,Open,,
717601,915480,387,2026-08-28,70.7,Open,,
717602,917662,348,2026-08-28,2593.9,Paid,0,2026-08-28
717603,902415,57,2026-08-26,59.27,Open,,
717604,907793,191,2026-08-27,107.56,Open,,
717605,907059,177,2026-08-27,60.23,Paid,0,2026-08-27
717606,915349,385,2026-08-27,80.09,Paid,4,2026-08-31
717607,906994,176,2026-08-26,86.93,Paid,2,2026-08-28
717608,908988,215,2026-08-26,119.86,Open,,
717609,901838,43,2026-08-26,59.05,Open,,
717610,901356,34,2026-08-27,66.57,Open,,
717611,914667,368,2026-08-27,54.01,Open,,
717612,911997,302,2026-08-26,115.11,Paid,1,2026-08-27
717613,915686,391,2026-08-26,68.78,Open,,
717614,911555,288,2026-08-27,51.96,Open,,
717615,906231,157,2026-08-28,55.68,Open,,
717616,908922,213,2026-08-28,111.47,Open,,
717617,910806,266,2026-08-28,52.93,Open,,
717618,904095,104,2026-08-28,60.24,Open,,
717619,912100,304,2026-08-27,87.45,Open,,
717620,905901,148,2026-08-29,58.36,Paid,0,2026-08-29
717621,910192,248,2026-08-27,119.92,Open,,
717622,912205,307,2026-08-27,56.17,Paid,4,2026-08-31
717623,916055,399,2026-08-28,60.87,Open,,
717624,908132,197,2026-08-29,87.54,Open,,
717625,905196,133,2026-08-29,57.59,Paid,0,2026-08-29
717626,913913,351,2026-08-29,59.16,Open,,
717627,914292,359,2026-08-29,75.77,Open,,
717628,909845,236,2026-08-29,116.54,Paid,0,2026-08-29
717629,904782,121,2026-08-29,59.71,Open,,
717630,908473,204,2026-08-27,59.9,Paid,1,2026-08-28
717631,914629,367,2026-08-27,54.01,Paid,0,2026-08-27
717632,917771,398,2026-08-27,847.27,Open,,
717633,911452,286,2026-08-28,55.81,Paid,0,2026-08-28
717634,904744,120,2026-08-27,76.49,Open,,
717635,912518,316,2026-08-29,128.2,Paid,2,2026-08-31
717636,902377,55,2026-08-29,94.77,Open,,
717637,906618,167,2026-08-27,58.77,Paid,3,2026-08-30
717638,910533,255,2026-08-27,57.45,Open,,
717639,911932,299,2026-08-29,57.13,Open,,
717640,904473,114,2026-08-29,73.65,Open,,
717641,901017,27,2026-08-28,78.95,Open,,
717642,909300,226,2026-08-27,76.94,Open,,
717643,900441,11,2026-08-27,58.91,Open,,
717644,911828,295,2026-08-29,71.04,Open,,
717645,912480,314,2026-08-28,73.88,Open,,
717646,909507,230,2026-08-29,117.81,Open,,
717647,904642,118,2026-08-28,51.32,Paid,2,2026-08-30
717648,901253,31,2026-08-27,124.64,Open,,
717649,912414,313,2026-08-27,116.12,Paid,4,2026-08-31
717650,915414,386,2026-08-29,56.95,Open,,
717651,914527,365,2026-08-28,49.56,Paid,0,2026-08-28
717652,911725,293,2026-08-29,64.91,Open,,
717653,912167,306,2026-08-28,53.23,Paid,0,2026-08-28
717654,909912,238,2026-08-28,60.28,Open,,
717655,915753,393,2026-08-30,76.73,Open,,
717656,906344,161,2026-08-29,59.9,Open,,
717657,908679,208,2026-08-28,116.45,Open,,
717658,906306,159,2026-08-30,96.0,Open,,
717659,904820,122,2026-08-30,93.37,Open,,
717660,913269,336,2026-08-28,78.32,Open,,
717661,913127,333,2026-08-28,81.25,Open,,
717662,915094,378,2026-08-30,108.5,Paid,0,2026-08-30
717663,902660,64,2026-08-29,74.38,Paid,0,2026-08-29
717664,900744,18,2026-08-30,58.79,Open,,
717665,908341,201,2026-08-28,57.22,Open,,
717666,902140,51,2026-08-28,70.19,Open,,
717667,906797,172,2026-08-28,56.12,Open,,
717668,903757,97,2026-08-30,81.94,Open,,
717669,909158,221,2026-08-29,120.01,Paid,0,2026-08-29
717670,916608,413,2026-08-30,76.75,Open,,
717671,916952,16,2026-08-30,4161.28,Open,,
717672,905836,147,2026-08-29,60.1,Open,,
717673,901083,28,2026-08-28,61.87,Paid,0,2026-08-28
717674,913811,349,2026-08-28,104.96,Open,,
717675,900196,4,2026-08-30,79.61,Open,,
717676,909545,231,2026-08-29,81.27,Open,,
717677,901423,35,2026-08-30,59.3,Open,,
717678,903587,92,2026-08-29,82.86,Open,,
717679,914848,373,2026-08-29,58.64,Paid,0,2026-08-29
717680,901630,39,2026-08-29,60.75,Open,,
717681,907463,184,2026-08-30,76.13,Open,,
717682,910429,252,2026-08-30,57.62,Paid,1,2026-08-31
717683,907295,181,2026-08-30,61.8,Open,,
717684,910976,269,2026-08-28,58.0,Open,,
717685,910363,251,2026-08-30,56.73,Open,,
717686,914781,372,2026-08-30,113.45,Paid,0,2026-08-30
717687,914396,362,2026-08-30,59.31,Open,,
717688,901564,38,2026-08-30,53.79,Open,,
717689,904331,110,2026-08-30,67.67,Open,,
717690,910910,268,2026-08-29,60.1,Open,,
717691,903350,85,2026-08-30,78.62,Open,,
717692,916917,420,2026-08-29,82.37,Open,,
717693,903246,83,2026-08-30,53.45,Open,,
717694,901149,29,2026-08-28,96.54,Open,,
717695,907728,190,2026-08-28,81.98,Open,,
717696,908820,211,2026-08-29,65.41,Open,,
717697,909431,228,2026-08-28,85.04,Open,,
717698,916504,411,2026-08-30,119.58,Open,,
717699,914226,357,2026-08-29,76.37,Paid,0,2026-08-29
717700,906721,170,2026-08-30,78.17,Paid,0,2026-08-30
717701,907936,194,2026-08-29,54.74,Open,,
717702,910052,245,2026-08-31,79.36,Open,,
717703,911182,279,2026-08-31,58.9,Open,,
717704,909648,233,2026-08-30,69.49,Open,,
717705,907229,180,2026-08-31,84.76,Open,,
717706,905300,137,2026-08-29,77.33,Paid,1,2026-08-30
717707,912997,330,2026-08-29,62.83,Open,,
717708,901291,32,2026-08-31,57.26,Open,,
717709,901187,30,2026-08-31,58.17,Open,,
717710,916542,412,2026-08-29,85.58,Paid,0,2026-08-29
717711,902897,70,2026-08-31,67.58,Open,,
717712,900508,13,2026-08-31,60.95,Open,,
717713,912281,309,2026-08-29,61.85,Paid,0,2026-08-29
717714,903208,81,2026-08-30,95.26,Paid,0,2026-08-30
717715,913336,339,2026-08-31,57.76,Paid,0,2026-08-31
717716,914159,356,2026-08-30,76.6,Open,,
717717,902207,52,2026-08-30,116.72,Open,,
717718,910703,261,2026-08-31,56.95,Open,,
717719,913537,342,2026-08-29,55.0,Open,,
717720,900613,15,2026-08-30,55.57,Open,,
717721,902036,47,2026-08-30,57.41,Open,,
717722,910741,262,2026-08-29,73.24,Open,,
717723,910296,250,2026-08-29,72.54,Open,,
717724,905405,139,2026-08-29,57.16,Open,,
717725,917179,114,2026-08-31,3335.96,Open,,
717726,903824,98,2026-08-31,59.82,Paid,0,2026-08-31
717727,901734,41,2026-08-31,56.68,Paid,0,2026-08-31
717728,903000,72,2026-08-30,78.67,Paid,0,2026-08-30
717729,907530,186,2026-08-31,57.33,Open,,
717730,906864,173,2026-08-31,77.89,Open,,
717731,913470,341,2026-08-31,56.39,Paid,0,2026-08-31
717732,910230,249,2026-08-29,80.83,Open,,
717733,901488,36,2026-08-31,82.52,Open,,
717734,902480,58,2026-09-01,66.3,Open,,
717735,912761,323,2026-08-30,66.1,Open,,
717736,909224,222,2026-08-30,75.37,Open,,
717737,914017,353,2026-09-01,54.08,Open,,
717738,905338,138,2026-08-31,58.88,Open,,
717739,903284,84,2026-08-31,59.47,Open,,
717740,916401,409,2026-08-31,74.39,Open,,
717741,908604,206,2026-08-31,60.28,Open,,
717742,916646,414,2026-08-31,49.58,Open,,
717743,905602,143,2026-08-30,58.47,Paid,0,2026-08-30
717744,909262,225,2026-08-31,56.63,Open,,
717745,905667,144,2026-08-31,54.07,Open,,
717746,907831,192,2026-09-01,113.78,Open,,
717747,904435,113,2026-08-30,54.54,Paid,0,2026-08-30
717748,914461,363,2026-08-31,56.0,Open,,
717749,912696,322,2026-08-30,123.81,Open,,
717750,916711,416,2026-09-01,81.57,Open,,
717751,902698,65,2026-08-31,54.63,Open,,
717752,917354,195,2026-09-01,6100.09,Open,,
717753,906929,175,2026-08-30,95.03,Open,,
717754,915886,395,2026-08-31,54.6,Open,,
717755,901970,45,2026-08-30,59.17,Open,,
717756,917625,329,2026-09-01,777.0,Open,,
717757,917718,374,2026-08-31,718.5,Open,,
717758,913744,348,2026-08-30,50.01,Open,,
717759,917721,376,2026-08-31,380.72,Paid,0,2026-08-31
717760,906127,155,2026-09-01,57.24,Open,,
717761,905939,149,2026-09-01,58.13,Open,,
717762,908265,199,2026-08-31,82.83,Open,,
717763,911387,283,2026-09-01,121.9,Open,,
717764,912243,308,2026-09-01,58.29,Open,,
717765,913062,331,2026-08-31,59.65,Open,,
717766,909469,229,2026-09-01,58.08,Open,,
717767,909365,227,2026-08-31,60.88,Open,,
717768,907125,178,2026-08-30,55.83,Open,,
717769,905770,146,2026-08-30,56.74,Open,,
717770,915990,398,2026-09-01,71.88,Open,,
717771,911285,281,2026-09-01,58.43,Open,,
717772,907360,182,2026-08-30,57.9,Paid,0,2026-08-30
717773,910127,247,2026-08-31,71.27,Open,,
717774,915236,382,2026-08-31,74.02,Open,,
717775,900337,9,2026-09-01,64.09,Open,,
717776,914886,374,2026-09-01,78.49,Open,,
717777,900847,21,2026-08-31,91.82,Open,,
717778,905537,142,2026-09-02,61.71,Open,,
717779,913612,345,2026-09-01,56.56,Open,,
717780,903416,86,2026-09-02,62.83,Open,,
717781,916949,15,2026-08-31,550.89,Open,,
717782,907662,188,2026-08-31,67.35,Open,,
717783,901839,43,2026-08-31,56.29,Open,,
717784,903482,87,2026-08-31,61.24,Open,,
717785,906449,164,2026-09-01,54.85,Open,,
717786,904886,123,2026-09-01,59.36,Open,,
717787,909714,234,2026-09-02,57.73,Open,,
717788,909026,216,2026-08-31,53.53,Paid,0,2026-08-31
717789,908199,198,2026-08-31,116.07,Open,,
717790,904030,103,2026-08-31,75.3,Open,,
717791,910495,254,2026-09-02,69.53,Open,,
717792,900546,14,2026-08-31,56.97,Open,,
717793,916336,408,2026-09-01,57.12,Open,,
717794,900951,25,2026-09-01,81.7,Open,,
717795,910014,242,2026-09-01,77.71,Open,,
717796,908407,203,2026-09-02,75.21,Open,,
717797,912865,328,2026-08-31,62.74,Open,,
717798,902274,53,2026-09-02,88.76,Open,,
717799,907869,193,2026-09-02,56.78,Open,,
717800,915584,389,2026-09-02,57.48,Open,,
717801,913165,334,2026-09-01,58.84,Open,,
717802,902764,66,2026-09-01,83.15,Open,,
717803,912348,312,2026-08-31,135.64,Open,,
717804,908002,195,2026-09-02,54.91,Open,,
717805,904397,111,2026-08-31,59.21,Paid,0,2026-08-31
717806,915311,384,2026-08-31,66.22,Open,,
717807,913678,347,2026-08-31,60.11,Paid,0,2026-08-31
717808,915160,379,2026-09-02,60.85,Open,,
717809,913403,340,2026-09-01,69.69,Open,,
717810,911658,290,2026-09-01,53.64,Open,,
717811,903691,96,2026-08-31,59.02,Open,,
717812,915820,394,2026-09-01,62.67,Open,,
717813,906165,156,2026-09-02,55.66,Open,,
717814,901905,44,2026-08-31,57.97,Open,,
717815,903653,95,2026-09-02,94.23,Open,,
717816,912658,320,2026-09-02,79.2,Open,,
717817,905471,140,2026-09-02,56.38,Open,,
