date,city,high_temp_f,precip_inches,rain_flag,severe_weather_flag
2025-01-01,Nolensville,38.8,0.0,0,0
2025-01-01,Franklin,43.4,0.0,0,0
2025-01-01,Brentwood,52.7,0.0,0,0
2025-01-01,Spring Hill,47.0,0.0,0,0
2025-01-01,Nashville,40.0,0.08,1,0
2025-01-02,Nolensville,54.3,0.0,0,0
2025-01-02,Franklin,44.8,0.0,0,0
2025-01-02,Brentwood,26.0,0.27,1,0
2025-01-02,Spring Hill,50.9,0.0,0,0
2025-01-02,Nashville,38.0,0.0,0,0
2025-01-03,Nolensville,46.5,0.35,1,0
2025-01-03,Franklin,38.4,0.0,0,0
2025-01-03,Brentwood,55.0,0.35,1,0
2025-01-03,Spring Hill,43.4,0.0,0,0
2025-01-03,Nashville,44.8,0.0,0,0
2025-01-04,Nolensville,37.1,0.0,0,0
2025-01-04,Franklin,36.9,0.0,0,0
2025-01-04,Brentwood,42.8,0.0,0,0
2025-01-04,Spring Hill,43.2,0.0,0,0
2025-01-04,Nashville,44.4,0.0,0,0
2025-01-05,Nolensville,55.7,0.53,1,0
2025-01-05,Franklin,33.6,0.0,0,0
2025-01-05,Brentwood,54.1,0.18,1,0
2025-01-05,Spring Hill,51.2,0.2,1,0
2025-01-05,Nashville,46.8,0.0,0,0
2025-01-06,Nolensville,37.6,0.0,0,0
2025-01-06,Franklin,48.3,0.0,0,0
2025-01-06,Brentwood,52.1,0.0,0,0
2025-01-06,Spring Hill,34.7,0.0,0,0
2025-01-06,Nashville,52.2,0.14,1,0
2025-01-07,Nolensville,58.3,0.0,0,0
2025-01-07,Franklin,51.4,0.0,0,0
2025-01-07,Brentwood,50.0,0.0,0,0
2025-01-07,Spring Hill,44.9,0.0,0,0
2025-01-07,Nashville,64.4,0.18,1,0
2025-01-08,Nolensville,38.9,0.15,1,0
2025-01-08,Franklin,53.5,0.33,1,0
2025-01-08,Brentwood,45.6,0.0,0,0
2025-01-08,Spring Hill,42.9,0.0,0,0
2025-01-08,Nashville,45.2,0.0,0,0
2025-01-09,Nolensville,42.4,0.0,0,0
2025-01-09,Franklin,50.7,0.0,0,0
2025-01-09,Brentwood,44.2,0.0,0,0
2025-01-09,Spring Hill,41.5,0.0,0,0
2025-01-09,Nashville,52.8,0.0,0,0
2025-01-10,Nolensville,39.1,0.0,0,0
2025-01-10,Franklin,46.8,0.0,0,0
2025-01-10,Brentwood,32.6,0.05,1,0
2025-01-10,Spring Hill,43.4,0.0,0,0
2025-01-10,Nashville,42.3,0.17,1,0
2025-01-11,Nolensville,51.5,0.0,0,0
2025-01-11,Franklin,51.9,0.39,1,0
2025-01-11,Brentwood,38.8,0.27,1,0
2025-01-11,Spring Hill,59.5,0.0,0,0
2025-01-11,Nashville,63.5,0.68,1,0
2025-01-12,Nolensville,39.0,0.0,0,0
2025-01-12,Franklin,45.2,0.0,0,0
2025-01-12,Brentwood,47.6,0.0,0,0
2025-01-12,Spring Hill,46.5,0.0,0,0
2025-01-12,Nashville,53.7,0.56,1,0
2025-01-13,Nolensville,38.7,0.15,1,0
2025-01-13,Franklin,52.8,0.93,1,1
2025-01-13,Brentwood,40.2,0.0,0,0
2025-01-13,Spring Hill,45.6,0.21,1,0
2025-01-13,Nashville,35.7,0.0,0,0
2025-01-14,Nolensville,40.5,0.0,0,0
2025-01-14,Franklin,38.4,0.0,0,0
2025-01-14,Brentwood,49.6,0.0,0,0
2025-01-14,Spring Hill,46.5,0.0,0,0
2025-01-14,Nashville,33.1,0.0,0,0
2025-01-15,Nolensville,38.5,0.33,1,0
2025-01-15,Franklin,36.7,0.0,0,0
2025-01-15,Brentwood,40.2,0.0,0,0
2025-01-15,Spring Hill,48.1,0.0,0,0
2025-01-15,Nashville,51.3,0.0,0,0
2025-01-16,Nolensville,46.0,0.47,1,0
2025-01-16,Franklin,43.2,0.0,0,0
2025-01-16,Brentwood,40.3,0.27,1,0
2025-01-16,Spring Hill,41.5,0.0,0,0
2025-01-16,Nashville,41.4,0.68,1,0
2025-01-17,Nolensville,40.0,0.0,0,0
2025-01-17,Franklin,42.1,0.0,0,0
2025-01-17,Brentwood,53.1,0.0,0,0
2025-01-17,Spring Hill,43.1,0.77,1,0
2025-01-17,Nashville,37.6,0.0,0,0
2025-01-18,Nolensville,42.6,0.0,0,0
2025-01-18,Franklin,46.0,0.0,0,0
2025-01-18,Brentwood,48.5,1.03,1,1
2025-01-18,Spring Hill,52.4,0.0,0,0
2025-01-18,Nashville,47.6,0.0,0,0
2025-01-19,Nolensville,41.5,0.0,0,0
2025-01-19,Franklin,52.3,0.0,0,0
2025-01-19,Brentwood,47.9,0.0,0,0
2025-01-19,Spring Hill,43.8,0.63,1,0
2025-01-19,Nashville,53.4,0.0,0,0
2025-01-20,Nolensville,26.8,0.0,0,0
2025-01-20,Franklin,56.0,0.0,0,0
2025-01-20,Brentwood,40.7,0.83,1,1
2025-01-20,Spring Hill,45.1,0.0,0,0
2025-01-20,Nashville,57.2,0.0,0,0
2025-01-21,Nolensville,51.1,0.0,0,0
2025-01-21,Franklin,37.8,0.0,0,0
2025-01-21,Brentwood,43.9,0.0,0,0
2025-01-21,Spring Hill,31.1,0.0,0,0
2025-01-21,Nashville,49.7,0.36,1,0
2025-01-22,Nolensville,37.1,0.0,0,0
2025-01-22,Franklin,48.1,0.31,1,0
2025-01-22,Brentwood,55.9,0.0,0,0
2025-01-22,Spring Hill,60.2,0.71,1,0
2025-01-22,Nashville,45.8,0.0,0,0
2025-01-23,Nolensville,46.8,0.0,0,0
2025-01-23,Franklin,40.5,0.0,0,0
2025-01-23,Brentwood,41.7,0.27,1,0
2025-01-23,Spring Hill,44.6,0.0,0,0
2025-01-23,Nashville,36.8,0.0,0,0
2025-01-24,Nolensville,56.0,1.03,1,0
2025-01-24,Franklin,50.5,0.28,1,0
2025-01-24,Brentwood,42.6,0.0,0,0
2025-01-24,Spring Hill,37.5,0.0,0,0
2025-01-24,Nashville,51.7,0.83,1,0
2025-01-25,Nolensville,35.2,0.0,0,0
2025-01-25,Franklin,42.8,0.0,0,0
2025-01-25,Brentwood,53.4,0.57,1,0
2025-01-25,Spring Hill,43.5,0.0,0,0
2025-01-25,Nashville,46.8,0.0,0,0
2025-01-26,Nolensville,42.0,0.0,0,0
2025-01-26,Franklin,53.4,0.0,0,0
2025-01-26,Brentwood,31.7,0.0,0,0
2025-01-26,Spring Hill,56.5,0.13,1,0
2025-01-26,Nashville,46.1,0.0,0,0
2025-01-27,Nolensville,36.5,0.0,0,0
2025-01-27,Franklin,47.9,0.0,0,0
2025-01-27,Brentwood,50.0,0.0,0,0
2025-01-27,Spring Hill,48.5,0.46,1,0
2025-01-27,Nashville,45.3,0.0,0,0
2025-01-28,Nolensville,45.5,0.0,0,0
2025-01-28,Franklin,45.2,0.18,1,0
2025-01-28,Brentwood,43.4,0.48,1,0
2025-01-28,Spring Hill,56.0,0.1,1,0
2025-01-28,Nashville,45.5,0.0,0,0
2025-01-29,Nolensville,38.0,0.0,0,0
2025-01-29,Franklin,42.7,0.22,1,0
2025-01-29,Brentwood,47.4,0.0,0,0
2025-01-29,Spring Hill,47.2,0.0,0,0
2025-01-29,Nashville,46.0,0.0,0,0
2025-01-30,Nolensville,49.0,0.0,0,0
2025-01-30,Franklin,40.1,0.0,0,0
2025-01-30,Brentwood,47.5,0.0,0,0
2025-01-30,Spring Hill,51.4,0.0,0,0
2025-01-30,Nashville,40.0,0.03,1,0
2025-01-31,Nolensville,53.3,0.08,1,0
2025-01-31,Franklin,42.3,0.0,0,0
2025-01-31,Brentwood,51.2,0.0,0,0
2025-01-31,Spring Hill,39.7,0.68,1,0
2025-01-31,Nashville,41.3,0.12,1,0
2025-02-01,Nolensville,42.1,0.0,0,0
2025-02-01,Franklin,45.4,0.0,0,0
2025-02-01,Brentwood,54.1,0.0,0,0
2025-02-01,Spring Hill,46.3,0.0,0,0
2025-02-01,Nashville,57.4,0.31,1,0
2025-02-02,Nolensville,50.9,0.0,0,0
2025-02-02,Franklin,44.3,0.81,1,0
2025-02-02,Brentwood,52.0,0.14,1,0
2025-02-02,Spring Hill,44.2,0.0,0,0
2025-02-02,Nashville,52.3,0.0,0,0
2025-02-03,Nolensville,54.8,0.37,1,0
2025-02-03,Franklin,49.7,0.0,0,0
2025-02-03,Brentwood,44.9,0.0,0,0
2025-02-03,Spring Hill,54.7,0.0,0,0
2025-02-03,Nashville,50.4,0.17,1,0
2025-02-04,Nolensville,58.9,0.0,0,0
2025-02-04,Franklin,53.8,0.0,0,0
2025-02-04,Brentwood,48.7,0.0,0,0
2025-02-04,Spring Hill,44.5,0.38,1,0
2025-02-04,Nashville,52.6,0.0,0,0
2025-02-05,Nolensville,49.2,0.0,0,0
2025-02-05,Franklin,51.7,0.0,0,0
2025-02-05,Brentwood,43.6,0.26,1,0
2025-02-05,Spring Hill,44.6,0.23,1,0
2025-02-05,Nashville,45.1,0.49,1,0
2025-02-06,Nolensville,54.7,0.0,0,0
2025-02-06,Franklin,52.4,0.0,0,0
2025-02-06,Brentwood,45.7,0.0,0,0
2025-02-06,Spring Hill,41.7,0.0,0,0
2025-02-06,Nashville,54.8,0.0,0,0
2025-02-07,Nolensville,50.3,0.0,0,0
2025-02-07,Franklin,37.7,0.0,0,0
2025-02-07,Brentwood,51.2,0.0,0,0
2025-02-07,Spring Hill,52.7,0.0,0,0
2025-02-07,Nashville,39.5,0.0,0,0
2025-02-08,Nolensville,54.0,0.05,1,0
2025-02-08,Franklin,44.9,0.0,0,0
2025-02-08,Brentwood,40.5,0.12,1,0
2025-02-08,Spring Hill,41.7,0.72,1,0
2025-02-08,Nashville,48.6,0.0,0,0
2025-02-09,Nolensville,47.1,0.0,0,0
2025-02-09,Franklin,58.1,0.0,0,0
2025-02-09,Brentwood,57.7,0.21,1,0
2025-02-09,Spring Hill,52.2,0.17,1,0
2025-02-09,Nashville,49.6,0.0,0,0
2025-02-10,Nolensville,42.8,0.0,0,0
2025-02-10,Franklin,53.3,0.0,0,0
2025-02-10,Brentwood,58.5,0.0,0,0
2025-02-10,Spring Hill,57.0,0.0,0,0
2025-02-10,Nashville,50.6,0.0,0,0
2025-02-11,Nolensville,37.1,0.16,1,0
2025-02-11,Franklin,49.6,0.0,0,0
2025-02-11,Brentwood,40.9,0.04,1,0
2025-02-11,Spring Hill,60.6,0.63,1,0
2025-02-11,Nashville,53.8,0.0,0,0
2025-02-12,Nolensville,55.2,0.07,1,0
2025-02-12,Franklin,44.0,0.0,0,0
2025-02-12,Brentwood,51.8,0.0,0,0
2025-02-12,Spring Hill,52.4,0.0,0,0
2025-02-12,Nashville,40.6,0.0,0,0
2025-02-13,Nolensville,51.3,0.0,0,0
2025-02-13,Franklin,49.7,0.67,1,0
2025-02-13,Brentwood,52.4,1.07,1,0
2025-02-13,Spring Hill,50.8,0.0,0,0
2025-02-13,Nashville,52.3,0.0,0,0
2025-02-14,Nolensville,46.6,0.22,1,0
2025-02-14,Franklin,57.6,0.0,0,0
2025-02-14,Brentwood,48.8,0.02,1,0
2025-02-14,Spring Hill,56.7,0.0,0,0
2025-02-14,Nashville,44.6,0.0,0,0
2025-02-15,Nolensville,62.2,0.0,0,0
2025-02-15,Franklin,46.1,0.0,0,0
2025-02-15,Brentwood,44.8,0.0,0,0
2025-02-15,Spring Hill,40.5,0.0,0,0
2025-02-15,Nashville,47.2,0.0,0,0
2025-02-16,Nolensville,48.5,0.18,1,0
2025-02-16,Franklin,45.9,0.0,0,0
2025-02-16,Brentwood,53.1,0.0,0,0
2025-02-16,Spring Hill,46.9,0.49,1,0
2025-02-16,Nashville,56.6,0.46,1,0
2025-02-17,Nolensville,42.9,0.0,0,0
2025-02-17,Franklin,46.5,0.0,0,0
2025-02-17,Brentwood,48.8,0.74,1,0
2025-02-17,Spring Hill,48.9,0.0,0,0
2025-02-17,Nashville,57.9,0.03,1,0
2025-02-18,Nolensville,51.2,0.65,1,0
2025-02-18,Franklin,54.1,0.0,0,0
2025-02-18,Brentwood,45.3,0.0,0,0
2025-02-18,Spring Hill,50.1,0.0,0,0
2025-02-18,Nashville,36.8,0.0,0,0
2025-02-19,Nolensville,50.4,0.0,0,0
2025-02-19,Franklin,48.3,0.0,0,0
2025-02-19,Brentwood,42.4,0.0,0,0
2025-02-19,Spring Hill,47.6,1.1,1,0
2025-02-19,Nashville,48.4,0.0,0,0
2025-02-20,Nolensville,51.2,0.0,0,0
2025-02-20,Franklin,43.6,0.0,0,0
2025-02-20,Brentwood,52.9,0.0,0,0
2025-02-20,Spring Hill,44.4,0.0,0,0
2025-02-20,Nashville,31.1,0.83,1,0
2025-02-21,Nolensville,51.2,0.01,1,0
2025-02-21,Franklin,43.5,0.06,1,0
2025-02-21,Brentwood,48.0,0.0,0,0
2025-02-21,Spring Hill,50.9,0.0,0,0
2025-02-21,Nashville,39.2,0.0,0,0
2025-02-22,Nolensville,45.9,0.16,1,0
2025-02-22,Franklin,48.0,0.0,0,0
2025-02-22,Brentwood,48.1,0.4,1,0
2025-02-22,Spring Hill,45.3,0.44,1,0
2025-02-22,Nashville,46.5,0.0,0,0
2025-02-23,Nolensville,46.4,0.0,0,0
2025-02-23,Franklin,37.9,0.0,0,0
2025-02-23,Brentwood,42.7,0.0,0,0
2025-02-23,Spring Hill,54.2,0.0,0,0
2025-02-23,Nashville,48.2,0.0,0,0
2025-02-24,Nolensville,46.5,0.0,0,0
2025-02-24,Franklin,55.8,0.0,0,0
2025-02-24,Brentwood,57.4,0.0,0,0
2025-02-24,Spring Hill,41.3,0.0,0,0
2025-02-24,Nashville,61.7,0.29,1,0
2025-02-25,Nolensville,35.8,0.21,1,0
2025-02-25,Franklin,50.5,0.0,0,0
2025-02-25,Brentwood,56.6,0.0,0,0
2025-02-25,Spring Hill,58.6,0.27,1,0
2025-02-25,Nashville,43.2,0.0,0,0
2025-02-26,Nolensville,52.6,0.0,0,0
2025-02-26,Franklin,53.7,0.0,0,0
2025-02-26,Brentwood,55.5,0.0,0,0
2025-02-26,Spring Hill,59.8,0.0,0,0
2025-02-26,Nashville,50.8,0.0,0,0
2025-02-27,Nolensville,53.7,0.0,0,0
2025-02-27,Franklin,50.7,0.0,0,0
2025-02-27,Brentwood,63.5,0.31,1,0
2025-02-27,Spring Hill,47.4,0.21,1,0
2025-02-27,Nashville,56.9,0.29,1,0
2025-02-28,Nolensville,54.9,0.0,0,0
2025-02-28,Franklin,55.0,0.11,1,0
2025-02-28,Brentwood,43.4,0.0,0,0
2025-02-28,Spring Hill,55.4,0.0,0,0
2025-02-28,Nashville,40.1,0.0,0,0
2025-03-01,Nolensville,49.3,0.0,0,0
2025-03-01,Franklin,73.4,0.66,1,0
2025-03-01,Brentwood,56.9,0.49,1,0
2025-03-01,Spring Hill,63.3,0.0,0,0
2025-03-01,Nashville,57.4,0.0,0,0
2025-03-02,Nolensville,59.1,0.0,0,0
2025-03-02,Franklin,65.2,0.0,0,0
2025-03-02,Brentwood,68.2,0.0,0,0
2025-03-02,Spring Hill,66.6,0.0,0,0
2025-03-02,Nashville,60.9,0.0,0,0
2025-03-03,Nolensville,57.3,0.1,1,0
2025-03-03,Franklin,60.7,0.0,0,0
2025-03-03,Brentwood,58.7,0.0,0,0
2025-03-03,Spring Hill,66.6,0.0,0,0
2025-03-03,Nashville,63.2,0.0,0,0
2025-03-04,Nolensville,68.3,0.0,0,0
2025-03-04,Franklin,50.7,0.0,0,0
2025-03-04,Brentwood,70.5,0.0,0,0
2025-03-04,Spring Hill,62.1,0.0,0,0
2025-03-04,Nashville,51.7,0.0,0,0
2025-03-05,Nolensville,49.2,0.73,1,0
2025-03-05,Franklin,58.1,0.0,0,0
2025-03-05,Brentwood,56.9,0.28,1,0
2025-03-05,Spring Hill,63.6,0.0,0,0
2025-03-05,Nashville,59.3,0.03,1,0
2025-03-06,Nolensville,70.0,0.0,0,0
2025-03-06,Franklin,49.7,0.0,0,0
2025-03-06,Brentwood,58.2,0.0,0,0
2025-03-06,Spring Hill,57.7,0.0,0,0
2025-03-06,Nashville,61.5,0.05,1,0
2025-03-07,Nolensville,56.7,0.0,0,0
2025-03-07,Franklin,53.3,0.0,0,0
2025-03-07,Brentwood,61.5,0.0,0,0
2025-03-07,Spring Hill,61.8,0.0,0,0
2025-03-07,Nashville,54.5,0.72,1,0
2025-03-08,Nolensville,63.0,0.0,0,0
2025-03-08,Franklin,50.7,0.0,0,0
2025-03-08,Brentwood,47.1,0.0,0,0
2025-03-08,Spring Hill,57.2,0.43,1,0
2025-03-08,Nashville,53.2,0.33,1,0
2025-03-09,Nolensville,57.8,1.09,1,1
2025-03-09,Franklin,62.4,0.56,1,0
2025-03-09,Brentwood,61.5,0.0,0,0
2025-03-09,Spring Hill,58.7,0.36,1,0
2025-03-09,Nashville,49.6,0.0,0,0
2025-03-10,Nolensville,73.4,0.28,1,0
2025-03-10,Franklin,73.2,0.0,0,0
2025-03-10,Brentwood,60.4,0.0,0,0
2025-03-10,Spring Hill,55.2,0.0,0,0
2025-03-10,Nashville,68.4,0.0,0,0
2025-03-11,Nolensville,62.1,1.76,1,0
2025-03-11,Franklin,46.6,0.68,1,0
2025-03-11,Brentwood,49.3,0.0,0,0
2025-03-11,Spring Hill,59.5,0.03,1,0
2025-03-11,Nashville,64.5,0.0,0,0
2025-03-12,Nolensville,63.5,0.16,1,0
2025-03-12,Franklin,46.0,0.0,0,0
2025-03-12,Brentwood,67.3,0.41,1,0
2025-03-12,Spring Hill,61.3,0.0,0,0
2025-03-12,Nashville,52.8,0.0,0,0
2025-03-13,Nolensville,58.6,0.0,0,0
2025-03-13,Franklin,59.3,0.0,0,0
2025-03-13,Brentwood,67.6,0.0,0,0
2025-03-13,Spring Hill,64.1,0.0,0,0
2025-03-13,Nashville,54.4,0.0,0,0
2025-03-14,Nolensville,57.8,0.0,0,0
2025-03-14,Franklin,57.2,0.0,0,0
2025-03-14,Brentwood,60.7,0.0,0,0
2025-03-14,Spring Hill,48.1,0.0,0,0
2025-03-14,Nashville,58.4,0.0,0,0
2025-03-15,Nolensville,57.1,0.0,0,0
2025-03-15,Franklin,69.0,0.89,1,0
2025-03-15,Brentwood,60.8,0.0,0,0
2025-03-15,Spring Hill,64.0,0.41,1,0
2025-03-15,Nashville,72.4,0.0,0,0
2025-03-16,Nolensville,59.0,0.0,0,0
2025-03-16,Franklin,61.8,0.4,1,0
2025-03-16,Brentwood,47.9,0.0,0,0
2025-03-16,Spring Hill,51.3,0.0,0,0
2025-03-16,Nashville,60.0,0.48,1,0
2025-03-17,Nolensville,45.5,1.31,1,1
2025-03-17,Franklin,54.2,0.0,0,0
2025-03-17,Brentwood,54.6,0.0,0,0
2025-03-17,Spring Hill,60.0,0.0,0,0
2025-03-17,Nashville,51.6,0.0,0,0
2025-03-18,Nolensville,50.5,0.0,0,0
2025-03-18,Franklin,77.4,0.0,0,0
2025-03-18,Brentwood,64.0,0.0,0,0
2025-03-18,Spring Hill,45.4,0.84,1,1
2025-03-18,Nashville,57.8,0.0,0,0
2025-03-19,Nolensville,50.4,0.11,1,0
2025-03-19,Franklin,53.5,0.24,1,0
2025-03-19,Brentwood,63.2,0.0,0,0
2025-03-19,Spring Hill,57.1,0.0,0,0
2025-03-19,Nashville,63.7,0.32,1,0
2025-03-20,Nolensville,53.0,0.45,1,0
2025-03-20,Franklin,61.0,0.0,0,0
2025-03-20,Brentwood,63.9,0.0,0,0
2025-03-20,Spring Hill,65.4,0.91,1,0
2025-03-20,Nashville,61.0,0.0,0,0
2025-03-21,Nolensville,53.8,0.0,0,0
2025-03-21,Franklin,78.9,0.0,0,0
2025-03-21,Brentwood,59.5,0.0,0,0
2025-03-21,Spring Hill,55.6,0.0,0,0
2025-03-21,Nashville,54.3,0.03,1,0
2025-03-22,Nolensville,78.6,0.0,0,0
2025-03-22,Franklin,47.3,0.13,1,0
2025-03-22,Brentwood,57.0,0.0,0,0
2025-03-22,Spring Hill,57.8,0.0,0,0
2025-03-22,Nashville,57.4,0.0,0,0
2025-03-23,Nolensville,57.6,0.0,0,0
2025-03-23,Franklin,61.8,0.19,1,0
2025-03-23,Brentwood,61.1,0.0,0,0
2025-03-23,Spring Hill,58.5,0.0,0,0
2025-03-23,Nashville,65.5,0.0,0,0
2025-03-24,Nolensville,65.5,0.0,0,0
2025-03-24,Franklin,55.9,0.0,0,0
2025-03-24,Brentwood,61.9,0.0,0,0
2025-03-24,Spring Hill,66.6,0.0,0,0
2025-03-24,Nashville,52.7,0.0,0,0
2025-03-25,Nolensville,58.5,0.0,0,0
2025-03-25,Franklin,61.6,0.0,0,0
2025-03-25,Brentwood,52.4,0.21,1,0
2025-03-25,Spring Hill,71.5,0.18,1,0
2025-03-25,Nashville,56.4,0.0,0,0
2025-03-26,Nolensville,48.7,0.0,0,0
2025-03-26,Franklin,63.3,0.0,0,0
2025-03-26,Brentwood,51.6,0.0,0,0
2025-03-26,Spring Hill,58.7,0.13,1,0
2025-03-26,Nashville,61.1,0.0,0,0
2025-03-27,Nolensville,40.6,0.35,1,0
2025-03-27,Franklin,61.8,0.22,1,0
2025-03-27,Brentwood,57.3,0.0,0,0
2025-03-27,Spring Hill,56.0,0.0,0,0
2025-03-27,Nashville,58.6,0.0,0,0
2025-03-28,Nolensville,69.9,0.0,0,0
2025-03-28,Franklin,65.7,0.0,0,0
2025-03-28,Brentwood,58.6,0.0,0,0
2025-03-28,Spring Hill,56.7,0.0,0,0
2025-03-28,Nashville,65.0,0.0,0,0
2025-03-29,Nolensville,60.6,0.1,1,0
2025-03-29,Franklin,57.8,0.93,1,0
2025-03-29,Brentwood,58.0,0.0,0,0
2025-03-29,Spring Hill,57.8,0.0,0,0
2025-03-29,Nashville,58.4,1.22,1,0
2025-03-30,Nolensville,58.3,0.0,0,0
2025-03-30,Franklin,65.1,0.5,1,0
2025-03-30,Brentwood,49.5,0.33,1,0
2025-03-30,Spring Hill,51.0,0.0,0,0
2025-03-30,Nashville,56.1,0.0,0,0
2025-03-31,Nolensville,50.5,0.0,0,0
2025-03-31,Franklin,50.7,0.44,1,0
2025-03-31,Brentwood,61.2,0.3,1,0
2025-03-31,Spring Hill,55.6,0.0,0,0
2025-03-31,Nashville,50.0,0.0,0,0
2025-04-01,Nolensville,65.2,0.0,0,0
2025-04-01,Franklin,70.2,0.0,0,0
2025-04-01,Brentwood,70.1,0.0,0,0
2025-04-01,Spring Hill,77.8,0.82,1,1
2025-04-01,Nashville,61.1,0.0,0,0
2025-04-02,Nolensville,66.2,0.0,0,0
2025-04-02,Franklin,59.5,0.0,1,0
2025-04-02,Brentwood,72.4,0.0,0,0
2025-04-02,Spring Hill,58.4,0.0,0,0
2025-04-02,Nashville,63.5,0.0,0,0
2025-04-03,Nolensville,72.5,0.04,1,0
2025-04-03,Franklin,56.7,0.0,0,0
2025-04-03,Brentwood,56.8,0.09,1,0
2025-04-03,Spring Hill,77.5,0.18,1,0
2025-04-03,Nashville,52.3,0.22,1,0
2025-04-04,Nolensville,69.5,0.4,1,0
2025-04-04,Franklin,60.3,0.0,0,0
2025-04-04,Brentwood,68.1,0.0,0,0
2025-04-04,Spring Hill,73.5,0.0,0,0
2025-04-04,Nashville,58.0,0.09,1,0
2025-04-05,Nolensville,70.5,0.0,0,0
2025-04-05,Franklin,70.8,0.0,0,0
2025-04-05,Brentwood,76.4,0.0,0,0
2025-04-05,Spring Hill,68.5,0.0,0,0
2025-04-05,Nashville,68.8,0.0,0,0
2025-04-06,Nolensville,62.1,0.82,1,0
2025-04-06,Franklin,54.2,0.0,0,0
2025-04-06,Brentwood,67.7,0.0,0,0
2025-04-06,Spring Hill,84.7,0.2,1,0
2025-04-06,Nashville,74.9,0.0,0,0
2025-04-07,Nolensville,62.7,0.0,0,0
2025-04-07,Franklin,63.6,0.0,0,0
2025-04-07,Brentwood,77.2,0.0,0,0
2025-04-07,Spring Hill,71.6,0.0,0,0
2025-04-07,Nashville,66.3,0.0,0,0
2025-04-08,Nolensville,61.0,0.0,0,0
2025-04-08,Franklin,63.7,0.0,0,0
2025-04-08,Brentwood,57.1,0.0,0,0
2025-04-08,Spring Hill,69.6,0.0,0,0
2025-04-08,Nashville,63.3,0.4,1,0
2025-04-09,Nolensville,73.2,0.4,1,0
2025-04-09,Franklin,65.5,0.0,0,0
2025-04-09,Brentwood,62.4,0.0,0,0
2025-04-09,Spring Hill,60.1,0.8,1,0
2025-04-09,Nashville,70.0,0.0,0,0
2025-04-10,Nolensville,65.9,0.0,0,0
2025-04-10,Franklin,72.2,0.7,1,0
2025-04-10,Brentwood,63.5,0.38,1,0
2025-04-10,Spring Hill,69.9,0.0,0,0
2025-04-10,Nashville,78.0,0.0,0,0
2025-04-11,Nolensville,65.8,0.0,0,0
2025-04-11,Franklin,62.1,0.42,1,0
2025-04-11,Brentwood,72.8,0.0,0,0
2025-04-11,Spring Hill,69.2,0.0,0,0
2025-04-11,Nashville,78.6,0.0,0,0
2025-04-12,Nolensville,65.8,0.0,0,0
2025-04-12,Franklin,69.4,0.05,1,0
2025-04-12,Brentwood,61.8,0.0,0,0
2025-04-12,Spring Hill,63.5,0.0,0,0
2025-04-12,Nashville,66.8,0.0,0,0
2025-04-13,Nolensville,59.4,0.5,1,0
2025-04-13,Franklin,62.9,0.0,0,0
2025-04-13,Brentwood,83.4,0.0,0,0
2025-04-13,Spring Hill,63.1,0.0,0,0
2025-04-13,Nashville,68.6,0.29,1,0
2025-04-14,Nolensville,61.3,0.0,0,0
2025-04-14,Franklin,66.8,0.0,0,0
2025-04-14,Brentwood,66.8,0.0,0,0
2025-04-14,Spring Hill,74.2,0.43,1,0
2025-04-14,Nashville,72.0,0.0,0,0
2025-04-15,Nolensville,74.1,0.0,0,0
2025-04-15,Franklin,72.1,0.38,1,0
2025-04-15,Brentwood,63.4,0.35,1,0
2025-04-15,Spring Hill,62.2,0.0,0,0
2025-04-15,Nashville,67.3,0.24,1,0
2025-04-16,Nolensville,66.9,0.0,0,0
2025-04-16,Franklin,59.5,0.0,0,0
2025-04-16,Brentwood,49.7,0.2,1,0
2025-04-16,Spring Hill,75.8,0.0,0,0
2025-04-16,Nashville,68.5,0.0,0,0
2025-04-17,Nolensville,75.2,0.12,1,0
2025-04-17,Franklin,64.9,0.0,0,0
2025-04-17,Brentwood,83.9,0.13,1,0
2025-04-17,Spring Hill,71.9,0.0,0,0
2025-04-17,Nashville,71.9,0.0,0,0
2025-04-18,Nolensville,71.1,0.0,0,0
2025-04-18,Franklin,72.0,0.0,0,0
2025-04-18,Brentwood,62.6,0.21,1,0
2025-04-18,Spring Hill,51.1,0.0,0,0
2025-04-18,Nashville,78.3,0.0,0,0
2025-04-19,Nolensville,71.9,0.15,1,0
2025-04-19,Franklin,62.3,0.0,0,0
2025-04-19,Brentwood,75.9,0.14,1,0
2025-04-19,Spring Hill,63.5,0.09,1,0
2025-04-19,Nashville,73.2,0.7,1,0
2025-04-20,Nolensville,66.5,0.0,0,0
2025-04-20,Franklin,75.1,0.41,1,0
2025-04-20,Brentwood,60.6,0.9,1,1
2025-04-20,Spring Hill,70.1,0.0,0,0
2025-04-20,Nashville,92.2,0.0,0,0
2025-04-21,Nolensville,65.3,0.0,0,0
2025-04-21,Franklin,55.1,0.0,0,0
2025-04-21,Brentwood,82.0,0.03,1,0
2025-04-21,Spring Hill,78.2,0.0,0,0
2025-04-21,Nashville,62.1,0.16,1,0
2025-04-22,Nolensville,77.4,0.45,1,0
2025-04-22,Franklin,58.7,0.05,1,0
2025-04-22,Brentwood,70.1,0.0,0,0
2025-04-22,Spring Hill,60.8,0.0,0,0
2025-04-22,Nashville,71.5,0.0,0,0
2025-04-23,Nolensville,72.2,0.0,0,0
2025-04-23,Franklin,62.8,0.0,0,0
2025-04-23,Brentwood,64.4,0.41,1,0
2025-04-23,Spring Hill,62.5,0.0,0,0
2025-04-23,Nashville,68.6,0.0,0,0
2025-04-24,Nolensville,84.5,0.42,1,0
2025-04-24,Franklin,65.4,1.43,1,1
2025-04-24,Brentwood,72.0,0.84,1,0
2025-04-24,Spring Hill,56.5,0.0,0,0
2025-04-24,Nashville,70.2,0.0,0,0
2025-04-25,Nolensville,54.1,0.0,0,0
2025-04-25,Franklin,82.8,0.0,0,0
2025-04-25,Brentwood,66.2,0.64,1,0
2025-04-25,Spring Hill,65.6,0.0,0,0
2025-04-25,Nashville,70.1,0.0,0,0
2025-04-26,Nolensville,67.1,0.0,0,0
2025-04-26,Franklin,68.4,0.0,0,0
2025-04-26,Brentwood,76.5,0.0,0,0
2025-04-26,Spring Hill,80.0,0.0,0,0
2025-04-26,Nashville,79.4,0.0,0,0
2025-04-27,Nolensville,90.9,0.14,1,0
2025-04-27,Franklin,70.8,0.0,0,0
2025-04-27,Brentwood,63.3,0.0,0,0
2025-04-27,Spring Hill,76.1,0.0,0,0
2025-04-27,Nashville,61.3,0.0,0,0
2025-04-28,Nolensville,76.6,0.36,1,0
2025-04-28,Franklin,67.4,0.0,0,0
2025-04-28,Brentwood,68.2,0.08,1,0
2025-04-28,Spring Hill,60.7,0.0,0,0
2025-04-28,Nashville,69.6,0.0,0,0
2025-04-29,Nolensville,69.5,0.0,0,0
2025-04-29,Franklin,63.6,0.23,1,0
2025-04-29,Brentwood,71.4,0.0,0,0
2025-04-29,Spring Hill,62.5,0.03,1,0
2025-04-29,Nashville,78.6,0.0,0,0
2025-04-30,Nolensville,70.0,0.0,0,0
2025-04-30,Franklin,64.7,0.0,0,0
2025-04-30,Brentwood,63.3,0.12,1,0
2025-04-30,Spring Hill,76.1,0.0,0,0
2025-04-30,Nashville,59.1,0.0,0,0
2025-05-01,Nolensville,78.8,0.0,0,0
2025-05-01,Franklin,78.8,0.0,0,0
2025-05-01,Brentwood,81.4,0.0,0,0
2025-05-01,Spring Hill,73.4,0.92,1,0
2025-05-01,Nashville,72.8,1.1,1,1
2025-05-02,Nolensville,75.1,0.0,0,0
2025-05-02,Franklin,72.9,0.0,0,0
2025-05-02,Brentwood,69.9,0.32,1,0
2025-05-02,Spring Hill,74.2,0.0,0,0
2025-05-02,Nashville,87.7,0.19,1,0
2025-05-03,Nolensville,70.9,0.0,0,0
2025-05-03,Franklin,76.1,0.0,0,0
2025-05-03,Brentwood,77.8,0.0,0,0
2025-05-03,Spring Hill,78.4,0.0,0,0
2025-05-03,Nashville,78.3,0.31,1,0
2025-05-04,Nolensville,75.8,0.0,0,0
2025-05-04,Franklin,80.3,0.1,1,0
2025-05-04,Brentwood,71.0,0.0,0,0
2025-05-04,Spring Hill,65.5,0.1,1,0
2025-05-04,Nashville,83.3,0.0,0,0
2025-05-05,Nolensville,80.0,0.0,0,0
2025-05-05,Franklin,88.9,0.0,0,0
2025-05-05,Brentwood,86.7,0.5,1,0
2025-05-05,Spring Hill,77.1,0.31,1,0
2025-05-05,Nashville,61.7,0.0,0,0
2025-05-06,Nolensville,75.4,0.0,0,0
2025-05-06,Franklin,72.1,0.11,1,0
2025-05-06,Brentwood,78.8,0.0,0,0
2025-05-06,Spring Hill,74.6,0.0,0,0
2025-05-06,Nashville,76.6,0.0,0,0
2025-05-07,Nolensville,68.8,0.0,0,0
2025-05-07,Franklin,81.9,0.0,0,0
2025-05-07,Brentwood,72.9,0.0,0,0
2025-05-07,Spring Hill,78.5,0.2,1,0
2025-05-07,Nashville,60.7,0.45,1,0
2025-05-08,Nolensville,75.0,0.04,1,0
2025-05-08,Franklin,68.0,0.63,1,0
2025-05-08,Brentwood,65.4,0.0,0,0
2025-05-08,Spring Hill,72.7,1.29,1,0
2025-05-08,Nashville,71.2,0.2,1,0
2025-05-09,Nolensville,80.3,0.0,0,0
2025-05-09,Franklin,87.2,0.84,1,0
2025-05-09,Brentwood,67.9,0.0,0,0
2025-05-09,Spring Hill,76.5,0.0,0,0
2025-05-09,Nashville,68.9,0.0,0,0
2025-05-10,Nolensville,75.7,0.0,0,0
2025-05-10,Franklin,71.2,0.28,1,0
2025-05-10,Brentwood,72.3,0.0,0,0
2025-05-10,Spring Hill,75.6,0.93,1,0
2025-05-10,Nashville,70.7,0.0,0,0
2025-05-11,Nolensville,69.9,0.4,1,0
2025-05-11,Franklin,85.5,0.0,0,0
2025-05-11,Brentwood,81.4,0.0,0,0
2025-05-11,Spring Hill,71.1,0.56,1,0
2025-05-11,Nashville,66.3,0.0,0,0
2025-05-12,Nolensville,65.5,0.0,0,0
2025-05-12,Franklin,64.4,0.0,0,0
2025-05-12,Brentwood,78.6,0.0,0,0
2025-05-12,Spring Hill,81.9,0.6,1,0
2025-05-12,Nashville,69.3,0.01,1,0
2025-05-13,Nolensville,68.9,0.08,1,0
2025-05-13,Franklin,76.1,0.0,0,0
2025-05-13,Brentwood,76.0,0.0,0,0
2025-05-13,Spring Hill,74.3,0.0,0,0
2025-05-13,Nashville,78.8,0.0,0,0
2025-05-14,Nolensville,93.3,0.23,1,0
2025-05-14,Franklin,77.5,0.0,0,0
2025-05-14,Brentwood,75.6,0.15,1,0
2025-05-14,Spring Hill,79.8,0.0,0,0
2025-05-14,Nashville,73.8,0.0,0,0
2025-05-15,Nolensville,70.3,0.13,1,0
2025-05-15,Franklin,82.2,0.47,1,0
2025-05-15,Brentwood,72.4,0.0,0,0
2025-05-15,Spring Hill,78.7,0.0,0,0
2025-05-15,Nashville,75.7,0.0,0,0
2025-05-16,Nolensville,77.6,0.0,0,0
2025-05-16,Franklin,71.5,0.0,0,0
2025-05-16,Brentwood,68.6,0.22,1,0
2025-05-16,Spring Hill,69.7,0.1,1,0
2025-05-16,Nashville,66.4,0.0,0,0
2025-05-17,Nolensville,60.9,0.0,0,0
2025-05-17,Franklin,72.5,0.0,0,0
2025-05-17,Brentwood,83.6,0.59,1,0
2025-05-17,Spring Hill,87.2,0.09,1,0
2025-05-17,Nashville,80.2,0.25,1,0
2025-05-18,Nolensville,70.8,0.0,0,0
2025-05-18,Franklin,82.7,0.0,0,0
2025-05-18,Brentwood,74.9,0.0,0,0
2025-05-18,Spring Hill,63.8,0.0,0,0
2025-05-18,Nashville,81.5,0.0,0,0
2025-05-19,Nolensville,78.2,0.32,1,0
2025-05-19,Franklin,67.7,0.36,1,0
2025-05-19,Brentwood,86.0,0.0,0,0
2025-05-19,Spring Hill,78.0,0.04,1,0
2025-05-19,Nashville,78.6,0.39,1,0
2025-05-20,Nolensville,80.8,0.38,1,0
2025-05-20,Franklin,69.2,0.0,0,0
2025-05-20,Brentwood,76.1,0.22,1,0
2025-05-20,Spring Hill,77.0,0.69,1,0
2025-05-20,Nashville,71.2,0.0,0,0
2025-05-21,Nolensville,88.5,0.42,1,0
2025-05-21,Franklin,81.5,0.0,0,0
2025-05-21,Brentwood,80.5,0.4,1,0
2025-05-21,Spring Hill,79.5,0.53,1,0
2025-05-21,Nashville,69.7,0.27,1,0
2025-05-22,Nolensville,78.2,0.0,0,0
2025-05-22,Franklin,83.3,0.0,0,0
2025-05-22,Brentwood,69.7,0.18,1,0
2025-05-22,Spring Hill,73.5,0.0,0,0
2025-05-22,Nashville,77.0,0.0,0,0
2025-05-23,Nolensville,73.9,0.0,0,0
2025-05-23,Franklin,79.5,0.0,0,0
2025-05-23,Brentwood,64.1,0.0,0,0
2025-05-23,Spring Hill,74.7,1.01,1,1
2025-05-23,Nashville,81.3,0.0,0,0
2025-05-24,Nolensville,73.5,0.0,0,0
2025-05-24,Franklin,84.3,0.0,0,0
2025-05-24,Brentwood,81.2,0.0,0,0
2025-05-24,Spring Hill,75.6,0.0,0,0
2025-05-24,Nashville,75.2,0.09,1,0
2025-05-25,Nolensville,68.0,0.0,0,0
2025-05-25,Franklin,76.7,0.0,0,0
2025-05-25,Brentwood,73.0,0.17,1,0
2025-05-25,Spring Hill,56.3,0.0,0,0
2025-05-25,Nashville,95.1,0.0,0,0
2025-05-26,Nolensville,68.3,0.32,1,0
2025-05-26,Franklin,88.9,0.0,0,0
2025-05-26,Brentwood,72.2,0.14,1,0
2025-05-26,Spring Hill,63.7,0.0,0,0
2025-05-26,Nashville,69.7,0.4,1,0
2025-05-27,Nolensville,54.0,0.0,0,0
2025-05-27,Franklin,72.7,0.0,0,0
2025-05-27,Brentwood,86.6,0.63,1,0
2025-05-27,Spring Hill,75.7,0.0,0,0
2025-05-27,Nashville,75.6,0.0,0,0
2025-05-28,Nolensville,77.2,0.0,0,0
2025-05-28,Franklin,69.4,0.44,1,0
2025-05-28,Brentwood,77.0,0.11,1,0
2025-05-28,Spring Hill,71.7,0.0,0,0
2025-05-28,Nashville,64.6,0.49,1,0
2025-05-29,Nolensville,93.6,0.0,0,0
2025-05-29,Franklin,85.1,0.0,0,0
2025-05-29,Brentwood,89.0,0.49,1,0
2025-05-29,Spring Hill,77.9,0.0,0,0
2025-05-29,Nashville,78.7,0.1,1,0
2025-05-30,Nolensville,87.3,0.0,0,0
2025-05-30,Franklin,71.6,0.15,1,0
2025-05-30,Brentwood,67.0,0.0,0,0
2025-05-30,Spring Hill,74.6,0.0,0,0
2025-05-30,Nashville,83.8,0.0,0,0
2025-05-31,Nolensville,77.9,0.0,0,0
2025-05-31,Franklin,75.2,0.0,0,0
2025-05-31,Brentwood,81.0,0.73,1,0
2025-05-31,Spring Hill,81.5,0.0,0,0
2025-05-31,Nashville,63.3,0.56,1,0
2025-06-01,Nolensville,87.0,0.0,0,0
2025-06-01,Franklin,78.4,0.0,0,0
2025-06-01,Brentwood,87.0,0.0,0,0
2025-06-01,Spring Hill,91.8,0.0,0,0
2025-06-01,Nashville,79.9,0.0,0,0
2025-06-02,Nolensville,90.1,0.0,0,0
2025-06-02,Franklin,86.0,0.28,1,0
2025-06-02,Brentwood,85.7,0.0,0,0
2025-06-02,Spring Hill,81.7,0.0,0,0
2025-06-02,Nashville,86.3,0.0,0,0
2025-06-03,Nolensville,82.9,0.0,0,0
2025-06-03,Franklin,99.7,0.0,0,0
2025-06-03,Brentwood,81.3,0.12,1,0
2025-06-03,Spring Hill,89.7,0.0,0,0
2025-06-03,Nashville,82.1,0.27,1,0
2025-06-04,Nolensville,82.7,0.0,0,0
2025-06-04,Franklin,89.3,0.09,1,0
2025-06-04,Brentwood,90.1,0.0,0,0
2025-06-04,Spring Hill,87.5,1.17,1,0
2025-06-04,Nashville,90.0,0.17,1,0
2025-06-05,Nolensville,104.0,1.05,1,0
2025-06-05,Franklin,77.1,0.0,0,0
2025-06-05,Brentwood,73.5,0.0,0,0
2025-06-05,Spring Hill,85.4,0.0,0,0
2025-06-05,Nashville,96.9,0.0,0,0
2025-06-06,Nolensville,88.6,0.56,1,0
2025-06-06,Franklin,74.9,0.0,0,0
2025-06-06,Brentwood,84.2,0.0,0,0
2025-06-06,Spring Hill,92.6,0.0,0,0
2025-06-06,Nashville,86.2,0.0,0,0
2025-06-07,Nolensville,73.1,0.0,0,0
2025-06-07,Franklin,84.1,0.5,1,0
2025-06-07,Brentwood,62.2,0.0,0,0
2025-06-07,Spring Hill,83.3,0.0,0,0
2025-06-07,Nashville,77.8,0.0,0,0
2025-06-08,Nolensville,89.9,0.0,0,0
2025-06-08,Franklin,81.0,0.0,0,0
2025-06-08,Brentwood,86.9,0.29,1,0
2025-06-08,Spring Hill,80.8,1.31,1,1
2025-06-08,Nashville,83.5,0.0,0,0
2025-06-09,Nolensville,81.3,0.29,1,0
2025-06-09,Franklin,67.5,0.0,0,0
2025-06-09,Brentwood,83.0,0.05,1,0
2025-06-09,Spring Hill,79.3,0.0,0,0
2025-06-09,Nashville,79.9,0.0,0,0
2025-06-10,Nolensville,79.4,0.0,0,0
2025-06-10,Franklin,82.3,0.0,0,0
2025-06-10,Brentwood,70.8,0.0,0,0
2025-06-10,Spring Hill,70.4,0.0,0,0
2025-06-10,Nashville,78.3,0.13,1,0
2025-06-11,Nolensville,76.9,0.0,0,0
2025-06-11,Franklin,86.8,0.09,1,0
2025-06-11,Brentwood,76.0,0.63,1,0
2025-06-11,Spring Hill,88.4,0.0,0,0
2025-06-11,Nashville,84.2,0.24,1,0
2025-06-12,Nolensville,71.7,0.0,0,0
2025-06-12,Franklin,92.5,0.15,1,0
2025-06-12,Brentwood,82.4,0.51,1,0
2025-06-12,Spring Hill,87.6,0.0,0,0
2025-06-12,Nashville,84.6,0.21,1,0
2025-06-13,Nolensville,84.7,0.0,0,0
2025-06-13,Franklin,85.3,0.0,0,0
2025-06-13,Brentwood,75.6,0.19,1,0
2025-06-13,Spring Hill,88.0,0.0,0,0
2025-06-13,Nashville,76.3,0.0,0,0
2025-06-14,Nolensville,85.9,0.23,1,0
2025-06-14,Franklin,81.6,0.0,0,0
2025-06-14,Brentwood,95.1,0.0,0,0
2025-06-14,Spring Hill,92.3,0.0,0,0
2025-06-14,Nashville,73.7,0.0,0,0
2025-06-15,Nolensville,78.2,0.0,0,0
2025-06-15,Franklin,83.4,0.0,0,0
2025-06-15,Brentwood,92.8,0.0,0,0
2025-06-15,Spring Hill,80.9,0.0,0,0
2025-06-15,Nashville,84.5,0.0,0,0
2025-06-16,Nolensville,85.3,0.0,0,0
2025-06-16,Franklin,92.7,0.0,0,0
2025-06-16,Brentwood,77.3,0.27,1,0
2025-06-16,Spring Hill,87.5,0.0,0,0
2025-06-16,Nashville,76.4,0.33,1,0
2025-06-17,Nolensville,83.6,0.0,0,0
2025-06-17,Franklin,90.8,0.61,1,0
2025-06-17,Brentwood,74.8,0.0,0,0
2025-06-17,Spring Hill,91.9,0.0,0,0
2025-06-17,Nashville,86.3,0.0,0,0
2025-06-18,Nolensville,91.4,0.0,0,0
2025-06-18,Franklin,77.6,0.48,1,0
2025-06-18,Brentwood,79.3,0.0,0,0
2025-06-18,Spring Hill,72.3,0.1,1,0
2025-06-18,Nashville,80.3,0.13,1,0
2025-06-19,Nolensville,97.2,0.0,0,0
2025-06-19,Franklin,86.5,0.0,0,0
2025-06-19,Brentwood,89.9,0.0,0,0
2025-06-19,Spring Hill,78.2,0.0,0,0
2025-06-19,Nashville,71.2,1.38,1,0
2025-06-20,Nolensville,88.3,0.14,1,0
2025-06-20,Franklin,85.8,0.0,0,0
2025-06-20,Brentwood,79.5,0.0,0,0
2025-06-20,Spring Hill,81.1,0.0,0,0
2025-06-20,Nashville,81.7,0.0,0,0
2025-06-21,Nolensville,82.8,0.0,0,0
2025-06-21,Franklin,90.9,0.0,0,0
2025-06-21,Brentwood,80.9,0.0,0,0
2025-06-21,Spring Hill,85.0,0.0,0,0
2025-06-21,Nashville,91.9,0.0,0,0
2025-06-22,Nolensville,88.1,0.03,1,0
2025-06-22,Franklin,73.9,0.43,1,0
2025-06-22,Brentwood,80.5,0.04,1,0
2025-06-22,Spring Hill,80.1,0.44,1,0
2025-06-22,Nashville,81.6,0.31,1,0
2025-06-23,Nolensville,82.2,0.0,0,0
2025-06-23,Franklin,79.1,0.0,0,0
2025-06-23,Brentwood,85.6,0.0,0,0
2025-06-23,Spring Hill,72.4,0.0,0,0
2025-06-23,Nashville,78.3,0.0,0,0
2025-06-24,Nolensville,89.5,0.05,1,0
2025-06-24,Franklin,84.0,0.19,1,0
2025-06-24,Brentwood,80.4,0.0,0,0
2025-06-24,Spring Hill,90.2,0.0,0,0
2025-06-24,Nashville,91.7,0.0,0,0
2025-06-25,Nolensville,76.7,0.0,0,0
2025-06-25,Franklin,65.6,0.0,0,0
2025-06-25,Brentwood,82.8,0.0,0,0
2025-06-25,Spring Hill,70.8,0.0,0,0
2025-06-25,Nashville,89.7,0.28,1,0
2025-06-26,Nolensville,73.7,0.0,0,0
2025-06-26,Franklin,78.6,0.0,0,0
2025-06-26,Brentwood,76.1,0.12,1,0
2025-06-26,Spring Hill,71.3,0.0,0,0
2025-06-26,Nashville,93.6,0.09,1,0
2025-06-27,Nolensville,84.0,0.0,0,0
2025-06-27,Franklin,86.9,0.74,1,0
2025-06-27,Brentwood,84.2,0.0,0,0
2025-06-27,Spring Hill,82.1,0.0,0,0
2025-06-27,Nashville,84.5,0.09,1,0
2025-06-28,Nolensville,77.2,0.22,1,0
2025-06-28,Franklin,69.2,0.0,0,0
2025-06-28,Brentwood,79.3,0.18,1,0
2025-06-28,Spring Hill,97.4,0.0,0,0
2025-06-28,Nashville,92.7,0.0,0,0
2025-06-29,Nolensville,86.9,0.62,1,0
2025-06-29,Franklin,77.1,0.33,1,0
2025-06-29,Brentwood,89.0,0.1,1,0
2025-06-29,Spring Hill,73.9,0.0,0,0
2025-06-29,Nashville,86.1,0.0,0,0
2025-06-30,Nolensville,74.6,0.0,0,0
2025-06-30,Franklin,87.6,0.0,0,0
2025-06-30,Brentwood,91.5,0.1,1,0
2025-06-30,Spring Hill,77.9,0.0,0,0
2025-06-30,Nashville,91.3,0.31,1,0
2025-07-01,Nolensville,94.2,0.0,0,0
2025-07-01,Franklin,86.2,0.0,0,0
2025-07-01,Brentwood,86.7,0.0,0,0
2025-07-01,Spring Hill,88.1,1.07,1,0
2025-07-01,Nashville,86.6,0.0,0,0
2025-07-02,Nolensville,92.6,0.05,1,0
2025-07-02,Franklin,87.4,0.96,1,0
2025-07-02,Brentwood,89.8,0.1,1,0
2025-07-02,Spring Hill,88.1,0.0,0,0
2025-07-02,Nashville,84.2,0.0,0,0
2025-07-03,Nolensville,90.9,0.0,0,0
2025-07-03,Franklin,83.9,0.25,1,0
2025-07-03,Brentwood,84.6,0.0,0,0
2025-07-03,Spring Hill,76.2,0.0,0,0
2025-07-03,Nashville,99.1,0.0,0,0
2025-07-04,Nolensville,88.0,0.0,0,0
2025-07-04,Franklin,99.4,0.0,0,0
2025-07-04,Brentwood,88.3,0.0,0,0
2025-07-04,Spring Hill,92.6,0.15,1,0
2025-07-04,Nashville,83.6,0.0,0,0
2025-07-05,Nolensville,87.6,1.05,1,0
2025-07-05,Franklin,83.1,0.0,0,0
2025-07-05,Brentwood,80.3,0.0,0,0
2025-07-05,Spring Hill,103.6,0.0,0,0
2025-07-05,Nashville,87.4,0.0,0,0
2025-07-06,Nolensville,81.3,0.25,1,0
2025-07-06,Franklin,97.8,0.0,0,0
2025-07-06,Brentwood,83.3,0.0,0,0
2025-07-06,Spring Hill,87.4,0.0,0,0
2025-07-06,Nashville,109.0,0.37,1,0
2025-07-07,Nolensville,88.0,0.0,0,0
2025-07-07,Franklin,80.7,0.0,0,0
2025-07-07,Brentwood,91.6,0.0,0,0
2025-07-07,Spring Hill,92.0,0.0,0,0
2025-07-07,Nashville,94.6,0.0,0,0
2025-07-08,Nolensville,79.8,0.24,1,0
2025-07-08,Franklin,84.7,0.0,0,0
2025-07-08,Brentwood,79.7,0.0,0,0
2025-07-08,Spring Hill,86.4,0.0,0,0
2025-07-08,Nashville,81.0,0.05,1,0
2025-07-09,Nolensville,93.2,0.0,0,0
2025-07-09,Franklin,84.9,0.0,0,0
2025-07-09,Brentwood,83.0,0.8,1,0
2025-07-09,Spring Hill,92.2,0.01,1,0
2025-07-09,Nashville,90.7,0.43,1,0
2025-07-10,Nolensville,86.1,0.0,0,0
2025-07-10,Franklin,85.8,0.0,0,0
2025-07-10,Brentwood,76.9,0.0,0,0
2025-07-10,Spring Hill,102.3,0.0,0,0
2025-07-10,Nashville,86.3,0.41,1,0
2025-07-11,Nolensville,86.7,0.0,0,0
2025-07-11,Franklin,83.1,0.0,0,0
2025-07-11,Brentwood,93.8,0.0,0,0
2025-07-11,Spring Hill,89.0,0.0,0,0
2025-07-11,Nashville,86.4,0.0,0,0
2025-07-12,Nolensville,90.3,0.0,0,0
2025-07-12,Franklin,87.3,0.0,0,0
2025-07-12,Brentwood,100.0,0.0,0,0
2025-07-12,Spring Hill,93.5,0.0,0,0
2025-07-12,Nashville,91.4,0.04,1,0
2025-07-13,Nolensville,91.7,0.47,1,0
2025-07-13,Franklin,81.1,0.0,0,0
2025-07-13,Brentwood,77.5,0.0,0,0
2025-07-13,Spring Hill,93.2,0.0,0,0
2025-07-13,Nashville,94.1,0.0,0,0
2025-07-14,Nolensville,83.7,0.15,1,0
2025-07-14,Franklin,88.9,0.19,1,0
2025-07-14,Brentwood,77.3,0.09,1,0
2025-07-14,Spring Hill,90.1,0.0,0,0
2025-07-14,Nashville,81.4,0.66,1,0
2025-07-15,Nolensville,91.4,0.0,0,0
2025-07-15,Franklin,90.4,0.0,0,0
2025-07-15,Brentwood,88.7,0.0,0,0
2025-07-15,Spring Hill,82.8,0.52,1,0
2025-07-15,Nashville,82.6,0.0,0,0
2025-07-16,Nolensville,94.9,0.0,0,0
2025-07-16,Franklin,98.6,0.0,0,0
2025-07-16,Brentwood,88.9,0.0,0,0
2025-07-16,Spring Hill,97.5,0.1,1,0
2025-07-16,Nashville,91.4,0.29,1,0
2025-07-17,Nolensville,93.3,0.0,0,0
2025-07-17,Franklin,74.5,0.0,0,0
2025-07-17,Brentwood,92.9,0.0,0,0
2025-07-17,Spring Hill,83.4,0.0,0,0
2025-07-17,Nashville,88.2,0.0,0,0
2025-07-18,Nolensville,102.2,0.48,1,0
2025-07-18,Franklin,90.7,0.0,0,0
2025-07-18,Brentwood,90.1,0.74,1,0
2025-07-18,Spring Hill,93.6,0.0,0,0
2025-07-18,Nashville,90.2,0.0,0,0
2025-07-19,Nolensville,89.3,0.34,1,0
2025-07-19,Franklin,87.4,0.07,1,0
2025-07-19,Brentwood,91.5,0.16,1,0
2025-07-19,Spring Hill,94.9,0.0,0,0
2025-07-19,Nashville,86.6,0.63,1,0
2025-07-20,Nolensville,87.6,0.0,0,0
2025-07-20,Franklin,87.1,0.34,1,0
2025-07-20,Brentwood,85.7,0.0,0,0
2025-07-20,Spring Hill,102.0,0.0,0,0
2025-07-20,Nashville,100.7,1.17,1,1
2025-07-21,Nolensville,87.5,0.32,1,0
2025-07-21,Franklin,87.9,0.0,0,0
2025-07-21,Brentwood,97.7,0.23,1,0
2025-07-21,Spring Hill,96.6,0.14,1,0
2025-07-21,Nashville,98.7,0.06,1,0
2025-07-22,Nolensville,81.5,1.04,1,1
2025-07-22,Franklin,83.5,0.0,0,0
2025-07-22,Brentwood,90.0,0.0,0,0
2025-07-22,Spring Hill,91.1,0.5,1,0
2025-07-22,Nashville,75.7,0.0,0,0
2025-07-23,Nolensville,85.8,0.0,0,0
2025-07-23,Franklin,78.7,0.0,0,0
2025-07-23,Brentwood,89.7,0.0,0,0
2025-07-23,Spring Hill,76.9,0.08,1,0
2025-07-23,Nashville,93.4,0.0,0,0
2025-07-24,Nolensville,84.3,0.0,0,0
2025-07-24,Franklin,97.5,0.0,0,0
2025-07-24,Brentwood,92.3,0.0,0,0
2025-07-24,Spring Hill,86.2,0.66,1,0
2025-07-24,Nashville,86.8,0.0,0,0
2025-07-25,Nolensville,93.0,0.0,0,0
2025-07-25,Franklin,83.2,0.69,1,0
2025-07-25,Brentwood,77.4,0.08,1,0
2025-07-25,Spring Hill,81.4,0.16,1,0
2025-07-25,Nashville,90.3,0.3,1,0
2025-07-26,Nolensville,93.1,0.78,1,0
2025-07-26,Franklin,76.8,0.0,0,0
2025-07-26,Brentwood,97.1,0.0,0,0
2025-07-26,Spring Hill,86.6,0.0,0,0
2025-07-26,Nashville,100.3,0.0,0,0
2025-07-27,Nolensville,82.9,0.0,0,0
2025-07-27,Franklin,75.0,0.0,0,0
2025-07-27,Brentwood,92.4,0.0,0,0
2025-07-27,Spring Hill,91.9,0.08,1,0
2025-07-27,Nashville,81.2,0.0,0,0
2025-07-28,Nolensville,93.6,0.0,0,0
2025-07-28,Franklin,90.6,0.22,1,0
2025-07-28,Brentwood,91.3,0.0,0,0
2025-07-28,Spring Hill,89.9,0.0,0,0
2025-07-28,Nashville,81.8,0.0,0,0
2025-07-29,Nolensville,94.2,0.0,0,0
2025-07-29,Franklin,92.7,0.0,0,0
2025-07-29,Brentwood,88.1,0.6,1,0
2025-07-29,Spring Hill,101.4,0.09,1,0
2025-07-29,Nashville,86.2,0.0,0,0
2025-07-30,Nolensville,86.5,0.0,0,0
2025-07-30,Franklin,93.5,0.0,0,0
2025-07-30,Brentwood,83.8,0.0,0,0
2025-07-30,Spring Hill,93.1,0.18,1,0
2025-07-30,Nashville,80.4,0.0,0,0
2025-07-31,Nolensville,88.5,0.0,0,0
2025-07-31,Franklin,84.4,0.0,0,0
2025-07-31,Brentwood,89.2,0.0,0,0
2025-07-31,Spring Hill,90.8,0.0,0,0
2025-07-31,Nashville,77.2,0.2,1,0
2025-08-01,Nolensville,87.5,0.0,0,0
2025-08-01,Franklin,92.7,0.0,0,0
2025-08-01,Brentwood,91.7,0.12,1,0
2025-08-01,Spring Hill,85.9,0.0,0,0
2025-08-01,Nashville,90.2,0.24,1,0
2025-08-02,Nolensville,82.0,0.0,0,0
2025-08-02,Franklin,86.7,0.0,0,0
2025-08-02,Brentwood,89.5,0.0,0,0
2025-08-02,Spring Hill,80.7,0.0,0,0
2025-08-02,Nashville,91.0,0.0,0,0
2025-08-03,Nolensville,87.9,0.0,0,0
2025-08-03,Franklin,91.2,0.0,0,0
2025-08-03,Brentwood,86.5,0.0,0,0
2025-08-03,Spring Hill,99.0,0.0,0,0
2025-08-03,Nashville,89.4,0.0,0,0
2025-08-04,Nolensville,92.0,0.49,1,0
2025-08-04,Franklin,85.8,0.0,0,0
2025-08-04,Brentwood,88.7,0.16,1,0
2025-08-04,Spring Hill,98.4,0.45,1,0
2025-08-04,Nashville,81.6,0.0,0,0
2025-08-05,Nolensville,96.4,0.26,1,0
2025-08-05,Franklin,93.1,0.0,0,0
2025-08-05,Brentwood,76.1,0.76,1,0
2025-08-05,Spring Hill,89.8,0.0,0,0
2025-08-05,Nashville,81.1,0.43,1,0
2025-08-06,Nolensville,97.5,0.17,1,0
2025-08-06,Franklin,83.0,0.25,1,0
2025-08-06,Brentwood,87.5,0.0,0,0
2025-08-06,Spring Hill,93.5,0.0,0,0
2025-08-06,Nashville,90.2,0.0,0,0
2025-08-07,Nolensville,85.7,0.0,0,0
2025-08-07,Franklin,89.0,1.1,1,0
2025-08-07,Brentwood,89.6,0.0,0,0
2025-08-07,Spring Hill,78.2,0.0,0,0
2025-08-07,Nashville,87.7,0.0,0,0
2025-08-08,Nolensville,90.3,0.14,1,0
2025-08-08,Franklin,97.2,0.0,0,0
2025-08-08,Brentwood,84.3,0.0,0,0
2025-08-08,Spring Hill,86.3,0.0,0,0
2025-08-08,Nashville,90.3,0.0,0,0
2025-08-09,Nolensville,88.3,0.0,0,0
2025-08-09,Franklin,75.2,0.81,1,0
2025-08-09,Brentwood,93.8,0.0,0,0
2025-08-09,Spring Hill,91.7,0.0,0,0
2025-08-09,Nashville,73.0,0.0,0,0
2025-08-10,Nolensville,67.6,0.0,0,0
2025-08-10,Franklin,86.9,0.0,0,0
2025-08-10,Brentwood,90.1,0.42,1,0
2025-08-10,Spring Hill,84.1,0.0,0,0
2025-08-10,Nashville,91.8,0.0,0,0
2025-08-11,Nolensville,94.9,0.0,0,0
2025-08-11,Franklin,76.4,0.0,0,0
2025-08-11,Brentwood,75.8,0.0,0,0
2025-08-11,Spring Hill,89.8,0.0,0,0
2025-08-11,Nashville,92.4,0.0,0,0
2025-08-12,Nolensville,83.2,0.3,1,0
2025-08-12,Franklin,89.7,0.0,0,0
2025-08-12,Brentwood,85.1,0.0,0,0
2025-08-12,Spring Hill,94.0,0.0,0,0
2025-08-12,Nashville,89.2,0.0,0,0
2025-08-13,Nolensville,82.5,0.0,0,0
2025-08-13,Franklin,83.1,0.31,1,0
2025-08-13,Brentwood,84.7,0.0,0,0
2025-08-13,Spring Hill,75.5,0.0,0,0
2025-08-13,Nashville,88.6,0.0,0,0
2025-08-14,Nolensville,83.3,0.0,0,0
2025-08-14,Franklin,84.3,0.0,0,0
2025-08-14,Brentwood,80.0,0.0,0,0
2025-08-14,Spring Hill,97.7,0.0,0,0
2025-08-14,Nashville,91.2,0.0,0,0
2025-08-15,Nolensville,99.7,0.0,0,0
2025-08-15,Franklin,85.1,0.0,0,0
2025-08-15,Brentwood,91.6,0.0,0,0
2025-08-15,Spring Hill,88.7,0.0,0,0
2025-08-15,Nashville,82.7,0.0,0,0
2025-08-16,Nolensville,85.0,0.0,0,0
2025-08-16,Franklin,91.2,0.0,0,0
2025-08-16,Brentwood,80.0,0.0,0,0
2025-08-16,Spring Hill,94.1,0.0,0,0
2025-08-16,Nashville,88.2,0.0,0,0
2025-08-17,Nolensville,93.1,0.42,1,0
2025-08-17,Franklin,76.4,0.3,1,0
2025-08-17,Brentwood,94.3,0.0,0,0
2025-08-17,Spring Hill,88.1,0.0,0,0
2025-08-17,Nashville,87.1,0.0,0,0
2025-08-18,Nolensville,88.1,0.0,0,0
2025-08-18,Franklin,75.0,0.0,0,0
2025-08-18,Brentwood,95.0,0.0,0,0
2025-08-18,Spring Hill,71.9,0.9,1,1
2025-08-18,Nashville,74.0,0.53,1,0
2025-08-19,Nolensville,94.9,0.76,1,0
2025-08-19,Franklin,91.6,0.63,1,0
2025-08-19,Brentwood,76.5,0.26,1,0
2025-08-19,Spring Hill,89.3,0.77,1,0
2025-08-19,Nashville,88.7,0.0,0,0
2025-08-20,Nolensville,85.7,0.0,0,0
2025-08-20,Franklin,63.1,0.0,0,0
2025-08-20,Brentwood,91.0,1.27,1,1
2025-08-20,Spring Hill,83.6,0.0,0,0
2025-08-20,Nashville,86.3,0.0,0,0
2025-08-21,Nolensville,95.4,0.0,0,0
2025-08-21,Franklin,86.6,0.0,0,0
2025-08-21,Brentwood,104.8,0.0,0,0
2025-08-21,Spring Hill,87.8,0.0,0,0
2025-08-21,Nashville,96.2,0.0,0,0
2025-08-22,Nolensville,85.1,0.0,0,0
2025-08-22,Franklin,78.7,0.0,0,0
2025-08-22,Brentwood,86.6,0.0,0,0
2025-08-22,Spring Hill,90.8,0.0,0,0
2025-08-22,Nashville,81.9,0.0,0,0
2025-08-23,Nolensville,94.9,0.0,0,0
2025-08-23,Franklin,83.9,0.0,0,0
2025-08-23,Brentwood,80.0,0.0,0,0
2025-08-23,Spring Hill,102.9,0.0,0,0
2025-08-23,Nashville,81.6,0.0,0,0
2025-08-24,Nolensville,83.7,0.0,0,0
2025-08-24,Franklin,91.9,0.0,0,0
2025-08-24,Brentwood,84.8,0.0,0,0
2025-08-24,Spring Hill,80.3,0.0,0,0
2025-08-24,Nashville,83.1,0.0,0,0
2025-08-25,Nolensville,100.2,0.0,0,0
2025-08-25,Franklin,91.0,0.0,0,0
2025-08-25,Brentwood,92.4,0.38,1,0
2025-08-25,Spring Hill,90.1,0.2,1,0
2025-08-25,Nashville,88.0,0.02,1,0
2025-08-26,Nolensville,93.8,0.0,0,0
2025-08-26,Franklin,84.3,0.0,0,0
2025-08-26,Brentwood,79.2,0.0,0,0
2025-08-26,Spring Hill,88.4,0.25,1,0
2025-08-26,Nashville,93.5,0.29,1,0
2025-08-27,Nolensville,82.9,0.0,0,0
2025-08-27,Franklin,86.9,0.0,0,0
2025-08-27,Brentwood,97.1,0.0,0,0
2025-08-27,Spring Hill,93.7,0.0,0,0
2025-08-27,Nashville,91.0,0.0,0,0
2025-08-28,Nolensville,94.1,0.0,0,0
2025-08-28,Franklin,91.5,0.0,0,0
2025-08-28,Brentwood,81.1,0.0,0,0
2025-08-28,Spring Hill,92.5,0.0,0,0
2025-08-28,Nashville,95.0,0.0,0,0
2025-08-29,Nolensville,95.4,0.0,0,0
2025-08-29,Franklin,79.7,0.18,1,0
2025-08-29,Brentwood,82.7,0.0,0,0
2025-08-29,Spring Hill,85.0,0.0,0,0
2025-08-29,Nashville,90.2,0.0,0,0
2025-08-30,Nolensville,88.2,0.0,0,0
2025-08-30,Franklin,88.2,0.0,0,0
2025-08-30,Brentwood,78.0,0.18,1,0
2025-08-30,Spring Hill,96.0,0.0,0,0
2025-08-30,Nashville,94.9,0.0,0,0
2025-08-31,Nolensville,86.6,0.0,0,0
2025-08-31,Franklin,92.5,0.0,0,0
2025-08-31,Brentwood,89.6,0.64,1,0
2025-08-31,Spring Hill,92.8,0.0,0,0
2025-08-31,Nashville,101.0,0.0,0,0
2025-09-01,Nolensville,81.2,0.0,0,0
2025-09-01,Franklin,85.0,0.44,1,0
2025-09-01,Brentwood,81.4,0.0,0,0
2025-09-01,Spring Hill,79.9,0.0,0,0
2025-09-01,Nashville,93.0,0.0,0,0
2025-09-02,Nolensville,81.4,0.0,0,0
2025-09-02,Franklin,86.0,0.0,0,0
2025-09-02,Brentwood,92.4,0.5,1,0
2025-09-02,Spring Hill,84.7,0.0,0,0
2025-09-02,Nashville,81.4,0.0,0,0
2025-09-03,Nolensville,84.2,0.23,1,0
2025-09-03,Franklin,100.0,0.0,0,0
2025-09-03,Brentwood,72.2,0.0,0,0
2025-09-03,Spring Hill,80.3,0.0,0,0
2025-09-03,Nashville,85.1,0.48,1,0
2025-09-04,Nolensville,79.3,0.0,0,0
2025-09-04,Franklin,69.9,0.08,1,0
2025-09-04,Brentwood,82.7,0.0,0,0
2025-09-04,Spring Hill,68.1,0.53,1,0
2025-09-04,Nashville,89.6,0.0,0,0
2025-09-05,Nolensville,86.9,0.72,1,0
2025-09-05,Franklin,65.1,0.0,0,0
2025-09-05,Brentwood,68.3,0.0,0,0
2025-09-05,Spring Hill,79.6,0.1,1,0
2025-09-05,Nashville,70.9,0.0,0,0
2025-09-06,Nolensville,78.1,0.0,0,0
2025-09-06,Franklin,92.2,1.26,1,1
2025-09-06,Brentwood,80.4,0.0,0,0
2025-09-06,Spring Hill,91.7,0.0,0,0
2025-09-06,Nashville,82.2,0.0,0,0
2025-09-07,Nolensville,80.6,0.0,0,0
2025-09-07,Franklin,81.0,0.16,1,0
2025-09-07,Brentwood,71.2,0.98,1,1
2025-09-07,Spring Hill,85.9,0.5,1,0
2025-09-07,Nashville,77.6,0.0,0,0
2025-09-08,Nolensville,77.5,0.0,0,0
2025-09-08,Franklin,87.5,0.22,1,0
2025-09-08,Brentwood,70.7,1.05,1,0
2025-09-08,Spring Hill,82.6,0.0,0,0
2025-09-08,Nashville,87.0,0.0,0,0
2025-09-09,Nolensville,60.1,0.0,0,0
2025-09-09,Franklin,74.0,0.0,0,0
2025-09-09,Brentwood,79.7,0.0,0,0
2025-09-09,Spring Hill,69.5,0.0,0,0
2025-09-09,Nashville,86.3,0.11,1,0
2025-09-10,Nolensville,88.2,0.0,0,0
2025-09-10,Franklin,88.5,0.0,0,0
2025-09-10,Brentwood,80.3,0.0,0,0
2025-09-10,Spring Hill,80.0,0.0,0,0
2025-09-10,Nashville,71.6,0.0,0,0
2025-09-11,Nolensville,81.6,0.0,0,0
2025-09-11,Franklin,87.0,0.0,0,0
2025-09-11,Brentwood,83.4,0.0,0,0
2025-09-11,Spring Hill,91.1,0.0,0,0
2025-09-11,Nashville,78.9,0.0,0,0
2025-09-12,Nolensville,78.9,0.0,0,0
2025-09-12,Franklin,75.3,0.0,0,0
2025-09-12,Brentwood,95.9,0.0,0,0
2025-09-12,Spring Hill,71.6,0.0,0,0
2025-09-12,Nashville,86.4,0.63,1,0
2025-09-13,Nolensville,86.8,0.0,0,0
2025-09-13,Franklin,75.9,0.27,1,0
2025-09-13,Brentwood,85.3,0.17,1,0
2025-09-13,Spring Hill,79.4,0.0,0,0
2025-09-13,Nashville,77.4,0.0,0,0
2025-09-14,Nolensville,82.1,0.0,0,0
2025-09-14,Franklin,81.6,0.0,0,0
2025-09-14,Brentwood,92.5,0.53,1,0
2025-09-14,Spring Hill,72.9,0.0,0,0
2025-09-14,Nashville,73.4,0.59,1,0
2025-09-15,Nolensville,81.6,1.37,1,0
2025-09-15,Franklin,70.9,0.0,0,0
2025-09-15,Brentwood,65.6,0.0,0,0
2025-09-15,Spring Hill,73.3,0.0,0,0
2025-09-15,Nashville,71.4,0.0,0,0
2025-09-16,Nolensville,86.0,0.0,0,0
2025-09-16,Franklin,76.2,0.0,0,0
2025-09-16,Brentwood,72.0,0.17,1,0
2025-09-16,Spring Hill,88.1,0.0,0,0
2025-09-16,Nashville,75.1,0.0,0,0
2025-09-17,Nolensville,80.7,0.0,0,0
2025-09-17,Franklin,76.0,0.0,0,0
2025-09-17,Brentwood,93.2,0.0,0,0
2025-09-17,Spring Hill,82.2,0.0,0,0
2025-09-17,Nashville,98.1,0.0,0,0
2025-09-18,Nolensville,76.0,0.0,0,0
2025-09-18,Franklin,79.5,0.14,1,0
2025-09-18,Brentwood,91.2,0.08,1,0
2025-09-18,Spring Hill,77.9,0.0,0,0
2025-09-18,Nashville,88.0,0.0,0,0
2025-09-19,Nolensville,79.1,0.04,1,0
2025-09-19,Franklin,84.4,0.0,0,0
2025-09-19,Brentwood,83.9,0.0,0,0
2025-09-19,Spring Hill,80.0,0.0,0,0
2025-09-19,Nashville,87.2,0.0,0,0
2025-09-20,Nolensville,86.2,0.0,0,0
2025-09-20,Franklin,73.6,0.0,0,0
2025-09-20,Brentwood,80.0,0.0,0,0
2025-09-20,Spring Hill,92.7,0.0,0,0
2025-09-20,Nashville,94.7,0.67,1,0
2025-09-21,Nolensville,77.4,0.0,0,0
2025-09-21,Franklin,66.6,0.15,1,0
2025-09-21,Brentwood,72.7,0.0,0,0
2025-09-21,Spring Hill,93.3,0.0,0,0
2025-09-21,Nashville,69.4,0.09,1,0
2025-09-22,Nolensville,83.0,0.0,0,0
2025-09-22,Franklin,81.5,0.0,0,0
2025-09-22,Brentwood,92.3,0.0,0,0
2025-09-22,Spring Hill,85.7,0.28,1,0
2025-09-22,Nashville,90.3,0.0,0,0
2025-09-23,Nolensville,78.8,0.0,0,0
2025-09-23,Franklin,93.0,0.0,0,0
2025-09-23,Brentwood,75.6,0.0,0,0
2025-09-23,Spring Hill,62.7,0.0,0,0
2025-09-23,Nashville,81.3,0.0,0,0
2025-09-24,Nolensville,67.4,0.7,1,0
2025-09-24,Franklin,82.6,0.0,0,0
2025-09-24,Brentwood,93.0,0.0,0,0
2025-09-24,Spring Hill,79.8,0.0,0,0
2025-09-24,Nashville,71.7,0.0,0,0
2025-09-25,Nolensville,84.7,0.0,0,0
2025-09-25,Franklin,77.8,0.0,0,0
2025-09-25,Brentwood,86.9,0.0,0,0
2025-09-25,Spring Hill,75.8,0.0,0,0
2025-09-25,Nashville,91.4,0.0,0,0
2025-09-26,Nolensville,82.0,0.0,0,0
2025-09-26,Franklin,80.6,0.0,0,0
2025-09-26,Brentwood,90.9,0.0,0,0
2025-09-26,Spring Hill,88.2,0.0,0,0
2025-09-26,Nashville,76.6,0.0,0,0
2025-09-27,Nolensville,88.0,0.0,0,0
2025-09-27,Franklin,86.3,0.0,0,0
2025-09-27,Brentwood,80.9,0.0,0,0
2025-09-27,Spring Hill,87.3,0.0,0,0
2025-09-27,Nashville,91.4,0.0,0,0
2025-09-28,Nolensville,81.1,0.31,1,0
2025-09-28,Franklin,80.8,0.0,0,0
2025-09-28,Brentwood,76.4,0.3,1,0
2025-09-28,Spring Hill,80.3,0.0,0,0
2025-09-28,Nashville,79.9,0.0,0,0
2025-09-29,Nolensville,79.8,0.0,0,0
2025-09-29,Franklin,73.7,0.76,1,0
2025-09-29,Brentwood,77.6,1.01,1,1
2025-09-29,Spring Hill,77.5,0.37,1,0
2025-09-29,Nashville,86.0,0.0,0,0
2025-09-30,Nolensville,77.0,0.65,1,0
2025-09-30,Franklin,81.1,0.0,0,0
2025-09-30,Brentwood,74.1,0.0,0,0
2025-09-30,Spring Hill,84.3,0.0,0,0
2025-09-30,Nashville,76.5,0.07,1,0
2025-10-01,Nolensville,77.9,0.24,1,0
2025-10-01,Franklin,55.8,0.0,0,0
2025-10-01,Brentwood,91.7,0.0,0,0
2025-10-01,Spring Hill,69.2,0.0,0,0
2025-10-01,Nashville,81.5,0.0,0,0
2025-10-02,Nolensville,54.9,0.0,0,0
2025-10-02,Franklin,88.0,0.0,0,0
2025-10-02,Brentwood,61.9,0.06,1,0
2025-10-02,Spring Hill,63.3,0.0,0,0
2025-10-02,Nashville,64.0,0.0,0,0
2025-10-03,Nolensville,80.4,0.0,0,0
2025-10-03,Franklin,66.1,0.0,0,0
2025-10-03,Brentwood,56.9,0.0,0,0
2025-10-03,Spring Hill,70.8,0.0,0,0
2025-10-03,Nashville,66.1,0.0,0,0
2025-10-04,Nolensville,65.0,0.0,0,0
2025-10-04,Franklin,62.4,0.0,0,0
2025-10-04,Brentwood,84.7,0.0,0,0
2025-10-04,Spring Hill,67.6,0.0,0,0
2025-10-04,Nashville,59.9,0.0,0,0
2025-10-05,Nolensville,78.6,0.39,1,0
2025-10-05,Franklin,82.3,0.0,0,0
2025-10-05,Brentwood,69.6,0.0,0,0
2025-10-05,Spring Hill,63.6,0.0,0,0
2025-10-05,Nashville,60.4,0.0,0,0
2025-10-06,Nolensville,70.7,0.0,0,0
2025-10-06,Franklin,72.0,0.0,0,0
2025-10-06,Brentwood,69.1,0.0,0,0
2025-10-06,Spring Hill,77.1,0.94,1,0
2025-10-06,Nashville,57.5,0.0,0,0
2025-10-07,Nolensville,57.2,0.0,0,0
2025-10-07,Franklin,60.5,0.0,0,0
2025-10-07,Brentwood,70.2,0.0,0,0
2025-10-07,Spring Hill,64.1,0.0,0,0
2025-10-07,Nashville,64.4,0.0,0,0
2025-10-08,Nolensville,78.3,0.0,0,0
2025-10-08,Franklin,68.4,0.3,1,0
2025-10-08,Brentwood,64.3,0.0,0,0
2025-10-08,Spring Hill,65.9,0.25,1,0
2025-10-08,Nashville,75.1,0.12,1,0
2025-10-09,Nolensville,82.9,0.31,1,0
2025-10-09,Franklin,67.6,0.0,0,0
2025-10-09,Brentwood,63.0,1.05,1,1
2025-10-09,Spring Hill,66.8,0.0,0,0
2025-10-09,Nashville,65.4,0.0,0,0
2025-10-10,Nolensville,57.6,0.0,0,0
2025-10-10,Franklin,72.3,0.0,0,0
2025-10-10,Brentwood,67.3,0.56,1,0
2025-10-10,Spring Hill,73.6,0.0,0,0
2025-10-10,Nashville,80.4,0.0,0,0
2025-10-11,Nolensville,66.2,0.28,1,0
2025-10-11,Franklin,72.7,0.0,0,0
2025-10-11,Brentwood,83.4,0.0,0,0
2025-10-11,Spring Hill,78.2,0.09,1,0
2025-10-11,Nashville,77.6,0.0,0,0
2025-10-12,Nolensville,70.2,0.0,0,0
2025-10-12,Franklin,68.7,0.0,0,0
2025-10-12,Brentwood,67.0,0.0,0,0
2025-10-12,Spring Hill,62.1,0.0,0,0
2025-10-12,Nashville,82.3,0.0,0,0
2025-10-13,Nolensville,63.0,0.0,0,0
2025-10-13,Franklin,58.8,0.0,0,0
2025-10-13,Brentwood,79.5,1.25,1,1
2025-10-13,Spring Hill,74.5,0.0,0,0
2025-10-13,Nashville,71.4,0.0,0,0
2025-10-14,Nolensville,80.4,0.0,0,0
2025-10-14,Franklin,62.1,0.0,0,0
2025-10-14,Brentwood,58.5,0.0,0,0
2025-10-14,Spring Hill,68.2,0.36,1,0
2025-10-14,Nashville,80.8,0.0,0,0
2025-10-15,Nolensville,71.4,0.0,0,0
2025-10-15,Franklin,77.7,0.0,0,0
2025-10-15,Brentwood,79.9,0.35,1,0
2025-10-15,Spring Hill,69.4,0.0,0,0
2025-10-15,Nashville,82.1,0.0,0,0
2025-10-16,Nolensville,69.9,0.0,0,0
2025-10-16,Franklin,80.2,0.0,0,0
2025-10-16,Brentwood,72.2,0.0,0,0
2025-10-16,Spring Hill,72.3,0.14,1,0
2025-10-16,Nashville,71.9,0.0,0,0
2025-10-17,Nolensville,76.3,0.68,1,0
2025-10-17,Franklin,75.3,0.0,0,0
2025-10-17,Brentwood,61.3,0.0,0,0
2025-10-17,Spring Hill,71.0,0.95,1,0
2025-10-17,Nashville,71.1,0.0,0,0
2025-10-18,Nolensville,57.8,0.0,0,0
2025-10-18,Franklin,69.7,0.17,1,0
2025-10-18,Brentwood,68.5,0.0,0,0
2025-10-18,Spring Hill,67.6,0.0,0,0
2025-10-18,Nashville,74.6,0.0,0,0
2025-10-19,Nolensville,69.5,0.0,0,0
2025-10-19,Franklin,64.6,0.0,0,0
2025-10-19,Brentwood,77.1,0.0,0,0
2025-10-19,Spring Hill,62.3,0.0,0,0
2025-10-19,Nashville,70.8,0.0,0,0
2025-10-20,Nolensville,69.7,0.0,0,0
2025-10-20,Franklin,73.2,0.0,0,0
2025-10-20,Brentwood,78.8,0.0,0,0
2025-10-20,Spring Hill,89.6,0.0,0,0
2025-10-20,Nashville,71.1,0.0,0,0
2025-10-21,Nolensville,66.1,0.15,1,0
2025-10-21,Franklin,65.4,0.0,0,0
2025-10-21,Brentwood,72.9,0.0,0,0
2025-10-21,Spring Hill,56.5,0.0,0,0
2025-10-21,Nashville,62.0,0.0,0,0
2025-10-22,Nolensville,72.9,0.0,0,0
2025-10-22,Franklin,77.5,0.0,0,0
2025-10-22,Brentwood,77.5,0.36,1,0
2025-10-22,Spring Hill,76.4,0.0,0,0
2025-10-22,Nashville,78.9,0.22,1,0
2025-10-23,Nolensville,78.1,0.0,0,0
2025-10-23,Franklin,59.8,0.07,1,0
2025-10-23,Brentwood,68.4,0.0,0,0
2025-10-23,Spring Hill,59.1,0.54,1,0
2025-10-23,Nashville,67.0,0.0,0,0
2025-10-24,Nolensville,69.8,0.0,0,0
2025-10-24,Franklin,50.2,0.0,0,0
2025-10-24,Brentwood,70.0,0.0,0,0
2025-10-24,Spring Hill,68.2,0.0,0,0
2025-10-24,Nashville,65.4,0.52,1,0
2025-10-25,Nolensville,66.8,0.0,0,0
2025-10-25,Franklin,69.9,0.0,0,0
2025-10-25,Brentwood,73.2,0.0,0,0
2025-10-25,Spring Hill,78.8,0.0,0,0
2025-10-25,Nashville,78.2,0.0,0,0
2025-10-26,Nolensville,67.4,0.0,0,0
2025-10-26,Franklin,65.1,0.0,0,0
2025-10-26,Brentwood,80.4,0.0,0,0
2025-10-26,Spring Hill,66.8,0.5,1,0
2025-10-26,Nashville,58.8,0.0,0,0
2025-10-27,Nolensville,56.4,0.0,0,0
2025-10-27,Franklin,71.1,0.0,0,0
2025-10-27,Brentwood,69.0,0.0,0,0
2025-10-27,Spring Hill,75.9,0.15,1,0
2025-10-27,Nashville,72.7,0.0,0,0
2025-10-28,Nolensville,75.5,0.0,0,0
2025-10-28,Franklin,65.7,0.0,0,0
2025-10-28,Brentwood,68.4,0.0,0,0
2025-10-28,Spring Hill,62.9,0.0,0,0
2025-10-28,Nashville,76.2,0.0,0,0
2025-10-29,Nolensville,74.5,0.0,0,0
2025-10-29,Franklin,75.0,0.0,0,0
2025-10-29,Brentwood,69.0,0.0,0,0
2025-10-29,Spring Hill,74.4,0.0,0,0
2025-10-29,Nashville,52.5,0.0,0,0
2025-10-30,Nolensville,69.6,0.0,0,0
2025-10-30,Franklin,81.8,0.32,1,0
2025-10-30,Brentwood,77.7,0.0,0,0
2025-10-30,Spring Hill,69.0,0.0,0,0
2025-10-30,Nashville,79.9,0.0,0,0
2025-10-31,Nolensville,65.0,0.0,0,0
2025-10-31,Franklin,73.6,0.0,0,0
2025-10-31,Brentwood,66.3,0.0,0,0
2025-10-31,Spring Hill,72.4,0.0,0,0
2025-10-31,Nashville,66.8,0.0,0,0
2025-11-01,Nolensville,58.5,0.0,0,0
2025-11-01,Franklin,55.7,0.0,0,0
2025-11-01,Brentwood,63.2,0.0,0,0
2025-11-01,Spring Hill,61.9,0.16,1,0
2025-11-01,Nashville,53.8,0.0,0,0
2025-11-02,Nolensville,52.5,0.0,0,0
2025-11-02,Franklin,51.2,0.6,1,0
2025-11-02,Brentwood,52.1,0.0,0,0
2025-11-02,Spring Hill,61.0,0.0,0,0
2025-11-02,Nashville,55.2,0.73,1,0
2025-11-03,Nolensville,71.8,0.0,0,0
2025-11-03,Franklin,39.1,0.14,1,0
2025-11-03,Brentwood,55.1,0.27,1,0
2025-11-03,Spring Hill,56.8,0.0,0,0
2025-11-03,Nashville,49.7,0.0,0,0
2025-11-04,Nolensville,71.9,0.0,0,0
2025-11-04,Franklin,57.0,0.0,0,0
2025-11-04,Brentwood,61.8,0.0,0,0
2025-11-04,Spring Hill,62.1,0.0,0,0
2025-11-04,Nashville,48.3,0.0,0,0
2025-11-05,Nolensville,56.1,0.0,0,0
2025-11-05,Franklin,63.7,0.0,0,0
2025-11-05,Brentwood,68.5,0.23,1,0
2025-11-05,Spring Hill,49.4,0.0,0,0
2025-11-05,Nashville,54.5,0.0,0,0
2025-11-06,Nolensville,56.0,0.21,1,0
2025-11-06,Franklin,52.5,0.0,0,0
2025-11-06,Brentwood,48.7,0.0,0,0
2025-11-06,Spring Hill,50.9,0.0,0,0
2025-11-06,Nashville,54.6,0.0,0,0
2025-11-07,Nolensville,63.6,0.79,1,0
2025-11-07,Franklin,59.3,0.0,0,0
2025-11-07,Brentwood,51.1,0.0,0,0
2025-11-07,Spring Hill,54.9,0.0,0,0
2025-11-07,Nashville,44.6,0.0,0,0
2025-11-08,Nolensville,68.6,0.0,0,0
2025-11-08,Franklin,53.9,0.45,1,0
2025-11-08,Brentwood,65.8,0.65,1,0
2025-11-08,Spring Hill,55.7,0.0,0,0
2025-11-08,Nashville,62.2,0.0,0,0
2025-11-09,Nolensville,70.5,0.0,0,0
2025-11-09,Franklin,53.8,0.0,0,0
2025-11-09,Brentwood,48.4,0.0,0,0
2025-11-09,Spring Hill,52.6,0.0,0,0
2025-11-09,Nashville,61.7,0.0,0,0
2025-11-10,Nolensville,55.9,0.0,0,0
2025-11-10,Franklin,57.9,0.0,0,0
2025-11-10,Brentwood,62.9,0.0,0,0
2025-11-10,Spring Hill,52.4,0.28,1,0
2025-11-10,Nashville,54.8,0.0,0,0
2025-11-11,Nolensville,70.1,0.0,0,0
2025-11-11,Franklin,64.2,0.0,0,0
2025-11-11,Brentwood,55.9,0.0,0,0
2025-11-11,Spring Hill,55.5,0.0,0,0
2025-11-11,Nashville,71.1,0.0,0,0
2025-11-12,Nolensville,70.4,0.0,0,0
2025-11-12,Franklin,61.6,0.0,0,0
2025-11-12,Brentwood,58.2,0.0,0,0
2025-11-12,Spring Hill,49.8,0.0,0,0
2025-11-12,Nashville,52.6,0.0,0,0
2025-11-13,Nolensville,49.4,0.0,0,0
2025-11-13,Franklin,66.1,0.0,0,0
2025-11-13,Brentwood,49.9,0.0,0,0
2025-11-13,Spring Hill,55.4,0.0,0,0
2025-11-13,Nashville,45.7,0.0,0,0
2025-11-14,Nolensville,47.8,0.57,1,0
2025-11-14,Franklin,60.5,0.0,0,0
2025-11-14,Brentwood,58.5,0.0,0,0
2025-11-14,Spring Hill,55.6,0.0,0,0
2025-11-14,Nashville,47.0,0.18,1,0
2025-11-15,Nolensville,57.1,0.0,0,0
2025-11-15,Franklin,62.7,0.0,0,0
2025-11-15,Brentwood,65.6,0.0,0,0
2025-11-15,Spring Hill,63.4,0.0,0,0
2025-11-15,Nashville,60.4,0.0,0,0
2025-11-16,Nolensville,58.3,0.0,0,0
2025-11-16,Franklin,59.7,0.17,1,0
2025-11-16,Brentwood,58.9,0.0,0,0
2025-11-16,Spring Hill,57.1,0.0,0,0
2025-11-16,Nashville,74.4,0.0,0,0
2025-11-17,Nolensville,59.9,0.0,0,0
2025-11-17,Franklin,44.1,0.0,0,0
2025-11-17,Brentwood,55.2,0.0,0,0
2025-11-17,Spring Hill,56.3,0.0,0,0
2025-11-17,Nashville,64.4,0.0,0,0
2025-11-18,Nolensville,60.8,0.41,1,0
2025-11-18,Franklin,67.7,1.16,1,0
2025-11-18,Brentwood,57.6,0.52,1,0
2025-11-18,Spring Hill,39.4,0.0,0,0
2025-11-18,Nashville,66.9,0.0,0,0
2025-11-19,Nolensville,71.2,0.06,1,0
2025-11-19,Franklin,58.1,1.07,1,1
2025-11-19,Brentwood,57.9,1.01,1,0
2025-11-19,Spring Hill,61.4,0.34,1,0
2025-11-19,Nashville,65.6,0.0,0,0
2025-11-20,Nolensville,66.1,0.0,0,0
2025-11-20,Franklin,57.0,0.0,0,0
2025-11-20,Brentwood,63.3,0.0,0,0
2025-11-20,Spring Hill,54.6,0.34,1,0
2025-11-20,Nashville,56.4,0.0,0,0
2025-11-21,Nolensville,55.4,0.35,1,0
2025-11-21,Franklin,50.8,0.0,0,0
2025-11-21,Brentwood,65.0,0.0,0,0
2025-11-21,Spring Hill,55.4,0.0,0,0
2025-11-21,Nashville,64.6,0.0,0,0
2025-11-22,Nolensville,52.0,0.0,0,0
2025-11-22,Franklin,55.4,0.0,0,0
2025-11-22,Brentwood,50.8,0.08,1,0
2025-11-22,Spring Hill,52.9,0.0,0,0
2025-11-22,Nashville,52.1,0.0,0,0
2025-11-23,Nolensville,50.8,0.0,0,0
2025-11-23,Franklin,58.4,0.0,0,0
2025-11-23,Brentwood,62.4,0.54,1,0
2025-11-23,Spring Hill,46.6,0.0,0,0
2025-11-23,Nashville,56.3,0.0,0,0
2025-11-24,Nolensville,55.7,0.0,0,0
2025-11-24,Franklin,67.8,0.24,1,0
2025-11-24,Brentwood,57.8,0.0,0,0
2025-11-24,Spring Hill,48.6,0.0,0,0
2025-11-24,Nashville,52.7,0.0,0,0
2025-11-25,Nolensville,48.2,0.0,0,0
2025-11-25,Franklin,58.8,0.0,0,0
2025-11-25,Brentwood,68.1,0.0,0,0
2025-11-25,Spring Hill,52.9,0.0,0,0
2025-11-25,Nashville,56.7,0.0,0,0
2025-11-26,Nolensville,52.2,0.16,1,0
2025-11-26,Franklin,59.0,0.0,0,0
2025-11-26,Brentwood,71.7,0.0,0,0
2025-11-26,Spring Hill,67.7,0.0,0,0
2025-11-26,Nashville,70.0,0.0,0,0
2025-11-27,Nolensville,64.7,0.0,0,0
2025-11-27,Franklin,56.6,0.21,1,0
2025-11-27,Brentwood,53.0,0.24,1,0
2025-11-27,Spring Hill,68.2,0.0,0,0
2025-11-27,Nashville,68.1,0.0,0,0
2025-11-28,Nolensville,74.8,0.0,0,0
2025-11-28,Franklin,59.5,0.0,0,0
2025-11-28,Brentwood,49.8,0.0,0,0
2025-11-28,Spring Hill,68.1,0.0,0,0
2025-11-28,Nashville,61.9,0.0,0,0
2025-11-29,Nolensville,71.8,0.0,0,0
2025-11-29,Franklin,69.3,0.19,1,0
2025-11-29,Brentwood,50.4,0.0,0,0
2025-11-29,Spring Hill,50.2,0.0,0,0
2025-11-29,Nashville,53.4,0.0,0,0
2025-11-30,Nolensville,54.3,0.0,0,0
2025-11-30,Franklin,56.1,0.0,0,0
2025-11-30,Brentwood,62.9,0.0,0,0
2025-11-30,Spring Hill,55.8,0.0,0,0
2025-11-30,Nashville,58.5,0.04,1,0
2025-12-01,Nolensville,44.0,0.13,1,0
2025-12-01,Franklin,37.8,0.21,1,0
2025-12-01,Brentwood,38.8,0.2,1,0
2025-12-01,Spring Hill,50.1,0.0,0,0
2025-12-01,Nashville,59.3,0.0,0,0
2025-12-02,Nolensville,43.4,0.34,1,0
2025-12-02,Franklin,44.8,0.0,0,0
2025-12-02,Brentwood,38.5,0.97,1,0
2025-12-02,Spring Hill,47.2,0.25,1,0
2025-12-02,Nashville,49.5,0.0,0,0
2025-12-03,Nolensville,45.8,0.0,0,0
2025-12-03,Franklin,52.9,0.74,1,0
2025-12-03,Brentwood,49.9,0.01,1,0
2025-12-03,Spring Hill,46.0,0.5,1,0
2025-12-03,Nashville,50.9,0.0,0,0
2025-12-04,Nolensville,52.6,0.0,0,0
2025-12-04,Franklin,52.7,0.64,1,0
2025-12-04,Brentwood,67.3,0.0,0,0
2025-12-04,Spring Hill,59.5,0.0,0,0
2025-12-04,Nashville,56.4,0.0,0,0
2025-12-05,Nolensville,53.4,1.03,1,0
2025-12-05,Franklin,33.9,0.0,0,0
2025-12-05,Brentwood,51.9,0.0,0,0
2025-12-05,Spring Hill,55.7,0.0,0,0
2025-12-05,Nashville,49.3,0.0,0,0
2025-12-06,Nolensville,33.0,0.0,0,0
2025-12-06,Franklin,46.7,0.0,0,0
2025-12-06,Brentwood,51.4,0.0,0,0
2025-12-06,Spring Hill,56.3,0.0,0,0
2025-12-06,Nashville,55.1,0.0,0,0
2025-12-07,Nolensville,48.4,0.0,0,0
2025-12-07,Franklin,44.6,0.0,0,0
2025-12-07,Brentwood,48.7,0.0,0,0
2025-12-07,Spring Hill,37.2,0.0,0,0
2025-12-07,Nashville,45.2,0.82,1,0
2025-12-08,Nolensville,47.8,0.0,0,0
2025-12-08,Franklin,57.7,0.0,0,0
2025-12-08,Brentwood,53.0,0.25,1,0
2025-12-08,Spring Hill,51.9,0.0,0,0
2025-12-08,Nashville,53.1,0.1,1,0
2025-12-09,Nolensville,57.2,0.04,1,0
2025-12-09,Franklin,50.4,0.0,0,0
2025-12-09,Brentwood,46.5,0.51,1,0
2025-12-09,Spring Hill,37.5,0.0,0,0
2025-12-09,Nashville,48.6,0.0,0,0
2025-12-10,Nolensville,46.3,0.0,0,0
2025-12-10,Franklin,43.6,0.0,0,0
2025-12-10,Brentwood,49.1,0.0,0,0
2025-12-10,Spring Hill,47.7,0.21,1,0
2025-12-10,Nashville,43.6,0.05,1,0
2025-12-11,Nolensville,42.6,0.24,1,0
2025-12-11,Franklin,60.3,0.0,0,0
2025-12-11,Brentwood,55.8,0.0,0,0
2025-12-11,Spring Hill,45.9,0.0,0,0
2025-12-11,Nashville,57.5,0.0,0,0
2025-12-12,Nolensville,61.6,0.0,0,0
2025-12-12,Franklin,50.5,0.0,0,0
2025-12-12,Brentwood,50.0,0.0,0,0
2025-12-12,Spring Hill,48.4,0.0,0,0
2025-12-12,Nashville,46.1,0.3,1,0
2025-12-13,Nolensville,53.6,0.0,0,0
2025-12-13,Franklin,39.4,0.0,0,0
2025-12-13,Brentwood,48.0,0.21,1,0
2025-12-13,Spring Hill,59.8,0.0,0,0
2025-12-13,Nashville,52.1,0.0,0,0
2025-12-14,Nolensville,53.3,0.25,1,0
2025-12-14,Franklin,45.9,0.0,0,0
2025-12-14,Brentwood,50.4,0.0,0,0
2025-12-14,Spring Hill,44.7,0.11,1,0
2025-12-14,Nashville,45.3,0.0,0,0
2025-12-15,Nolensville,56.1,0.0,0,0
2025-12-15,Franklin,44.1,0.0,0,0
2025-12-15,Brentwood,45.0,0.09,1,0
2025-12-15,Spring Hill,54.9,0.0,0,0
2025-12-15,Nashville,52.8,0.0,0,0
2025-12-16,Nolensville,45.3,0.85,1,0
2025-12-16,Franklin,49.3,0.08,1,0
2025-12-16,Brentwood,46.1,0.04,1,0
2025-12-16,Spring Hill,46.4,0.0,0,0
2025-12-16,Nashville,42.9,0.0,0,0
2025-12-17,Nolensville,49.9,0.0,0,0
2025-12-17,Franklin,48.5,0.0,0,0
2025-12-17,Brentwood,47.7,0.0,0,0
2025-12-17,Spring Hill,49.8,0.0,0,0
2025-12-17,Nashville,52.8,0.0,0,0
2025-12-18,Nolensville,55.4,0.0,0,0
2025-12-18,Franklin,56.4,0.14,1,0
2025-12-18,Brentwood,57.2,0.31,1,0
2025-12-18,Spring Hill,47.0,0.1,1,0
2025-12-18,Nashville,32.6,0.0,0,0
2025-12-19,Nolensville,52.3,0.0,0,0
2025-12-19,Franklin,52.0,0.0,0,0
2025-12-19,Brentwood,45.5,0.0,0,0
2025-12-19,Spring Hill,45.7,0.0,0,0
2025-12-19,Nashville,48.3,0.22,1,0
2025-12-20,Nolensville,44.0,0.09,1,0
2025-12-20,Franklin,57.3,0.0,0,0
2025-12-20,Brentwood,46.1,0.44,1,0
2025-12-20,Spring Hill,53.3,0.46,1,0
2025-12-20,Nashville,53.7,0.0,0,0
2025-12-21,Nolensville,52.2,0.0,0,0
2025-12-21,Franklin,44.9,0.23,1,0
2025-12-21,Brentwood,57.1,0.19,1,0
2025-12-21,Spring Hill,49.3,0.49,1,0
2025-12-21,Nashville,59.8,0.72,1,0
2025-12-22,Nolensville,43.0,0.0,0,0
2025-12-22,Franklin,51.7,0.0,0,0
2025-12-22,Brentwood,50.9,0.0,0,0
2025-12-22,Spring Hill,47.3,0.0,0,0
2025-12-22,Nashville,49.5,0.0,0,0
2025-12-23,Nolensville,44.8,0.0,0,0
2025-12-23,Franklin,48.2,0.19,1,0
2025-12-23,Brentwood,36.3,0.0,0,0
2025-12-23,Spring Hill,50.0,0.22,1,0
2025-12-23,Nashville,60.4,0.0,0,0
2025-12-24,Nolensville,50.2,0.29,1,0
2025-12-24,Franklin,47.8,0.0,0,0
2025-12-24,Brentwood,47.1,0.0,0,0
2025-12-24,Spring Hill,41.1,0.0,0,0
2025-12-24,Nashville,54.8,0.0,0,0
2025-12-25,Nolensville,58.7,0.0,0,0
2025-12-25,Franklin,45.8,0.0,0,0
2025-12-25,Brentwood,57.0,0.0,0,0
2025-12-25,Spring Hill,66.5,0.0,0,0
2025-12-25,Nashville,62.8,0.88,1,0
2025-12-26,Nolensville,45.6,0.07,1,0
2025-12-26,Franklin,47.6,0.0,0,0
2025-12-26,Brentwood,52.9,0.85,1,1
2025-12-26,Spring Hill,53.3,0.0,0,0
2025-12-26,Nashville,48.3,0.0,0,0
2025-12-27,Nolensville,49.4,0.09,1,0
2025-12-27,Franklin,46.5,0.0,0,0
2025-12-27,Brentwood,53.7,0.0,0,0
2025-12-27,Spring Hill,46.2,0.82,1,0
2025-12-27,Nashville,45.9,0.0,0,0
2025-12-28,Nolensville,58.4,0.0,0,0
2025-12-28,Franklin,53.8,0.0,0,0
2025-12-28,Brentwood,39.3,0.0,0,0
2025-12-28,Spring Hill,47.6,0.0,0,0
2025-12-28,Nashville,41.5,0.05,1,0
2025-12-29,Nolensville,48.5,0.32,1,0
2025-12-29,Franklin,56.6,0.0,0,0
2025-12-29,Brentwood,53.9,0.05,1,0
2025-12-29,Spring Hill,40.4,0.0,0,0
2025-12-29,Nashville,43.8,0.05,1,0
2025-12-30,Nolensville,31.9,0.65,1,0
2025-12-30,Franklin,49.1,1.01,1,0
2025-12-30,Brentwood,68.6,0.0,0,0
2025-12-30,Spring Hill,35.8,0.0,0,0
2025-12-30,Nashville,29.6,0.0,0,0
2025-12-31,Nolensville,54.7,0.0,0,0
2025-12-31,Franklin,45.7,0.0,0,0
2025-12-31,Brentwood,36.7,0.0,0,0
2025-12-31,Spring Hill,47.4,0.0,0,0
2025-12-31,Nashville,46.9,0.0,0,0
2026-01-01,Nolensville,47.5,0.49,1,0
2026-01-01,Franklin,47.4,0.0,0,0
2026-01-01,Brentwood,49.4,0.0,0,0
2026-01-01,Spring Hill,44.8,0.0,0,0
2026-01-01,Nashville,41.0,0.0,0,0
2026-01-02,Nolensville,56.1,0.0,0,0
2026-01-02,Franklin,39.1,0.0,0,0
2026-01-02,Brentwood,53.6,0.13,1,0
2026-01-02,Spring Hill,40.0,0.0,0,0
2026-01-02,Nashville,49.7,0.0,0,0
2026-01-03,Nolensville,45.2,0.0,0,0
2026-01-03,Franklin,47.5,0.0,0,0
2026-01-03,Brentwood,53.9,0.58,1,0
2026-01-03,Spring Hill,43.7,0.0,0,0
2026-01-03,Nashville,56.3,0.0,0,0
2026-01-04,Nolensville,41.5,0.41,1,0
2026-01-04,Franklin,53.3,0.0,0,0
2026-01-04,Brentwood,46.8,0.0,0,0
2026-01-04,Spring Hill,43.2,0.34,1,0
2026-01-04,Nashville,47.4,0.15,1,0
2026-01-05,Nolensville,54.6,0.0,0,0
2026-01-05,Franklin,38.8,0.67,1,0
2026-01-05,Brentwood,46.8,0.0,0,0
2026-01-05,Spring Hill,43.3,0.0,0,0
2026-01-05,Nashville,49.3,0.0,0,0
2026-01-06,Nolensville,44.5,0.06,1,0
2026-01-06,Franklin,37.2,0.0,0,0
2026-01-06,Brentwood,38.4,0.0,0,0
2026-01-06,Spring Hill,44.1,0.17,1,0
2026-01-06,Nashville,52.6,0.0,0,0
2026-01-07,Nolensville,42.1,0.15,1,0
2026-01-07,Franklin,40.9,0.12,1,0
2026-01-07,Brentwood,40.6,0.07,1,0
2026-01-07,Spring Hill,47.1,0.0,0,0
2026-01-07,Nashville,45.1,0.0,0,0
2026-01-08,Nolensville,44.8,0.04,1,0
2026-01-08,Franklin,48.6,0.0,0,0
2026-01-08,Brentwood,49.3,0.0,0,0
2026-01-08,Spring Hill,56.4,0.0,0,0
2026-01-08,Nashville,48.9,0.0,0,0
2026-01-09,Nolensville,58.0,0.0,0,0
2026-01-09,Franklin,41.4,1.01,1,0
2026-01-09,Brentwood,67.8,0.0,0,0
2026-01-09,Spring Hill,36.9,0.1,1,0
2026-01-09,Nashville,43.2,0.0,0,0
2026-01-10,Nolensville,36.2,0.39,1,0
2026-01-10,Franklin,51.3,0.0,0,0
2026-01-10,Brentwood,47.9,0.0,0,0
2026-01-10,Spring Hill,46.9,0.0,0,0
2026-01-10,Nashville,51.3,0.0,0,0
2026-01-11,Nolensville,44.5,0.0,0,0
2026-01-11,Franklin,42.7,0.0,0,0
2026-01-11,Brentwood,48.9,0.0,0,0
2026-01-11,Spring Hill,40.3,0.18,1,0
2026-01-11,Nashville,41.4,0.0,0,0
2026-01-12,Nolensville,54.9,0.16,1,0
2026-01-12,Franklin,45.9,0.0,0,0
2026-01-12,Brentwood,45.3,0.88,1,0
2026-01-12,Spring Hill,52.6,0.02,1,0
2026-01-12,Nashville,42.8,0.0,0,0
2026-01-13,Nolensville,39.2,1.31,1,0
2026-01-13,Franklin,46.8,0.0,0,0
2026-01-13,Brentwood,45.7,0.29,1,0
2026-01-13,Spring Hill,43.2,0.0,0,0
2026-01-13,Nashville,47.8,0.62,1,0
2026-01-14,Nolensville,42.2,0.0,0,0
2026-01-14,Franklin,44.8,0.0,0,0
2026-01-14,Brentwood,58.9,0.0,0,0
2026-01-14,Spring Hill,45.4,0.0,0,0
2026-01-14,Nashville,54.3,0.0,0,0
2026-01-15,Nolensville,35.2,0.0,0,0
2026-01-15,Franklin,55.3,0.0,0,0
2026-01-15,Brentwood,44.2,0.0,0,0
2026-01-15,Spring Hill,51.2,0.25,1,0
2026-01-15,Nashville,40.2,0.4,1,0
2026-01-16,Nolensville,44.7,0.0,0,0
2026-01-16,Franklin,53.2,0.0,0,0
2026-01-16,Brentwood,43.3,0.0,0,0
2026-01-16,Spring Hill,52.7,1.18,1,0
2026-01-16,Nashville,47.7,0.0,0,0
2026-01-17,Nolensville,52.0,0.0,0,0
2026-01-17,Franklin,40.2,0.81,1,0
2026-01-17,Brentwood,45.0,0.0,0,0
2026-01-17,Spring Hill,25.0,0.0,0,0
2026-01-17,Nashville,45.9,0.52,1,0
2026-01-18,Nolensville,38.2,0.0,0,0
2026-01-18,Franklin,46.2,0.0,0,0
2026-01-18,Brentwood,40.5,0.0,0,0
2026-01-18,Spring Hill,41.7,0.0,0,0
2026-01-18,Nashville,42.2,0.0,0,0
2026-01-19,Nolensville,45.1,0.0,0,0
2026-01-19,Franklin,52.5,0.36,1,0
2026-01-19,Brentwood,53.3,0.31,1,0
2026-01-19,Spring Hill,68.6,0.0,0,0
2026-01-19,Nashville,44.6,0.2,1,0
2026-01-20,Nolensville,44.0,0.27,1,0
2026-01-20,Franklin,40.8,0.37,1,0
2026-01-20,Brentwood,47.8,0.0,0,0
2026-01-20,Spring Hill,47.7,0.08,1,0
2026-01-20,Nashville,51.7,0.0,0,0
2026-01-21,Nolensville,41.7,0.18,1,0
2026-01-21,Franklin,42.4,0.0,0,0
2026-01-21,Brentwood,29.1,0.33,1,0
2026-01-21,Spring Hill,58.3,0.16,1,0
2026-01-21,Nashville,42.1,0.0,0,0
2026-01-22,Nolensville,56.3,0.0,0,0
2026-01-22,Franklin,40.9,0.86,1,0
2026-01-22,Brentwood,36.2,0.0,0,0
2026-01-22,Spring Hill,47.2,0.0,0,0
2026-01-22,Nashville,31.5,0.0,0,0
2026-01-23,Nolensville,57.3,0.0,0,0
2026-01-23,Franklin,56.4,0.0,0,0
2026-01-23,Brentwood,38.4,0.0,0,0
2026-01-23,Spring Hill,45.1,0.0,0,0
2026-01-23,Nashville,39.2,0.0,0,0
2026-01-24,Nolensville,39.2,0.19,1,0
2026-01-24,Franklin,49.9,0.0,0,0
2026-01-24,Brentwood,50.0,0.44,1,0
2026-01-24,Spring Hill,44.4,0.52,1,0
2026-01-24,Nashville,37.8,0.36,1,0
2026-01-25,Nolensville,45.9,0.0,0,0
2026-01-25,Franklin,44.0,0.0,0,0
2026-01-25,Brentwood,47.6,0.0,0,0
2026-01-25,Spring Hill,32.4,0.0,0,0
2026-01-25,Nashville,39.3,0.0,0,0
2026-01-26,Nolensville,49.4,0.0,0,0
2026-01-26,Franklin,45.7,0.05,1,0
2026-01-26,Brentwood,45.6,0.0,0,0
2026-01-26,Spring Hill,42.2,0.72,1,0
2026-01-26,Nashville,38.2,0.08,1,0
2026-01-27,Nolensville,48.4,0.0,0,0
2026-01-27,Franklin,44.7,0.0,0,0
2026-01-27,Brentwood,44.4,0.0,0,0
2026-01-27,Spring Hill,61.1,0.0,0,0
2026-01-27,Nashville,50.2,0.0,0,0
2026-01-28,Nolensville,43.5,0.0,0,0
2026-01-28,Franklin,35.2,0.0,0,0
2026-01-28,Brentwood,43.2,0.0,0,0
2026-01-28,Spring Hill,37.6,0.0,0,0
2026-01-28,Nashville,39.7,0.11,1,0
2026-01-29,Nolensville,52.8,0.05,1,0
2026-01-29,Franklin,52.0,0.0,0,0
2026-01-29,Brentwood,48.7,0.0,0,0
2026-01-29,Spring Hill,48.6,0.0,0,0
2026-01-29,Nashville,39.5,0.0,0,0
2026-01-30,Nolensville,51.0,0.0,0,0
2026-01-30,Franklin,26.7,0.0,0,0
2026-01-30,Brentwood,38.7,0.0,0,0
2026-01-30,Spring Hill,55.7,0.69,1,0
2026-01-30,Nashville,57.1,0.0,0,0
2026-01-31,Nolensville,45.9,0.25,1,0
2026-01-31,Franklin,43.0,1.43,1,0
2026-01-31,Brentwood,54.3,0.0,0,0
2026-01-31,Spring Hill,36.8,0.0,0,0
2026-01-31,Nashville,47.9,0.0,0,0
2026-02-01,Nolensville,50.1,0.0,0,0
2026-02-01,Franklin,48.7,0.0,0,0
2026-02-01,Brentwood,56.4,0.0,0,0
2026-02-01,Spring Hill,54.0,0.0,0,0
2026-02-01,Nashville,39.5,0.0,0,0
2026-02-02,Nolensville,54.4,0.2,1,0
2026-02-02,Franklin,51.2,0.0,0,0
2026-02-02,Brentwood,48.4,0.0,0,0
2026-02-02,Spring Hill,42.3,0.0,0,0
2026-02-02,Nashville,42.8,0.0,0,0
2026-02-03,Nolensville,41.4,0.0,0,0
2026-02-03,Franklin,48.8,0.63,1,0
2026-02-03,Brentwood,57.4,0.29,1,0
2026-02-03,Spring Hill,50.0,0.0,0,0
2026-02-03,Nashville,47.1,0.0,0,0
2026-02-04,Nolensville,44.3,0.0,0,0
2026-02-04,Franklin,45.9,0.0,0,0
2026-02-04,Brentwood,50.4,0.15,1,0
2026-02-04,Spring Hill,40.3,0.0,0,0
2026-02-04,Nashville,50.0,0.0,0,0
2026-02-05,Nolensville,47.3,1.08,1,0
2026-02-05,Franklin,55.6,1.36,1,0
2026-02-05,Brentwood,57.6,0.0,0,0
2026-02-05,Spring Hill,44.8,0.0,0,0
2026-02-05,Nashville,54.0,0.08,1,0
2026-02-06,Nolensville,54.2,0.25,1,0
2026-02-06,Franklin,42.3,0.0,0,0
2026-02-06,Brentwood,45.3,0.5,1,0
2026-02-06,Spring Hill,49.9,0.0,0,0
2026-02-06,Nashville,44.2,0.0,0,0
2026-02-07,Nolensville,47.5,0.0,0,0
2026-02-07,Franklin,50.1,0.0,0,0
2026-02-07,Brentwood,36.3,0.17,1,0
2026-02-07,Spring Hill,56.3,0.0,0,0
2026-02-07,Nashville,57.6,0.0,0,0
2026-02-08,Nolensville,46.2,0.0,0,0
2026-02-08,Franklin,54.2,0.0,0,0
2026-02-08,Brentwood,49.4,0.0,0,0
2026-02-08,Spring Hill,55.2,0.26,1,0
2026-02-08,Nashville,54.2,0.19,1,0
2026-02-09,Nolensville,40.0,0.0,0,0
2026-02-09,Franklin,49.8,0.2,1,0
2026-02-09,Brentwood,49.0,0.0,0,0
2026-02-09,Spring Hill,54.7,0.0,0,0
2026-02-09,Nashville,34.7,0.0,0,0
2026-02-10,Nolensville,64.4,0.93,1,0
2026-02-10,Franklin,54.4,1.04,1,0
2026-02-10,Brentwood,48.1,0.0,0,0
2026-02-10,Spring Hill,61.1,0.0,0,0
2026-02-10,Nashville,62.1,0.0,0,0
2026-02-11,Nolensville,55.3,0.0,0,0
2026-02-11,Franklin,42.5,0.0,0,0
2026-02-11,Brentwood,50.1,0.0,0,0
2026-02-11,Spring Hill,52.5,0.0,0,0
2026-02-11,Nashville,49.5,0.0,0,0
2026-02-12,Nolensville,49.4,0.34,1,0
2026-02-12,Franklin,68.6,0.0,0,0
2026-02-12,Brentwood,45.9,0.0,0,0
2026-02-12,Spring Hill,64.3,0.44,1,0
2026-02-12,Nashville,52.3,0.0,0,0
2026-02-13,Nolensville,48.3,0.0,0,0
2026-02-13,Franklin,46.8,0.02,1,0
2026-02-13,Brentwood,44.4,0.0,0,0
2026-02-13,Spring Hill,38.2,0.0,0,0
2026-02-13,Nashville,38.1,0.0,0,0
2026-02-14,Nolensville,41.4,0.0,0,0
2026-02-14,Franklin,58.1,0.0,0,0
2026-02-14,Brentwood,58.0,0.13,1,0
2026-02-14,Spring Hill,39.7,0.0,0,0
2026-02-14,Nashville,46.5,0.0,0,0
2026-02-15,Nolensville,54.3,0.0,0,0
2026-02-15,Franklin,56.4,0.34,1,0
2026-02-15,Brentwood,52.1,0.0,0,0
2026-02-15,Spring Hill,51.4,0.05,1,0
2026-02-15,Nashville,61.5,0.0,0,0
2026-02-16,Nolensville,50.9,0.0,0,0
2026-02-16,Franklin,35.5,0.42,1,0
2026-02-16,Brentwood,43.2,0.0,0,0
2026-02-16,Spring Hill,57.0,0.63,1,0
2026-02-16,Nashville,53.9,0.0,0,0
2026-02-17,Nolensville,50.8,0.0,0,0
2026-02-17,Franklin,58.8,0.0,0,0
2026-02-17,Brentwood,59.7,0.0,0,0
2026-02-17,Spring Hill,43.3,0.0,0,0
2026-02-17,Nashville,53.8,0.0,0,0
2026-02-18,Nolensville,45.6,0.0,0,0
2026-02-18,Franklin,42.4,0.0,0,0
2026-02-18,Brentwood,59.7,0.0,0,0
2026-02-18,Spring Hill,55.0,0.0,0,0
2026-02-18,Nashville,51.4,0.0,0,0
2026-02-19,Nolensville,43.9,0.92,1,0
2026-02-19,Franklin,44.9,0.0,0,0
2026-02-19,Brentwood,58.6,0.0,0,0
2026-02-19,Spring Hill,48.6,0.0,0,0
2026-02-19,Nashville,57.3,0.45,1,0
2026-02-20,Nolensville,58.5,0.71,1,0
2026-02-20,Franklin,54.8,0.06,1,0
2026-02-20,Brentwood,48.5,0.29,1,0
2026-02-20,Spring Hill,58.7,0.0,0,0
2026-02-20,Nashville,41.5,0.0,0,0
2026-02-21,Nolensville,49.7,0.56,1,0
2026-02-21,Franklin,33.0,0.0,0,0
2026-02-21,Brentwood,49.2,0.0,0,0
2026-02-21,Spring Hill,46.4,0.0,0,0
2026-02-21,Nashville,55.1,0.0,0,0
2026-02-22,Nolensville,53.8,0.0,0,0
2026-02-22,Franklin,40.5,0.0,0,0
2026-02-22,Brentwood,51.8,0.0,0,0
2026-02-22,Spring Hill,46.3,0.0,0,0
2026-02-22,Nashville,59.5,0.83,1,0
2026-02-23,Nolensville,45.2,0.24,1,0
2026-02-23,Franklin,43.3,0.53,1,0
2026-02-23,Brentwood,54.7,0.0,0,0
2026-02-23,Spring Hill,60.6,0.72,1,0
2026-02-23,Nashville,56.9,0.0,0,0
2026-02-24,Nolensville,49.1,0.0,0,0
2026-02-24,Franklin,48.3,0.52,1,0
2026-02-24,Brentwood,48.8,0.0,0,0
2026-02-24,Spring Hill,57.7,0.0,0,0
2026-02-24,Nashville,42.9,0.0,0,0
2026-02-25,Nolensville,37.8,0.0,0,0
2026-02-25,Franklin,53.5,0.16,1,0
2026-02-25,Brentwood,41.9,0.0,0,0
2026-02-25,Spring Hill,65.3,0.29,1,0
2026-02-25,Nashville,40.5,0.0,0,0
2026-02-26,Nolensville,45.2,0.21,1,0
2026-02-26,Franklin,53.4,0.0,0,0
2026-02-26,Brentwood,45.2,0.0,0,0
2026-02-26,Spring Hill,48.6,0.0,0,0
2026-02-26,Nashville,51.6,0.44,1,0
2026-02-27,Nolensville,49.1,0.0,0,0
2026-02-27,Franklin,62.3,0.0,0,0
2026-02-27,Brentwood,54.6,0.0,0,0
2026-02-27,Spring Hill,54.2,0.0,0,0
2026-02-27,Nashville,53.9,0.75,1,0
2026-02-28,Nolensville,51.1,0.0,0,0
2026-02-28,Franklin,42.8,0.0,0,0
2026-02-28,Brentwood,52.6,0.0,0,0
2026-02-28,Spring Hill,53.5,0.0,0,0
2026-02-28,Nashville,59.0,0.08,1,0
2026-03-01,Nolensville,52.6,0.0,0,0
2026-03-01,Franklin,59.0,0.0,0,0
2026-03-01,Brentwood,63.1,0.06,1,0
2026-03-01,Spring Hill,51.3,0.0,0,0
2026-03-01,Nashville,64.9,0.06,1,0
2026-03-02,Nolensville,52.7,0.0,0,0
2026-03-02,Franklin,65.3,0.0,0,0
2026-03-02,Brentwood,63.0,0.0,0,0
2026-03-02,Spring Hill,54.3,0.45,1,0
2026-03-02,Nashville,60.7,0.0,0,0
2026-03-03,Nolensville,57.9,0.0,0,0
2026-03-03,Franklin,56.0,0.0,0,0
2026-03-03,Brentwood,61.9,0.0,0,0
2026-03-03,Spring Hill,50.7,0.43,1,0
2026-03-03,Nashville,60.1,0.0,0,0
2026-03-04,Nolensville,60.6,0.1,1,0
2026-03-04,Franklin,68.2,0.14,1,0
2026-03-04,Brentwood,55.3,0.0,0,0
2026-03-04,Spring Hill,57.6,0.0,0,0
2026-03-04,Nashville,63.0,0.0,0,0
2026-03-05,Nolensville,60.4,0.0,0,0
2026-03-05,Franklin,48.1,0.0,0,0
2026-03-05,Brentwood,58.7,0.0,0,0
2026-03-05,Spring Hill,59.2,0.0,0,0
2026-03-05,Nashville,68.4,0.0,0,0
2026-03-06,Nolensville,56.6,0.0,0,0
2026-03-06,Franklin,62.4,0.76,1,0
2026-03-06,Brentwood,52.0,0.56,1,0
2026-03-06,Spring Hill,61.8,0.0,0,0
2026-03-06,Nashville,56.4,0.0,0,0
2026-03-07,Nolensville,64.1,0.0,0,0
2026-03-07,Franklin,52.0,0.15,1,0
2026-03-07,Brentwood,57.7,0.0,0,0
2026-03-07,Spring Hill,56.1,0.51,1,0
2026-03-07,Nashville,58.5,0.17,1,0
2026-03-08,Nolensville,66.8,0.0,0,0
2026-03-08,Franklin,63.0,0.0,0,0
2026-03-08,Brentwood,49.2,0.0,0,0
2026-03-08,Spring Hill,49.1,0.17,1,0
2026-03-08,Nashville,49.9,0.0,0,0
2026-03-09,Nolensville,65.5,0.0,0,0
2026-03-09,Franklin,54.7,0.0,0,0
2026-03-09,Brentwood,62.4,0.0,0,0
2026-03-09,Spring Hill,73.1,0.0,0,0
2026-03-09,Nashville,63.9,0.16,1,0
2026-03-10,Nolensville,57.3,0.0,0,0
2026-03-10,Franklin,60.7,0.62,1,0
2026-03-10,Brentwood,74.7,1.06,1,1
2026-03-10,Spring Hill,67.2,0.76,1,0
2026-03-10,Nashville,50.4,0.0,0,0
2026-03-11,Nolensville,46.3,0.0,0,0
2026-03-11,Franklin,47.8,0.0,0,0
2026-03-11,Brentwood,53.1,0.0,0,0
2026-03-11,Spring Hill,60.7,0.61,1,0
2026-03-11,Nashville,53.7,0.0,0,0
2026-03-12,Nolensville,71.0,1.18,1,0
2026-03-12,Franklin,53.2,0.0,0,0
2026-03-12,Brentwood,65.1,0.0,0,0
2026-03-12,Spring Hill,60.7,0.0,0,0
2026-03-12,Nashville,55.0,0.0,0,0
2026-03-13,Nolensville,61.1,0.0,0,0
2026-03-13,Franklin,62.2,0.34,1,0
2026-03-13,Brentwood,57.8,0.0,0,0
2026-03-13,Spring Hill,46.5,0.0,0,0
2026-03-13,Nashville,59.2,0.0,0,0
2026-03-14,Nolensville,45.3,0.95,1,0
2026-03-14,Franklin,61.3,1.02,1,1
2026-03-14,Brentwood,56.5,0.0,0,0
2026-03-14,Spring Hill,57.4,0.0,0,0
2026-03-14,Nashville,62.4,0.0,0,0
2026-03-15,Nolensville,54.3,0.07,1,0
2026-03-15,Franklin,55.7,0.2,1,0
2026-03-15,Brentwood,60.3,0.0,0,0
2026-03-15,Spring Hill,59.8,0.7,1,0
2026-03-15,Nashville,64.5,0.0,0,0
2026-03-16,Nolensville,53.6,0.0,0,0
2026-03-16,Franklin,63.6,0.0,0,0
2026-03-16,Brentwood,65.6,0.0,0,0
2026-03-16,Spring Hill,66.2,0.39,1,0
2026-03-16,Nashville,60.6,0.0,0,0
2026-03-17,Nolensville,58.6,0.0,0,0
2026-03-17,Franklin,59.3,0.0,0,0
2026-03-17,Brentwood,71.1,0.0,0,0
2026-03-17,Spring Hill,59.6,0.0,0,0
2026-03-17,Nashville,54.1,0.4,1,0
2026-03-18,Nolensville,64.2,0.68,1,0
2026-03-18,Franklin,52.1,0.95,1,0
2026-03-18,Brentwood,64.4,0.0,0,0
2026-03-18,Spring Hill,64.1,0.0,0,0
2026-03-18,Nashville,73.1,0.17,1,0
2026-03-19,Nolensville,62.5,0.4,1,0
2026-03-19,Franklin,55.0,0.42,1,0
2026-03-19,Brentwood,60.0,0.0,0,0
2026-03-19,Spring Hill,57.2,0.51,1,0
2026-03-19,Nashville,50.8,0.49,1,0
2026-03-20,Nolensville,55.4,0.0,0,0
2026-03-20,Franklin,69.5,0.03,1,0
2026-03-20,Brentwood,73.3,0.31,1,0
2026-03-20,Spring Hill,59.7,0.76,1,0
2026-03-20,Nashville,67.9,0.21,1,0
2026-03-21,Nolensville,46.3,1.37,1,1
2026-03-21,Franklin,56.1,0.0,0,0
2026-03-21,Brentwood,65.9,0.0,0,0
2026-03-21,Spring Hill,69.4,0.0,0,0
2026-03-21,Nashville,59.2,0.13,1,0
2026-03-22,Nolensville,51.1,0.22,1,0
2026-03-22,Franklin,58.7,0.07,1,0
2026-03-22,Brentwood,56.8,0.65,1,0
2026-03-22,Spring Hill,45.1,0.0,0,0
2026-03-22,Nashville,59.7,0.0,0,0
2026-03-23,Nolensville,55.2,0.0,0,0
2026-03-23,Franklin,58.9,0.0,0,0
2026-03-23,Brentwood,69.9,0.0,0,0
2026-03-23,Spring Hill,58.6,0.0,0,0
2026-03-23,Nashville,57.6,0.53,1,0
2026-03-24,Nolensville,61.0,0.0,0,0
2026-03-24,Franklin,59.7,0.0,0,0
2026-03-24,Brentwood,61.3,0.0,0,0
2026-03-24,Spring Hill,67.5,0.0,0,0
2026-03-24,Nashville,65.0,0.0,0,0
2026-03-25,Nolensville,57.2,0.0,0,0
2026-03-25,Franklin,69.4,0.0,0,0
2026-03-25,Brentwood,55.6,0.0,0,0
2026-03-25,Spring Hill,59.7,0.36,1,0
2026-03-25,Nashville,56.9,0.89,1,1
2026-03-26,Nolensville,65.4,0.0,0,0
2026-03-26,Franklin,55.5,0.0,0,0
2026-03-26,Brentwood,66.7,0.0,0,0
2026-03-26,Spring Hill,60.5,0.11,1,0
2026-03-26,Nashville,59.2,0.0,0,0
2026-03-27,Nolensville,54.0,0.0,0,0
2026-03-27,Franklin,62.2,0.0,0,0
2026-03-27,Brentwood,51.9,0.0,0,0
2026-03-27,Spring Hill,61.9,0.0,0,0
2026-03-27,Nashville,59.2,0.0,0,0
2026-03-28,Nolensville,70.7,0.0,0,0
2026-03-28,Franklin,61.1,0.07,1,0
2026-03-28,Brentwood,67.6,0.0,0,0
2026-03-28,Spring Hill,54.0,0.0,0,0
2026-03-28,Nashville,43.3,0.0,0,0
2026-03-29,Nolensville,53.2,0.24,1,0
2026-03-29,Franklin,57.8,0.48,1,0
2026-03-29,Brentwood,57.0,0.61,1,0
2026-03-29,Spring Hill,58.6,0.0,0,0
2026-03-29,Nashville,51.3,0.0,0,0
2026-03-30,Nolensville,49.6,0.0,0,0
2026-03-30,Franklin,52.3,0.0,0,0
2026-03-30,Brentwood,55.5,0.0,0,0
2026-03-30,Spring Hill,56.4,0.0,0,0
2026-03-30,Nashville,56.7,0.0,0,0
2026-03-31,Nolensville,34.3,0.0,0,0
2026-03-31,Franklin,59.1,0.0,0,0
2026-03-31,Brentwood,68.2,0.6,1,0
2026-03-31,Spring Hill,64.4,0.07,1,0
2026-03-31,Nashville,68.8,0.0,0,0
2026-04-01,Nolensville,78.5,0.72,1,0
2026-04-01,Franklin,69.6,0.53,1,0
2026-04-01,Brentwood,62.8,0.0,0,0
2026-04-01,Spring Hill,80.1,0.0,0,0
2026-04-01,Nashville,55.2,0.0,0,0
2026-04-02,Nolensville,65.7,0.49,1,0
2026-04-02,Franklin,66.1,0.0,0,0
2026-04-02,Brentwood,78.3,0.06,1,0
2026-04-02,Spring Hill,69.0,0.0,0,0
2026-04-02,Nashville,57.1,0.54,1,0
2026-04-03,Nolensville,70.1,0.0,0,0
2026-04-03,Franklin,72.2,0.0,0,0
2026-04-03,Brentwood,49.8,0.0,0,0
2026-04-03,Spring Hill,71.6,0.31,1,0
2026-04-03,Nashville,68.6,0.0,0,0
2026-04-04,Nolensville,75.9,0.0,0,0
2026-04-04,Franklin,66.6,0.0,0,0
2026-04-04,Brentwood,72.5,0.05,1,0
2026-04-04,Spring Hill,69.1,0.0,0,0
2026-04-04,Nashville,77.8,0.0,0,0
2026-04-05,Nolensville,84.0,0.0,0,0
2026-04-05,Franklin,58.8,0.2,1,0
2026-04-05,Brentwood,61.4,0.25,1,0
2026-04-05,Spring Hill,73.7,0.0,0,0
2026-04-05,Nashville,76.2,0.0,0,0
2026-04-06,Nolensville,76.4,0.0,0,0
2026-04-06,Franklin,58.3,0.0,0,0
2026-04-06,Brentwood,68.1,0.0,0,0
2026-04-06,Spring Hill,63.8,0.0,0,0
2026-04-06,Nashville,66.5,0.0,0,0
2026-04-07,Nolensville,64.7,0.0,0,0
2026-04-07,Franklin,58.6,0.0,0,0
2026-04-07,Brentwood,76.2,0.13,1,0
2026-04-07,Spring Hill,63.9,0.0,0,0
2026-04-07,Nashville,77.8,0.0,0,0
2026-04-08,Nolensville,57.5,0.0,0,0
2026-04-08,Franklin,70.7,0.67,1,0
2026-04-08,Brentwood,77.2,0.4,1,0
2026-04-08,Spring Hill,72.7,0.67,1,0
2026-04-08,Nashville,67.0,0.0,0,0
2026-04-09,Nolensville,61.9,0.97,1,1
2026-04-09,Franklin,71.0,0.0,0,0
2026-04-09,Brentwood,57.3,0.0,0,0
2026-04-09,Spring Hill,62.5,0.0,0,0
2026-04-09,Nashville,77.9,0.0,0,0
2026-04-10,Nolensville,67.8,0.0,0,0
2026-04-10,Franklin,55.2,0.0,0,0
2026-04-10,Brentwood,81.8,0.0,0,0
2026-04-10,Spring Hill,74.0,0.31,1,0
2026-04-10,Nashville,65.6,0.0,0,0
2026-04-11,Nolensville,77.9,0.0,0,0
2026-04-11,Franklin,75.6,0.92,1,1
2026-04-11,Brentwood,68.9,0.0,0,0
2026-04-11,Spring Hill,68.0,0.0,0,0
2026-04-11,Nashville,74.7,0.0,0,0
2026-04-12,Nolensville,57.5,0.0,0,0
2026-04-12,Franklin,55.9,0.07,1,0
2026-04-12,Brentwood,69.0,0.0,0,0
2026-04-12,Spring Hill,71.1,0.44,1,0
2026-04-12,Nashville,79.8,0.0,0,0
2026-04-13,Nolensville,65.6,0.0,0,0
2026-04-13,Franklin,78.6,0.0,0,0
2026-04-13,Brentwood,70.5,0.9,1,0
2026-04-13,Spring Hill,71.2,0.58,1,0
2026-04-13,Nashville,66.7,0.76,1,0
2026-04-14,Nolensville,62.8,0.0,0,0
2026-04-14,Franklin,70.5,0.0,0,0
2026-04-14,Brentwood,64.3,0.0,0,0
2026-04-14,Spring Hill,71.0,0.0,0,0
2026-04-14,Nashville,80.3,0.0,0,0
2026-04-15,Nolensville,67.4,0.0,0,0
2026-04-15,Franklin,66.8,0.57,1,0
2026-04-15,Brentwood,66.1,0.0,0,0
2026-04-15,Spring Hill,73.3,0.36,1,0
2026-04-15,Nashville,55.5,0.03,1,0
2026-04-16,Nolensville,59.9,0.0,0,0
2026-04-16,Franklin,59.9,0.34,1,0
2026-04-16,Brentwood,57.5,0.0,0,0
2026-04-16,Spring Hill,54.1,0.0,0,0
2026-04-16,Nashville,64.0,0.0,0,0
2026-04-17,Nolensville,77.1,0.0,0,0
2026-04-17,Franklin,66.9,0.0,0,0
2026-04-17,Brentwood,70.7,0.0,0,0
2026-04-17,Spring Hill,76.6,0.0,0,0
2026-04-17,Nashville,59.7,0.0,0,0
2026-04-18,Nolensville,81.5,0.0,0,0
2026-04-18,Franklin,60.0,0.0,0,0
2026-04-18,Brentwood,65.0,0.0,0,0
2026-04-18,Spring Hill,78.7,0.2,1,0
2026-04-18,Nashville,82.3,0.91,1,1
2026-04-19,Nolensville,64.4,0.0,0,0
2026-04-19,Franklin,78.2,0.49,1,0
2026-04-19,Brentwood,60.8,0.05,1,0
2026-04-19,Spring Hill,62.4,0.0,0,0
2026-04-19,Nashville,67.5,1.02,1,0
2026-04-20,Nolensville,66.9,0.0,0,0
2026-04-20,Franklin,80.3,0.25,1,0
2026-04-20,Brentwood,59.3,0.0,0,0
2026-04-20,Spring Hill,72.1,0.64,1,0
2026-04-20,Nashville,67.2,0.0,0,0
2026-04-21,Nolensville,82.8,0.0,0,0
2026-04-21,Franklin,58.0,0.0,0,0
2026-04-21,Brentwood,79.4,0.69,1,0
2026-04-21,Spring Hill,64.5,0.0,0,0
2026-04-21,Nashville,73.5,0.0,0,0
2026-04-22,Nolensville,59.1,0.0,0,0
2026-04-22,Franklin,75.4,0.5,1,0
2026-04-22,Brentwood,66.5,0.49,1,0
2026-04-22,Spring Hill,74.3,0.07,1,0
2026-04-22,Nashville,68.0,0.22,1,0
2026-04-23,Nolensville,74.2,0.09,1,0
2026-04-23,Franklin,79.3,0.03,1,0
2026-04-23,Brentwood,77.4,0.0,0,0
2026-04-23,Spring Hill,50.3,0.0,0,0
2026-04-23,Nashville,75.9,0.0,0,0
2026-04-24,Nolensville,61.9,0.0,0,0
2026-04-24,Franklin,52.4,0.19,1,0
2026-04-24,Brentwood,77.1,0.0,0,0
2026-04-24,Spring Hill,58.5,0.0,0,0
2026-04-24,Nashville,71.6,0.0,0,0
2026-04-25,Nolensville,53.5,0.25,1,0
2026-04-25,Franklin,66.5,0.28,1,0
2026-04-25,Brentwood,81.2,0.0,0,0
2026-04-25,Spring Hill,65.7,0.42,1,0
2026-04-25,Nashville,70.3,0.0,0,0
2026-04-26,Nolensville,67.5,0.0,0,0
2026-04-26,Franklin,60.2,0.0,0,0
2026-04-26,Brentwood,68.4,0.0,0,0
2026-04-26,Spring Hill,53.9,0.45,1,0
2026-04-26,Nashville,52.9,0.42,1,0
2026-04-27,Nolensville,63.4,0.0,0,0
2026-04-27,Franklin,61.0,0.0,0,0
2026-04-27,Brentwood,73.2,0.0,0,0
2026-04-27,Spring Hill,64.9,0.0,0,0
2026-04-27,Nashville,68.1,0.0,0,0
2026-04-28,Nolensville,56.5,0.0,0,0
2026-04-28,Franklin,78.1,0.0,0,0
2026-04-28,Brentwood,68.7,0.33,1,0
2026-04-28,Spring Hill,76.3,0.0,0,0
2026-04-28,Nashville,71.4,1.01,1,1
2026-04-29,Nolensville,72.6,0.0,0,0
2026-04-29,Franklin,66.6,0.0,0,0
2026-04-29,Brentwood,68.5,0.16,1,0
2026-04-29,Spring Hill,69.3,0.44,1,0
2026-04-29,Nashville,60.5,0.0,0,0
2026-04-30,Nolensville,62.9,0.55,1,0
2026-04-30,Franklin,68.3,0.0,0,0
2026-04-30,Brentwood,78.0,0.0,0,0
2026-04-30,Spring Hill,73.4,0.0,0,0
2026-04-30,Nashville,57.9,0.09,1,0
2026-05-01,Nolensville,79.9,0.0,0,0
2026-05-01,Franklin,67.9,0.0,0,0
2026-05-01,Brentwood,76.7,0.0,0,0
2026-05-01,Spring Hill,82.0,0.0,0,0
2026-05-01,Nashville,78.9,0.0,0,0
2026-05-02,Nolensville,66.9,0.1,1,0
2026-05-02,Franklin,79.2,0.0,0,0
2026-05-02,Brentwood,89.9,0.27,1,0
2026-05-02,Spring Hill,82.2,0.0,0,0
2026-05-02,Nashville,79.0,0.0,0,0
2026-05-03,Nolensville,71.3,0.64,1,0
2026-05-03,Franklin,64.3,0.0,0,0
2026-05-03,Brentwood,81.8,0.0,0,0
2026-05-03,Spring Hill,79.4,0.0,0,0
2026-05-03,Nashville,72.0,0.0,0,0
2026-05-04,Nolensville,68.5,0.0,0,0
2026-05-04,Franklin,72.6,0.0,0,0
2026-05-04,Brentwood,70.8,0.22,1,0
2026-05-04,Spring Hill,73.2,0.0,0,0
2026-05-04,Nashville,72.0,0.0,0,0
2026-05-05,Nolensville,64.1,0.07,1,0
2026-05-05,Franklin,83.5,0.0,0,0
2026-05-05,Brentwood,72.2,0.0,0,0
2026-05-05,Spring Hill,74.2,0.19,1,0
2026-05-05,Nashville,86.2,0.13,1,0
2026-05-06,Nolensville,70.2,0.0,0,0
2026-05-06,Franklin,79.6,0.0,0,0
2026-05-06,Brentwood,77.2,0.49,1,0
2026-05-06,Spring Hill,79.3,0.0,0,0
2026-05-06,Nashville,82.5,0.06,1,0
2026-05-07,Nolensville,78.9,0.0,0,0
2026-05-07,Franklin,70.2,0.0,0,0
2026-05-07,Brentwood,62.2,0.0,0,0
2026-05-07,Spring Hill,79.3,0.0,0,0
2026-05-07,Nashville,78.9,0.29,1,0
2026-05-08,Nolensville,82.7,0.0,0,0
2026-05-08,Franklin,70.3,0.0,0,0
2026-05-08,Brentwood,80.5,0.0,0,0
2026-05-08,Spring Hill,74.8,0.0,0,0
2026-05-08,Nashville,75.3,0.0,0,0
2026-05-09,Nolensville,63.0,0.0,0,0
2026-05-09,Franklin,82.7,0.0,0,0
2026-05-09,Brentwood,78.6,0.0,0,0
2026-05-09,Spring Hill,80.2,0.1,1,0
2026-05-09,Nashville,77.7,0.0,0,0
2026-05-10,Nolensville,74.7,0.0,0,0
2026-05-10,Franklin,79.0,0.0,0,0
2026-05-10,Brentwood,77.4,0.0,0,0
2026-05-10,Spring Hill,87.8,0.0,0,0
2026-05-10,Nashville,85.0,0.0,0,0
2026-05-11,Nolensville,83.8,0.0,0,0
2026-05-11,Franklin,73.9,0.0,0,0
2026-05-11,Brentwood,79.3,0.0,0,0
2026-05-11,Spring Hill,73.4,0.0,0,0
2026-05-11,Nashville,82.5,0.0,0,0
2026-05-12,Nolensville,75.0,0.0,0,0
2026-05-12,Franklin,72.4,0.37,1,0
2026-05-12,Brentwood,84.3,0.0,0,0
2026-05-12,Spring Hill,83.1,0.0,0,0
2026-05-12,Nashville,72.8,0.0,0,0
2026-05-13,Nolensville,87.0,0.0,0,0
2026-05-13,Franklin,69.8,0.0,0,0
2026-05-13,Brentwood,71.6,0.0,0,0
2026-05-13,Spring Hill,82.1,0.0,0,0
2026-05-13,Nashville,62.2,0.0,0,0
2026-05-14,Nolensville,76.1,0.0,0,0
2026-05-14,Franklin,73.9,0.0,0,0
2026-05-14,Brentwood,87.5,0.09,1,0
2026-05-14,Spring Hill,69.3,0.0,0,0
2026-05-14,Nashville,88.6,0.22,1,0
2026-05-15,Nolensville,84.0,0.0,0,0
2026-05-15,Franklin,72.9,0.15,1,0
2026-05-15,Brentwood,84.4,0.0,0,0
2026-05-15,Spring Hill,90.7,0.0,0,0
2026-05-15,Nashville,85.0,0.0,0,0
2026-05-16,Nolensville,72.5,0.29,1,0
2026-05-16,Franklin,69.6,0.0,0,0
2026-05-16,Brentwood,70.6,0.0,0,0
2026-05-16,Spring Hill,70.3,0.0,0,0
2026-05-16,Nashville,73.1,0.0,0,0
2026-05-17,Nolensville,76.8,0.3,1,0
2026-05-17,Franklin,81.0,0.0,0,0
2026-05-17,Brentwood,77.2,0.51,1,0
2026-05-17,Spring Hill,81.4,0.0,0,0
2026-05-17,Nashville,72.6,0.25,1,0
2026-05-18,Nolensville,98.6,0.16,1,0
2026-05-18,Franklin,80.7,0.0,0,0
2026-05-18,Brentwood,67.2,0.6,1,0
2026-05-18,Spring Hill,71.0,0.0,0,0
2026-05-18,Nashville,76.3,0.0,0,0
2026-05-19,Nolensville,66.1,0.0,0,0
2026-05-19,Franklin,65.2,0.0,0,0
2026-05-19,Brentwood,75.6,0.0,0,0
2026-05-19,Spring Hill,75.7,0.0,0,0
2026-05-19,Nashville,74.6,0.0,0,0
2026-05-20,Nolensville,79.0,0.0,0,0
2026-05-20,Franklin,83.7,0.0,0,0
2026-05-20,Brentwood,69.2,0.25,1,0
2026-05-20,Spring Hill,66.6,0.0,0,0
2026-05-20,Nashville,63.6,0.0,0,0
2026-05-21,Nolensville,77.1,0.0,0,0
2026-05-21,Franklin,68.8,0.0,0,0
2026-05-21,Brentwood,76.0,0.0,0,0
2026-05-21,Spring Hill,77.4,0.0,0,0
2026-05-21,Nashville,64.6,0.0,0,0
2026-05-22,Nolensville,78.4,0.72,1,0
2026-05-22,Franklin,80.0,0.0,0,0
2026-05-22,Brentwood,69.4,0.28,1,0
2026-05-22,Spring Hill,76.3,0.26,1,0
2026-05-22,Nashville,66.9,0.0,0,0
2026-05-23,Nolensville,70.4,0.0,0,0
2026-05-23,Franklin,74.3,0.0,0,0
2026-05-23,Brentwood,77.3,0.0,0,0
2026-05-23,Spring Hill,72.0,0.0,0,0
2026-05-23,Nashville,59.2,0.0,0,0
2026-05-24,Nolensville,62.9,0.0,0,0
2026-05-24,Franklin,72.4,0.0,0,0
2026-05-24,Brentwood,87.7,0.0,0,0
2026-05-24,Spring Hill,78.5,0.0,0,0
2026-05-24,Nashville,77.1,0.0,0,0
2026-05-25,Nolensville,70.3,0.0,0,0
2026-05-25,Franklin,72.7,0.0,0,0
2026-05-25,Brentwood,62.4,0.0,0,0
2026-05-25,Spring Hill,69.8,0.4,1,0
2026-05-25,Nashville,77.1,0.0,0,0
2026-05-26,Nolensville,71.4,0.0,0,0
2026-05-26,Franklin,74.9,0.3,1,0
2026-05-26,Brentwood,71.7,0.44,1,0
2026-05-26,Spring Hill,77.0,0.19,1,0
2026-05-26,Nashville,67.3,0.18,1,0
2026-05-27,Nolensville,72.0,0.15,1,0
2026-05-27,Franklin,64.8,0.88,1,0
2026-05-27,Brentwood,81.2,0.0,0,0
2026-05-27,Spring Hill,74.2,0.63,1,0
2026-05-27,Nashville,71.3,0.0,0,0
2026-05-28,Nolensville,89.9,0.0,0,0
2026-05-28,Franklin,67.6,0.0,0,0
2026-05-28,Brentwood,79.8,0.0,0,0
2026-05-28,Spring Hill,76.8,0.56,1,0
2026-05-28,Nashville,71.1,0.0,0,0
2026-05-29,Nolensville,75.5,0.0,0,0
2026-05-29,Franklin,94.8,0.0,0,0
2026-05-29,Brentwood,82.7,0.0,0,0
2026-05-29,Spring Hill,76.9,0.1,1,0
2026-05-29,Nashville,75.9,0.0,0,0
2026-05-30,Nolensville,82.2,0.53,1,0
2026-05-30,Franklin,63.4,0.0,0,0
2026-05-30,Brentwood,65.0,0.43,1,0
2026-05-30,Spring Hill,65.4,0.09,1,0
2026-05-30,Nashville,74.5,0.0,0,0
2026-05-31,Nolensville,83.4,0.0,0,0
2026-05-31,Franklin,79.2,0.0,0,0
2026-05-31,Brentwood,73.7,0.0,0,0
2026-05-31,Spring Hill,81.2,0.0,0,0
2026-05-31,Nashville,90.1,0.0,0,0
2026-06-01,Nolensville,83.9,0.06,1,0
2026-06-01,Franklin,77.2,0.1,1,0
2026-06-01,Brentwood,78.5,0.0,0,0
2026-06-01,Spring Hill,81.2,0.0,0,0
2026-06-01,Nashville,85.5,0.05,1,0
2026-06-02,Nolensville,75.1,0.0,0,0
2026-06-02,Franklin,87.7,0.0,0,0
2026-06-02,Brentwood,80.0,0.0,0,0
2026-06-02,Spring Hill,77.8,0.0,0,0
2026-06-02,Nashville,82.0,0.83,1,0
2026-06-03,Nolensville,81.0,0.0,0,0
2026-06-03,Franklin,81.6,0.0,0,0
2026-06-03,Brentwood,86.8,0.34,1,0
2026-06-03,Spring Hill,74.0,0.25,1,0
2026-06-03,Nashville,78.7,0.0,0,0
2026-06-04,Nolensville,88.6,0.0,0,0
2026-06-04,Franklin,85.2,0.0,0,0
2026-06-04,Brentwood,79.3,0.06,1,0
2026-06-04,Spring Hill,102.0,0.0,0,0
2026-06-04,Nashville,82.1,0.0,0,0
2026-06-05,Nolensville,83.7,0.0,0,0
2026-06-05,Franklin,81.1,0.0,0,0
2026-06-05,Brentwood,77.3,0.0,0,0
2026-06-05,Spring Hill,86.6,0.0,0,0
2026-06-05,Nashville,89.1,0.02,1,0
2026-06-06,Nolensville,72.2,0.0,0,0
2026-06-06,Franklin,82.3,0.0,0,0
2026-06-06,Brentwood,91.5,0.0,0,0
2026-06-06,Spring Hill,69.9,0.0,0,0
2026-06-06,Nashville,75.5,0.3,1,0
2026-06-07,Nolensville,82.0,0.0,0,0
2026-06-07,Franklin,83.8,0.0,0,0
2026-06-07,Brentwood,86.2,1.06,1,1
2026-06-07,Spring Hill,64.2,0.0,0,0
2026-06-07,Nashville,84.7,0.0,0,0
2026-06-08,Nolensville,81.2,0.0,0,0
2026-06-08,Franklin,81.4,0.0,0,0
2026-06-08,Brentwood,88.5,0.0,0,0
2026-06-08,Spring Hill,90.6,0.18,1,0
2026-06-08,Nashville,74.5,0.04,1,0
2026-06-09,Nolensville,69.9,1.05,1,1
2026-06-09,Franklin,100.5,0.0,0,0
2026-06-09,Brentwood,78.6,0.0,0,0
2026-06-09,Spring Hill,84.0,0.0,0,0
2026-06-09,Nashville,80.1,0.7,1,0
2026-06-10,Nolensville,78.3,0.0,0,0
2026-06-10,Franklin,88.2,1.96,1,0
2026-06-10,Brentwood,88.1,0.26,1,0
2026-06-10,Spring Hill,65.6,0.0,0,0
2026-06-10,Nashville,82.7,0.3,1,0
2026-06-11,Nolensville,82.2,0.07,1,0
2026-06-11,Franklin,82.3,0.01,1,0
2026-06-11,Brentwood,80.7,0.54,1,0
2026-06-11,Spring Hill,94.8,0.0,0,0
2026-06-11,Nashville,93.3,0.08,1,0
2026-06-12,Nolensville,73.5,0.0,0,0
2026-06-12,Franklin,84.7,0.0,0,0
2026-06-12,Brentwood,83.6,0.0,0,0
2026-06-12,Spring Hill,87.6,0.0,0,0
2026-06-12,Nashville,79.1,0.29,1,0
2026-06-13,Nolensville,83.4,0.0,0,0
2026-06-13,Franklin,80.9,0.0,0,0
2026-06-13,Brentwood,72.0,0.0,0,0
2026-06-13,Spring Hill,88.6,0.0,0,0
2026-06-13,Nashville,84.8,0.0,0,0
2026-06-14,Nolensville,89.1,0.0,0,0
2026-06-14,Franklin,90.9,0.0,0,0
2026-06-14,Brentwood,82.8,0.53,1,0
2026-06-14,Spring Hill,95.0,0.0,0,0
2026-06-14,Nashville,97.6,0.37,1,0
2026-06-15,Nolensville,86.2,0.0,0,0
2026-06-15,Franklin,85.5,0.0,0,0
2026-06-15,Brentwood,87.3,0.66,1,0
2026-06-15,Spring Hill,85.3,1.23,1,0
2026-06-15,Nashville,85.2,0.0,0,0
2026-06-16,Nolensville,87.7,0.0,0,0
2026-06-16,Franklin,78.5,0.0,0,0
2026-06-16,Brentwood,76.2,0.0,0,0
2026-06-16,Spring Hill,84.1,0.0,0,0
2026-06-16,Nashville,80.0,0.0,0,0
2026-06-17,Nolensville,89.5,0.04,1,0
2026-06-17,Franklin,90.7,0.0,0,0
2026-06-17,Brentwood,87.8,0.0,0,0
2026-06-17,Spring Hill,95.3,0.38,1,0
2026-06-17,Nashville,89.0,0.0,0,0
2026-06-18,Nolensville,67.7,0.0,0,0
2026-06-18,Franklin,89.9,0.0,0,0
2026-06-18,Brentwood,92.7,0.0,0,0
2026-06-18,Spring Hill,84.9,0.0,0,0
2026-06-18,Nashville,80.3,0.0,0,0
2026-06-19,Nolensville,85.9,0.0,0,0
2026-06-19,Franklin,90.7,0.0,0,0
2026-06-19,Brentwood,91.7,0.03,1,0
2026-06-19,Spring Hill,104.3,0.0,0,0
2026-06-19,Nashville,80.1,0.0,0,0
2026-06-20,Nolensville,89.1,0.0,0,0
2026-06-20,Franklin,93.6,0.0,0,0
2026-06-20,Brentwood,83.4,0.77,1,0
2026-06-20,Spring Hill,72.1,0.0,0,0
2026-06-20,Nashville,69.7,0.0,0,0
2026-06-21,Nolensville,92.3,0.0,0,0
2026-06-21,Franklin,91.3,0.43,1,0
2026-06-21,Brentwood,90.7,0.0,0,0
2026-06-21,Spring Hill,96.0,0.0,0,0
2026-06-21,Nashville,93.8,0.29,1,0
2026-06-22,Nolensville,85.8,0.24,1,0
2026-06-22,Franklin,81.7,0.61,1,0
2026-06-22,Brentwood,82.5,0.61,1,0
2026-06-22,Spring Hill,83.4,0.0,0,0
2026-06-22,Nashville,84.4,0.0,0,0
2026-06-23,Nolensville,78.2,0.0,0,0
2026-06-23,Franklin,89.7,0.0,0,0
2026-06-23,Brentwood,71.7,0.81,1,0
2026-06-23,Spring Hill,78.1,0.07,1,0
2026-06-23,Nashville,83.1,0.0,0,0
2026-06-24,Nolensville,103.8,0.18,1,0
2026-06-24,Franklin,96.7,0.0,0,0
2026-06-24,Brentwood,75.6,0.0,0,0
2026-06-24,Spring Hill,70.8,0.0,0,0
2026-06-24,Nashville,72.6,0.3,1,0
2026-06-25,Nolensville,82.2,0.0,0,0
2026-06-25,Franklin,89.1,0.0,0,0
2026-06-25,Brentwood,75.4,0.0,0,0
2026-06-25,Spring Hill,78.4,0.0,0,0
2026-06-25,Nashville,98.2,0.0,0,0
2026-06-26,Nolensville,91.2,0.0,0,0
2026-06-26,Franklin,82.6,0.0,0,0
2026-06-26,Brentwood,90.5,0.0,0,0
2026-06-26,Spring Hill,81.9,0.0,0,0
2026-06-26,Nashville,86.9,0.0,0,0
2026-06-27,Nolensville,91.9,0.18,1,0
2026-06-27,Franklin,82.5,0.0,0,0
2026-06-27,Brentwood,76.0,0.03,1,0
2026-06-27,Spring Hill,83.1,0.38,1,0
2026-06-27,Nashville,97.2,0.0,0,0
2026-06-28,Nolensville,85.6,0.69,1,0
2026-06-28,Franklin,87.1,0.0,0,0
2026-06-28,Brentwood,71.2,0.28,1,0
2026-06-28,Spring Hill,88.1,0.0,0,0
2026-06-28,Nashville,88.1,0.0,0,0
2026-06-29,Nolensville,83.9,0.0,0,0
2026-06-29,Franklin,86.7,0.0,0,0
2026-06-29,Brentwood,90.2,0.0,0,0
2026-06-29,Spring Hill,73.7,0.0,0,0
2026-06-29,Nashville,90.3,0.03,1,0
2026-06-30,Nolensville,73.5,0.0,0,0
2026-06-30,Franklin,84.8,0.0,0,0
2026-06-30,Brentwood,87.1,0.0,0,0
2026-06-30,Spring Hill,83.9,0.08,1,0
2026-06-30,Nashville,74.8,0.33,1,0
2026-07-01,Nolensville,109.5,0.0,0,0
2026-07-01,Franklin,87.1,0.0,0,0
2026-07-01,Brentwood,85.3,0.62,1,0
2026-07-01,Spring Hill,86.7,0.0,0,0
2026-07-01,Nashville,78.2,0.2,1,0
2026-07-02,Nolensville,91.9,0.0,0,0
2026-07-02,Franklin,86.2,0.0,0,0
2026-07-02,Brentwood,91.8,0.57,1,0
2026-07-02,Spring Hill,86.7,0.29,1,0
2026-07-02,Nashville,85.8,0.0,0,0
2026-07-03,Nolensville,91.9,0.0,0,0
2026-07-03,Franklin,85.6,0.0,0,0
2026-07-03,Brentwood,91.2,0.37,1,0
2026-07-03,Spring Hill,74.8,0.0,0,0
2026-07-03,Nashville,91.6,0.0,0,0
2026-07-04,Nolensville,88.8,0.84,1,0
2026-07-04,Franklin,82.5,0.0,0,0
2026-07-04,Brentwood,92.8,0.0,0,0
2026-07-04,Spring Hill,93.8,0.0,0,0
2026-07-04,Nashville,80.7,0.0,0,0
2026-07-05,Nolensville,81.7,0.0,0,0
2026-07-05,Franklin,102.4,0.15,1,0
2026-07-05,Brentwood,91.3,0.0,0,0
2026-07-05,Spring Hill,84.0,0.09,1,0
2026-07-05,Nashville,88.1,0.15,1,0
2026-07-06,Nolensville,92.3,0.26,1,0
2026-07-06,Franklin,98.7,0.0,0,0
2026-07-06,Brentwood,78.7,0.0,0,0
2026-07-06,Spring Hill,95.5,0.0,0,0
2026-07-06,Nashville,87.3,0.28,1,0
2026-07-07,Nolensville,79.4,0.2,1,0
2026-07-07,Franklin,89.7,0.44,1,0
2026-07-07,Brentwood,76.5,0.0,0,0
2026-07-07,Spring Hill,84.5,0.0,0,0
2026-07-07,Nashville,101.2,0.0,0,0
2026-07-08,Nolensville,81.4,0.0,0,0
2026-07-08,Franklin,94.1,0.0,0,0
2026-07-08,Brentwood,85.5,0.0,0,0
2026-07-08,Spring Hill,88.0,0.0,0,0
2026-07-08,Nashville,77.2,0.0,0,0
2026-07-09,Nolensville,86.2,0.0,0,0
2026-07-09,Franklin,89.6,0.29,1,0
2026-07-09,Brentwood,86.6,0.5,1,0
2026-07-09,Spring Hill,78.7,0.0,0,0
2026-07-09,Nashville,90.0,0.0,0,0
2026-07-10,Nolensville,73.1,0.0,0,0
2026-07-10,Franklin,96.2,0.25,1,0
2026-07-10,Brentwood,93.6,0.0,0,0
2026-07-10,Spring Hill,68.6,0.52,1,0
2026-07-10,Nashville,82.5,0.0,0,0
2026-07-11,Nolensville,88.1,0.0,0,0
2026-07-11,Franklin,92.6,0.0,0,0
2026-07-11,Brentwood,87.4,0.0,0,0
2026-07-11,Spring Hill,91.7,0.0,0,0
2026-07-11,Nashville,85.6,0.0,0,0
2026-07-12,Nolensville,96.8,0.0,0,0
2026-07-12,Franklin,86.8,0.26,1,0
2026-07-12,Brentwood,87.1,0.0,0,0
2026-07-12,Spring Hill,87.9,0.0,0,0
2026-07-12,Nashville,79.0,0.0,0,0
2026-07-13,Nolensville,81.2,0.67,1,0
2026-07-13,Franklin,93.6,0.0,0,0
2026-07-13,Brentwood,93.1,0.0,0,0
2026-07-13,Spring Hill,91.0,0.0,0,0
2026-07-13,Nashville,84.3,0.15,1,0
2026-07-14,Nolensville,87.6,0.0,0,0
2026-07-14,Franklin,95.9,0.0,0,0
2026-07-14,Brentwood,89.2,0.09,1,0
2026-07-14,Spring Hill,77.7,0.0,0,0
2026-07-14,Nashville,93.8,0.96,1,0
2026-07-15,Nolensville,93.4,0.25,1,0
2026-07-15,Franklin,93.2,0.0,0,0
2026-07-15,Brentwood,83.1,0.0,0,0
2026-07-15,Spring Hill,94.3,0.0,0,0
2026-07-15,Nashville,86.6,0.0,0,0
2026-07-16,Nolensville,90.9,0.0,0,0
2026-07-16,Franklin,84.2,0.0,0,0
2026-07-16,Brentwood,84.2,0.03,1,0
2026-07-16,Spring Hill,91.6,0.0,0,0
2026-07-16,Nashville,92.2,0.0,0,0
2026-07-17,Nolensville,102.6,0.0,0,0
2026-07-17,Franklin,76.7,0.0,0,0
2026-07-17,Brentwood,83.1,0.33,1,0
2026-07-17,Spring Hill,98.8,1.44,1,0
2026-07-17,Nashville,95.4,0.0,0,0
2026-07-18,Nolensville,82.7,0.27,1,0
2026-07-18,Franklin,79.7,0.69,1,0
2026-07-18,Brentwood,82.2,0.0,0,0
2026-07-18,Spring Hill,82.3,0.0,0,0
2026-07-18,Nashville,90.4,0.0,0,0
2026-07-19,Nolensville,72.5,0.05,1,0
2026-07-19,Franklin,92.8,0.0,0,0
2026-07-19,Brentwood,81.1,0.0,0,0
2026-07-19,Spring Hill,104.5,0.0,0,0
2026-07-19,Nashville,89.0,0.02,1,0
2026-07-20,Nolensville,70.4,0.0,0,0
2026-07-20,Franklin,98.7,0.0,0,0
2026-07-20,Brentwood,88.9,0.0,0,0
2026-07-20,Spring Hill,86.5,0.0,0,0
2026-07-20,Nashville,88.9,0.02,1,0
2026-07-21,Nolensville,87.5,0.1,1,0
2026-07-21,Franklin,87.1,0.0,0,0
2026-07-21,Brentwood,84.5,0.0,0,0
2026-07-21,Spring Hill,88.6,0.21,1,0
2026-07-21,Nashville,84.0,0.0,0,0
2026-07-22,Nolensville,80.8,0.0,0,0
2026-07-22,Franklin,76.0,0.02,1,0
2026-07-22,Brentwood,78.5,0.0,0,0
2026-07-22,Spring Hill,92.2,0.0,0,0
2026-07-22,Nashville,80.5,0.13,1,0
2026-07-23,Nolensville,83.0,0.0,0,0
2026-07-23,Franklin,84.6,0.0,0,0
2026-07-23,Brentwood,90.9,0.0,0,0
2026-07-23,Spring Hill,85.4,0.59,1,0
2026-07-23,Nashville,78.6,0.0,0,0
2026-07-24,Nolensville,92.8,0.0,0,0
2026-07-24,Franklin,97.7,0.28,1,0
2026-07-24,Brentwood,80.0,0.0,0,0
2026-07-24,Spring Hill,91.1,0.0,0,0
2026-07-24,Nashville,87.5,0.0,0,0
2026-07-25,Nolensville,89.7,0.0,0,0
2026-07-25,Franklin,93.8,0.19,1,0
2026-07-25,Brentwood,83.8,0.0,0,0
2026-07-25,Spring Hill,106.3,0.45,1,0
2026-07-25,Nashville,95.1,0.0,0,0
2026-07-26,Nolensville,93.4,0.0,0,0
2026-07-26,Franklin,95.2,0.39,1,0
2026-07-26,Brentwood,94.3,0.0,0,0
2026-07-26,Spring Hill,83.0,0.0,0,0
2026-07-26,Nashville,75.8,0.1,1,0
2026-07-27,Nolensville,86.5,0.0,0,0
2026-07-27,Franklin,85.6,0.28,1,0
2026-07-27,Brentwood,82.6,0.0,0,0
2026-07-27,Spring Hill,73.3,0.18,1,0
2026-07-27,Nashville,77.8,0.0,0,0
2026-07-28,Nolensville,87.3,0.0,0,0
2026-07-28,Franklin,90.3,0.18,1,0
2026-07-28,Brentwood,79.6,0.3,1,0
2026-07-28,Spring Hill,106.9,0.0,0,0
2026-07-28,Nashville,91.1,0.0,0,0
2026-07-29,Nolensville,91.7,0.0,0,0
2026-07-29,Franklin,83.9,0.0,0,0
2026-07-29,Brentwood,81.7,0.0,0,0
2026-07-29,Spring Hill,95.3,0.0,1,0
2026-07-29,Nashville,82.4,0.0,0,0
2026-07-30,Nolensville,99.5,0.0,0,0
2026-07-30,Franklin,86.9,0.03,1,0
2026-07-30,Brentwood,90.5,0.18,1,0
2026-07-30,Spring Hill,75.1,0.0,0,0
2026-07-30,Nashville,89.1,0.0,0,0
2026-07-31,Nolensville,88.1,0.0,0,0
2026-07-31,Franklin,87.6,0.44,1,0
2026-07-31,Brentwood,79.2,0.0,0,0
2026-07-31,Spring Hill,89.8,0.0,0,0
2026-07-31,Nashville,88.6,0.7,1,0
2026-08-01,Nolensville,81.3,0.0,0,0
2026-08-01,Franklin,95.4,0.57,1,0
2026-08-01,Brentwood,85.6,0.0,0,0
2026-08-01,Spring Hill,86.6,0.28,1,0
2026-08-01,Nashville,91.7,0.0,0,0
2026-08-02,Nolensville,84.5,0.0,0,0
2026-08-02,Franklin,94.1,0.0,0,0
2026-08-02,Brentwood,89.7,0.0,0,0
2026-08-02,Spring Hill,101.0,0.13,1,0
2026-08-02,Nashville,91.0,0.0,0,0
2026-08-03,Nolensville,77.0,0.23,1,0
2026-08-03,Franklin,90.1,0.0,0,0
2026-08-03,Brentwood,91.4,0.0,0,0
2026-08-03,Spring Hill,84.0,0.76,1,0
2026-08-03,Nashville,96.6,0.0,0,0
2026-08-04,Nolensville,81.8,0.0,0,0
2026-08-04,Franklin,85.3,0.0,0,0
2026-08-04,Brentwood,84.6,0.0,0,0
2026-08-04,Spring Hill,82.9,0.0,0,0
2026-08-04,Nashville,96.1,0.0,0,0
2026-08-05,Nolensville,96.0,0.22,1,0
2026-08-05,Franklin,90.9,0.0,0,0
2026-08-05,Brentwood,94.0,0.0,0,0
2026-08-05,Spring Hill,88.2,0.0,0,0
2026-08-05,Nashville,84.3,0.0,0,0
2026-08-06,Nolensville,81.4,0.0,0,0
2026-08-06,Franklin,91.6,0.0,0,0
2026-08-06,Brentwood,77.5,0.0,0,0
2026-08-06,Spring Hill,84.5,0.0,0,0
2026-08-06,Nashville,83.3,0.05,1,0
2026-08-07,Nolensville,85.9,0.0,0,0
2026-08-07,Franklin,85.2,0.09,1,0
2026-08-07,Brentwood,95.8,0.0,0,0
2026-08-07,Spring Hill,91.7,0.29,1,0
2026-08-07,Nashville,92.8,0.0,0,0
2026-08-08,Nolensville,94.6,0.0,0,0
2026-08-08,Franklin,96.1,0.0,0,0
2026-08-08,Brentwood,81.7,0.0,0,0
2026-08-08,Spring Hill,92.8,0.0,0,0
2026-08-08,Nashville,85.2,0.0,0,0
2026-08-09,Nolensville,88.0,0.14,1,0
2026-08-09,Franklin,86.4,0.0,0,0
2026-08-09,Brentwood,92.9,0.0,0,0
2026-08-09,Spring Hill,98.1,0.0,0,0
2026-08-09,Nashville,85.7,0.0,0,0
2026-08-10,Nolensville,80.2,0.0,0,0
2026-08-10,Franklin,99.4,0.0,0,0
2026-08-10,Brentwood,81.5,0.0,0,0
2026-08-10,Spring Hill,75.0,0.0,0,0
2026-08-10,Nashville,82.6,0.0,0,0
2026-08-11,Nolensville,71.1,0.0,0,0
2026-08-11,Franklin,94.2,0.11,1,0
2026-08-11,Brentwood,78.5,0.31,1,0
2026-08-11,Spring Hill,98.1,0.0,0,0
2026-08-11,Nashville,89.8,0.0,0,0
2026-08-12,Nolensville,77.4,0.0,0,0
2026-08-12,Franklin,102.3,0.0,0,0
2026-08-12,Brentwood,88.9,0.0,0,0
2026-08-12,Spring Hill,93.4,0.0,0,0
2026-08-12,Nashville,76.0,1.3,1,1
2026-08-13,Nolensville,82.3,0.0,0,0
2026-08-13,Franklin,87.5,0.0,0,0
2026-08-13,Brentwood,92.5,0.0,0,0
2026-08-13,Spring Hill,85.6,0.0,0,0
2026-08-13,Nashville,82.1,0.0,0,0
2026-08-14,Nolensville,83.4,0.0,0,0
2026-08-14,Franklin,89.6,0.0,0,0
2026-08-14,Brentwood,92.6,0.0,0,0
2026-08-14,Spring Hill,79.5,0.0,0,0
2026-08-14,Nashville,76.9,0.0,0,0
2026-08-15,Nolensville,84.4,0.0,0,0
2026-08-15,Franklin,88.0,0.0,0,0
2026-08-15,Brentwood,89.1,0.0,0,0
2026-08-15,Spring Hill,87.9,0.0,0,0
2026-08-15,Nashville,95.4,0.21,1,0
2026-08-16,Nolensville,99.6,0.0,0,0
2026-08-16,Franklin,82.6,0.71,1,0
2026-08-16,Brentwood,79.9,0.0,0,0
2026-08-16,Spring Hill,87.8,0.0,0,0
2026-08-16,Nashville,95.3,0.0,0,0
2026-08-17,Nolensville,87.0,0.14,1,0
2026-08-17,Franklin,82.3,0.0,0,0
2026-08-17,Brentwood,82.6,0.0,0,0
2026-08-17,Spring Hill,83.8,0.0,0,0
2026-08-17,Nashville,99.0,0.0,0,0
2026-08-18,Nolensville,78.0,0.0,0,0
2026-08-18,Franklin,88.4,0.58,1,0
2026-08-18,Brentwood,81.9,0.0,0,0
2026-08-18,Spring Hill,93.7,0.0,0,0
2026-08-18,Nashville,81.3,0.0,0,0
2026-08-19,Nolensville,85.4,0.17,1,0
2026-08-19,Franklin,88.7,0.0,0,0
2026-08-19,Brentwood,96.4,0.0,0,0
2026-08-19,Spring Hill,83.5,0.0,0,0
2026-08-19,Nashville,90.3,0.0,0,0
2026-08-20,Nolensville,89.2,0.0,0,0
2026-08-20,Franklin,89.0,0.0,0,0
2026-08-20,Brentwood,85.2,0.48,1,0
2026-08-20,Spring Hill,89.2,0.21,1,0
2026-08-20,Nashville,98.6,0.0,0,0
2026-08-21,Nolensville,93.8,0.0,0,0
2026-08-21,Franklin,89.1,0.0,0,0
2026-08-21,Brentwood,81.5,0.0,0,0
2026-08-21,Spring Hill,99.1,0.0,0,0
2026-08-21,Nashville,94.9,0.0,0,0
2026-08-22,Nolensville,84.1,0.0,0,0
2026-08-22,Franklin,87.3,0.0,0,0
2026-08-22,Brentwood,85.7,0.18,1,0
2026-08-22,Spring Hill,85.8,0.0,0,0
2026-08-22,Nashville,74.2,0.0,0,0
2026-08-23,Nolensville,85.2,0.0,0,0
2026-08-23,Franklin,85.1,0.0,0,0
2026-08-23,Brentwood,92.1,0.0,0,0
2026-08-23,Spring Hill,94.6,0.0,0,0
2026-08-23,Nashville,92.7,0.0,0,0
2026-08-24,Nolensville,90.5,0.12,1,0
2026-08-24,Franklin,72.8,0.0,0,0
2026-08-24,Brentwood,89.1,0.0,0,0
2026-08-24,Spring Hill,94.3,0.0,0,0
2026-08-24,Nashville,96.4,0.08,1,0
2026-08-25,Nolensville,91.7,0.05,1,0
2026-08-25,Franklin,80.0,0.0,0,0
2026-08-25,Brentwood,84.1,0.0,0,0
2026-08-25,Spring Hill,72.1,0.0,0,0
2026-08-25,Nashville,97.0,0.0,0,0
2026-08-26,Nolensville,85.9,0.14,1,0
2026-08-26,Franklin,77.9,0.0,0,0
2026-08-26,Brentwood,90.6,0.09,1,0
2026-08-26,Spring Hill,92.1,0.0,0,0
2026-08-26,Nashville,77.9,0.49,1,0
2026-08-27,Nolensville,92.5,0.0,0,0
2026-08-27,Franklin,80.5,0.17,1,0
2026-08-27,Brentwood,76.2,0.0,0,0
2026-08-27,Spring Hill,94.1,0.6,1,0
2026-08-27,Nashville,83.1,0.0,0,0
2026-08-28,Nolensville,99.2,0.0,0,0
2026-08-28,Franklin,91.7,0.13,1,0
2026-08-28,Brentwood,88.0,0.0,0,0
2026-08-28,Spring Hill,83.8,0.0,0,0
2026-08-28,Nashville,90.7,0.0,0,0
2026-08-29,Nolensville,87.8,0.0,0,0
2026-08-29,Franklin,92.4,0.0,0,0
2026-08-29,Brentwood,97.7,0.0,0,0
2026-08-29,Spring Hill,91.7,0.09,1,0
2026-08-29,Nashville,87.4,0.0,0,0
2026-08-30,Nolensville,90.5,0.5,1,0
2026-08-30,Franklin,81.4,0.0,0,0
2026-08-30,Brentwood,85.9,0.0,0,0
2026-08-30,Spring Hill,91.2,0.0,0,0
2026-08-30,Nashville,79.1,0.0,0,0
2026-08-31,Nolensville,84.5,0.0,0,0
2026-08-31,Franklin,93.1,0.0,0,0
2026-08-31,Brentwood,96.8,0.0,0,0
2026-08-31,Spring Hill,86.2,0.0,0,0
2026-08-31,Nashville,74.9,0.0,0,0
